GO:0002764	40
GO:0005576	2573
GO:0005615	1789
GO:0005886	5714
GO:0031093	67
GO:0034774	121
GO:0070062	2213
GO:0072562	142
GO:1904813	125
GO:0001869	2
GO:0002020	109
GO:0004866	48
GO:0004867	102
GO:0005102	420
GO:0005515	13741
GO:0019838	49
GO:0019899	405
GO:0019959	3
GO:0019966	7
GO:0030414	131
GO:0031012	460
GO:0043120	7
GO:0048306	82
GO:0048863	63
GO:0004060	3
GO:0005737	7516
GO:0005829	5562
GO:0006805	120
GO:0016407	20
GO:0016740	1894
GO:0016746	178
GO:0046990	1
GO:0003677	2301
GO:0005634	6847
GO:0006953	37
GO:0006954	467
GO:0019216	41
GO:0030277	16
GO:0034097	56
GO:0035578	91
GO:0003824	349
GO:0004806	22
GO:0005783	1702
GO:0005789	1188
GO:0006629	840
GO:0010898	8
GO:0016020	8530
GO:0016298	25
GO:0016787	1822
GO:0017171	7
GO:0019213	13
GO:0052689	53
GO:0001525	284
GO:0008201	170
GO:0009986	684
GO:0010595	66
GO:0014909	9
GO:0015630	269
GO:0030154	1057
GO:0045171	98
GO:0004059	1
GO:0006474	8
GO:0007623	82
GO:0008080	15
GO:0009416	28
GO:0009648	3
GO:0010043	27
GO:0016747	44
GO:0030187	2
GO:0032868	83
GO:0034695	11
GO:0046219	2
GO:0046688	12
GO:0048471	718
GO:0048511	148
GO:0051412	14
GO:0051591	34
GO:0051592	55
GO:0071320	58
GO:0071889	32
GO:1901652	11
GO:0000049	82
GO:0000166	1832
GO:0002161	13
GO:0002196	2
GO:0003676	617
GO:0003723	1562
GO:0004812	40
GO:0004813	3
GO:0005524	1480
GO:0006400	33
GO:0006412	311
GO:0006418	36
GO:0006419	3
GO:0008033	107
GO:0008270	2153
GO:0016597	14
GO:0016874	137
GO:0021680	12
GO:0030330	48
GO:0035329	28
GO:0035332	21
GO:0043039	13
GO:0043524	160
GO:0046872	4028
GO:0050885	53
GO:0050905	42
GO:0051402	98
GO:0106074	13
GO:0140018	1
GO:0141207	2
GO:1901797	17
GO:0001666	176
GO:0005739	1784
GO:0005759	440
GO:0007620	2
GO:0007626	99
GO:0008483	23
GO:0009410	248
GO:0009448	3
GO:0009449	6
GO:0009450	2
GO:0010039	18
GO:0014053	2
GO:0021549	55
GO:0030170	56
GO:0031652	5
GO:0032024	60
GO:0032144	1
GO:0032145	1
GO:0033602	4
GO:0034386	1
GO:0035094	40
GO:0035640	25
GO:0042220	35
GO:0042802	1787
GO:0045471	110
GO:0045776	28
GO:0045964	4
GO:0047298	1
GO:0050877	53
GO:0051536	74
GO:0070474	7
GO:0097151	6
GO:1902722	2
GO:1904450	2
GO:0002790	4
GO:0005548	17
GO:0005768	804
GO:0005794	1455
GO:0006911	27
GO:0007040	65
GO:0007186	1036
GO:0007189	161
GO:0007584	63
GO:0008035	13
GO:0008202	135
GO:0008203	107
GO:0008320	27
GO:0009306	65
GO:0009897	386
GO:0010745	14
GO:0010875	27
GO:0010887	11
GO:0015485	55
GO:0015850	3
GO:0015914	47
GO:0016197	74
GO:0016323	269
GO:0016887	404
GO:0019905	51
GO:0023061	3
GO:0030139	73
GO:0030301	28
GO:0031210	32
GO:0031267	288
GO:0031667	79
GO:0032367	13
GO:0032489	12
GO:0033344	31
GO:0033552	2
GO:0033700	13
GO:0034185	17
GO:0034186	5
GO:0034188	2
GO:0034380	10
GO:0034616	5
GO:0038027	6
GO:0042157	26
GO:0042158	6
GO:0042626	32
GO:0042632	112
GO:0043231	170
GO:0043691	17
GO:0045121	217
GO:0045332	27
GO:0045335	83
GO:0046623	1
GO:0051117	89
GO:0051649	147
GO:0055085	559
GO:0055091	17
GO:0060155	25
GO:0071222	187
GO:0071300	69
GO:0071345	53
GO:0071397	21
GO:0071404	23
GO:0071466	65
GO:0071806	19
GO:0090107	3
GO:0090108	2
GO:0090554	8
GO:0090556	9
GO:0097708	21
GO:0099039	2
GO:0120020	25
GO:0140115	10
GO:0140326	21
GO:0140328	5
GO:0140359	44
GO:0001573	5
GO:0005319	28
GO:0005764	522
GO:0005765	406
GO:0005815	104
GO:0006684	5
GO:0006687	8
GO:0006869	190
GO:0010008	300
GO:0010556	6
GO:0019218	5
GO:0031410	911
GO:0032289	6
GO:0032383	4
GO:0032384	1
GO:0032805	3
GO:0042986	4
GO:0043190	6
GO:0045540	12
GO:0045939	3
GO:0046512	16
GO:0048545	30
GO:0051247	24
GO:0060049	4
GO:0061135	1
GO:0070723	10
GO:0071072	2
GO:0090155	1
GO:0090156	5
GO:0090370	26
GO:0099038	3
GO:0099040	3
GO:0150104	85
GO:1901873	2
GO:1902004	21
GO:1902993	11
GO:1904375	1
GO:1905601	5
GO:2000008	10
GO:0005770	164
GO:0006855	17
GO:0008559	14
GO:0012505	282
GO:0030324	108
GO:0030659	184
GO:0031902	168
GO:0032368	5
GO:0032464	1
GO:0032585	29
GO:0034204	4
GO:0042599	9
GO:0042908	27
GO:0043129	18
GO:0046470	23
GO:0046471	12
GO:0046618	3
GO:0046890	10
GO:0051384	53
GO:0070925	6
GO:0097208	6
GO:0097232	1
GO:0097233	3
GO:0120009	38
GO:0120019	7
GO:0140345	5
GO:0150172	2
GO:1902995	4
GO:2001140	7
GO:0005743	498
GO:0006879	71
GO:0015232	9
GO:0015886	7
GO:0016226	27
GO:0034755	11
GO:0042803	737
GO:0070455	3
GO:0140466	1
GO:0140481	1
GO:1903331	1
GO:1903427	18
GO:0005635	221
GO:0005654	4024
GO:0006413	75
GO:0008135	22
GO:0008494	14
GO:0042254	123
GO:0043022	77
GO:0045727	86
GO:0001523	38
GO:0001750	77
GO:0003924	341
GO:0005501	10
GO:0005502	7
GO:0005503	5
GO:0006649	3
GO:0007601	215
GO:0007603	13
GO:0034632	3
GO:0034633	3
GO:0042574	19
GO:0042995	1378
GO:0045494	45
GO:0090555	5
GO:0097381	26
GO:0120202	1
GO:0140327	2
GO:0140347	1
GO:0000278	142
GO:0000287	233
GO:0000400	17
GO:0000405	8
GO:0001726	109
GO:0001784	47
GO:0001843	85
GO:0001922	4
GO:0002252	4
GO:0002322	6
GO:0002333	2
GO:0002429	6
GO:0003713	289
GO:0003785	29
GO:0004515	4
GO:0004672	518
GO:0004674	412
GO:0004713	131
GO:0004715	45
GO:0005080	50
GO:0005730	1446
GO:0005856	1538
GO:0006281	421
GO:0006298	30
GO:0006355	1457
GO:0006897	223
GO:0006909	85
GO:0006914	221
GO:0006915	748
GO:0006974	579
GO:0006979	146
GO:0007155	666
GO:0007173	64
GO:0007204	137
GO:0007229	100
GO:0007249	62
GO:0007611	72
GO:0008047	79
GO:0008306	40
GO:0008630	54
GO:0009791	82
GO:0010468	405
GO:0010506	73
GO:0010557	29
GO:0014069	261
GO:0015629	301
GO:0016301	643
GO:0016604	381
GO:0019901	479
GO:0019904	225
GO:0021587	5
GO:0022408	17
GO:0030035	4
GO:0030036	234
GO:0030041	34
GO:0030100	38
GO:0030145	69
GO:0030155	61
GO:0030182	223
GO:0030425	484
GO:0030426	142
GO:0030509	88
GO:0030514	76
GO:0030516	13
GO:0030845	2
GO:0031113	16
GO:0031252	65
GO:0031965	266
GO:0032729	77
GO:0032743	37
GO:0032956	104
GO:0032991	773
GO:0033554	45
GO:0033690	13
GO:0034446	46
GO:0034599	111
GO:0034976	113
GO:0035556	474
GO:0035791	6
GO:0036211	84
GO:0038096	23
GO:0038189	3
GO:0038191	18
GO:0042100	38
GO:0042127	201
GO:0042169	41
GO:0042770	21
GO:0043025	369
GO:0043065	326
GO:0043123	232
GO:0043525	65
GO:0043539	71
GO:0043542	48
GO:0045580	17
GO:0045595	54
GO:0045785	68
GO:0045907	27
GO:0045930	28
GO:0045931	36
GO:0045944	1211
GO:0046632	12
GO:0046875	28
GO:0048008	33
GO:0048013	51
GO:0048146	55
GO:0048536	42
GO:0048538	50
GO:0050798	10
GO:0050852	121
GO:0050853	56
GO:0051015	211
GO:0051019	22
GO:0051281	32
GO:0051444	3
GO:0051450	12
GO:0051496	53
GO:0051726	263
GO:0051882	7
GO:0051894	30
GO:0060020	11
GO:0060038	28
GO:0060563	12
GO:0070064	18
GO:0070097	11
GO:0070301	69
GO:0070371	55
GO:0070373	84
GO:0070374	201
GO:0071103	2
GO:0071560	67
GO:0071871	3
GO:0072359	24
GO:0090050	37
GO:0090398	57
GO:0097100	6
GO:0097706	5
GO:0098609	218
GO:0098794	239
GO:0098978	576
GO:0099150	4
GO:0141214	5
GO:1900006	16
GO:1900026	44
GO:1900272	13
GO:1901701	16
GO:1902036	11
GO:1902531	40
GO:1903053	12
GO:1903055	4
GO:1903210	2
GO:1903351	8
GO:1903905	4
GO:1904157	2
GO:1904518	1
GO:1905244	3
GO:1905555	6
GO:1990837	626
GO:2000042	30
GO:2000096	9
GO:2000145	20
GO:2000352	39
GO:2000406	23
GO:2000772	14
GO:2000773	26
GO:0005507	57
GO:0005509	710
GO:0005777	137
GO:0005923	132
GO:0008131	6
GO:0009308	8
GO:0009445	1
GO:0016491	608
GO:0035580	62
GO:0048038	12
GO:0050232	1
GO:0052597	1
GO:0052598	1
GO:0007165	2133
GO:0007200	120
GO:0010976	121
GO:0018108	39
GO:0035024	25
GO:0000139	704
GO:0003823	121
GO:0004380	1
GO:0004381	1
GO:0005975	176
GO:0006486	181
GO:0016757	238
GO:0016758	30
GO:0031982	191
GO:0032580	91
GO:0005085	233
GO:0005096	280
GO:0007264	126
GO:0030424	428
GO:0043197	152
GO:0045202	981
GO:0050804	121
GO:0051056	117
GO:0090630	24
GO:0098685	100
GO:0000038	22
GO:0003985	6
GO:0003988	4
GO:0005782	51
GO:0006631	211
GO:0006635	48
GO:0008206	17
GO:0008775	1
GO:0010124	1
GO:0033540	14
GO:0036109	16
GO:0050633	3
GO:0120524	3
GO:0001650	161
GO:0001894	27
GO:0003989	2
GO:0006084	6
GO:0006633	82
GO:0006637	28
GO:0008610	33
GO:0046949	8
GO:0051289	66
GO:0055088	56
GO:0071380	20
GO:2001295	2
GO:0005741	222
GO:0006098	14
GO:0006163	8
GO:0009374	5
GO:0010884	14
GO:0010906	27
GO:0016507	3
GO:0019395	19
GO:0031999	4
GO:0046322	10
GO:0046323	20
GO:0046722	1
GO:0050995	21
GO:0055089	18
GO:0060421	4
GO:0061771	10
GO:0072350	8
GO:0090459	1
GO:0090461	6
GO:0097009	64
GO:1903242	2
GO:0001659	23
GO:0003995	11
GO:0004466	4
GO:0016042	119
GO:0016627	24
GO:0019254	3
GO:0031966	207
GO:0033539	11
GO:0042413	1
GO:0042758	5
GO:0045717	24
GO:0050660	64
GO:0090181	15
GO:0120162	102
GO:0001889	87
GO:0005978	18
GO:0006082	8
GO:0006111	19
GO:0007507	273
GO:0009409	31
GO:0009437	8
GO:0042594	37
GO:0045329	5
GO:0051791	5
GO:0051793	5
GO:0055007	30
GO:0070991	3
GO:0016937	3
GO:0046359	1
GO:0003853	2
GO:0006550	5
GO:0046395	4
GO:0000062	13
GO:0009062	17
GO:0015980	3
GO:0017099	3
GO:0030855	110
GO:0042645	49
GO:0006085	7
GO:0009725	55
GO:0015936	5
GO:0015937	10
GO:0016453	1
GO:0030955	13
GO:0034736	3
GO:0046356	4
GO:0046952	3
GO:0060612	46
GO:0072229	1
GO:0120225	4
GO:1902224	3
GO:1902860	1
GO:0003026	1
GO:0005216	190
GO:0005261	46
GO:0005272	41
GO:0006811	667
GO:0006812	61
GO:0006814	144
GO:0007416	78
GO:0007602	34
GO:0007605	165
GO:0009612	67
GO:0010447	12
GO:0015280	13
GO:0019229	23
GO:0022839	2
GO:0034220	404
GO:0034765	23
GO:0035418	19
GO:0035725	134
GO:0042391	85
GO:0043005	360
GO:0043066	526
GO:0050915	9
GO:0050974	8
GO:0051965	68
GO:0071468	22
GO:0098839	116
GO:0150052	46
GO:0160125	2
GO:0001662	39
GO:0001975	31
GO:0006816	157
GO:0007269	29
GO:0007613	88
GO:0022890	7
GO:0045211	257
GO:0046929	6
GO:0070588	149
GO:0071467	9
GO:0098662	23
GO:0098793	244
GO:0160128	5
GO:0001507	2
GO:0001540	88
GO:0001919	6
GO:0002076	16
GO:0003990	2
GO:0004104	3
GO:0005518	69
GO:0005604	100
GO:0006581	2
GO:0007399	634
GO:0031594	81
GO:0031623	51
GO:0032223	1
GO:0042166	10
GO:0042982	12
GO:0043083	25
GO:0043236	23
GO:0050714	49
GO:0060041	85
GO:0095500	29
GO:0098552	143
GO:0003878	1
GO:0006101	4
GO:0006107	11
GO:0006695	39
GO:0036064	337
GO:0046912	2
GO:0110076	14
GO:0000900	18
GO:0003994	3
GO:0006099	33
GO:0006417	173
GO:0006740	7
GO:0010040	7
GO:0016829	172
GO:0017148	98
GO:0030350	3
GO:0050892	14
GO:0051538	2
GO:0051539	45
GO:0001669	136
GO:0002077	1
GO:0004040	2
GO:0004252	182
GO:0005537	24
GO:0005798	17
GO:0006508	619
GO:0007190	15
GO:0007338	118
GO:0007339	40
GO:0007340	19
GO:0007341	11
GO:0008233	542
GO:0008236	152
GO:0030163	97
GO:0042806	8
GO:0043159	4
GO:0005506	140
GO:0006091	49
GO:0003997	5
GO:0005504	35
GO:0005778	66
GO:0006636	24
GO:0006693	30
GO:0007283	563
GO:0016559	12
GO:0030165	84
GO:0042759	33
GO:0050665	11
GO:0071949	41
GO:0140493	1
GO:1901570	12
GO:0003993	9
GO:0004721	150
GO:0004725	101
GO:0004726	12
GO:0007268	236
GO:0009898	114
GO:0016791	83
GO:0017124	114
GO:0042383	115
GO:0001501	151
GO:0043202	97
GO:0006809	23
GO:0008198	25
GO:0008199	10
GO:0010936	12
GO:0032496	161
GO:0032691	47
GO:0032695	18
GO:0032720	81
GO:0032929	2
GO:0042554	26
GO:0045019	15
GO:0045453	26
GO:0050728	152
GO:0050830	135
GO:0060349	32
GO:0005771	47
GO:0006144	7
GO:0006772	4
GO:0008253	13
GO:0009117	36
GO:0012506	39
GO:0030141	106
GO:0030175	81
GO:0031985	11
GO:0033265	4
GO:0035577	59
GO:0042131	1
GO:0045177	94
GO:0046085	7
GO:0051930	18
GO:0052642	7
GO:0060090	190
GO:0060168	3
GO:0001725	87
GO:0005200	105
GO:0005865	10
GO:0005884	95
GO:0006936	85
GO:0010628	505
GO:0017022	25
GO:0030017	59
GO:0030027	193
GO:0030240	6
GO:0043531	39
GO:0044297	84
GO:0048741	31
GO:0090131	5
GO:0008217	83
GO:0009615	128
GO:0014829	7
GO:0030485	4
GO:0031514	263
GO:0061870	2
GO:0061874	1
GO:0072051	3
GO:0072144	4
GO:2000491	5
GO:0000776	168
GO:0000785	1122
GO:0000786	135
GO:0001738	6
GO:0005903	61
GO:0005911	206
GO:0005912	194
GO:0005925	426
GO:0006338	322
GO:0006357	1614
GO:0007010	164
GO:0007163	43
GO:0007409	125
GO:0008284	537
GO:0016363	131
GO:0016514	30
GO:0016586	15
GO:0019894	44
GO:0021762	46
GO:0030071	34
GO:0030235	8
GO:0030863	28
GO:0030957	10
GO:0031492	42
GO:0034333	13
GO:0035060	14
GO:0035267	32
GO:0035633	34
GO:0036464	86
GO:0042981	254
GO:0043296	31
GO:0044305	20
GO:0045176	16
GO:0045582	40
GO:0045596	77
GO:0045597	83
GO:0045663	47
GO:0045893	779
GO:0048156	44
GO:0048870	48
GO:0050998	12
GO:0051621	2
GO:0051623	1
GO:0070160	40
GO:0070316	25
GO:0070527	49
GO:0071564	14
GO:0071565	16
GO:0071896	5
GO:0072749	1
GO:0097433	5
GO:0098871	10
GO:0098973	11
GO:0098974	20
GO:0140092	10
GO:0140288	14
GO:0141108	3
GO:0150111	4
GO:1900242	20
GO:1902459	48
GO:1903076	27
GO:1905168	46
GO:1990904	397
GO:2000045	57
GO:2000779	28
GO:2000781	47
GO:2000819	28
GO:0000146	38
GO:0007015	154
GO:0030048	21
GO:0031032	30
GO:0031674	27
GO:0033275	2
GO:0055003	13
GO:0055008	13
GO:0060047	23
GO:0060048	43
GO:0060327	5
GO:0005522	10
GO:0030016	50
GO:0030335	293
GO:0031625	304
GO:0031941	32
GO:0045214	43
GO:0051492	18
GO:0051893	26
GO:0071346	75
GO:0090303	30
GO:0120192	8
GO:0120220	1
GO:1902396	6
GO:0032982	23
GO:0071944	106
GO:0000977	389
GO:0001882	3
GO:0003779	391
GO:0005178	149
GO:0015031	667
GO:0016922	45
GO:0030018	134
GO:0030050	6
GO:0030054	206
GO:0030864	58
GO:0031143	17
GO:0031490	87
GO:0032417	3
GO:0033209	60
GO:0035357	12
GO:0042974	16
GO:0044325	145
GO:0048384	24
GO:0055001	23
GO:0070161	417
GO:1900025	14
GO:1901224	66
GO:0000723	66
GO:0001825	23
GO:0003407	18
GO:0003682	492
GO:0006275	45
GO:0006282	63
GO:0006310	110
GO:0006325	452
GO:0021510	31
GO:0031011	16
GO:0033044	21
GO:0045739	47
GO:0045995	47
GO:0048731	74
GO:0060382	16
GO:1904507	15
GO:0003725	76
GO:0005916	8
GO:0008092	71
GO:0017166	12
GO:0030168	69
GO:0030220	24
GO:0036344	3
GO:0048041	28
GO:0048646	30
GO:0051017	38
GO:0051639	9
GO:0099173	13
GO:0099186	2
GO:0005546	86
GO:0008307	43
GO:0030274	7
GO:0031432	13
GO:0043267	8
GO:0043268	9
GO:0051373	5
GO:0051695	1
GO:0055013	25
GO:0070080	2
GO:0072659	152
GO:0086097	3
GO:0099092	18
GO:0099103	8
GO:2000009	12
GO:2001137	6
GO:2001259	5
GO:0014728	3
GO:0014732	5
GO:0014883	9
GO:0014894	7
GO:0031448	2
GO:0045820	16
GO:0048633	5
GO:0048743	8
GO:0070885	15
GO:0090257	2
GO:0090324	7
GO:0120163	48
GO:1900159	3
GO:1901078	4
GO:1903715	8
GO:1904025	2
GO:0001569	33
GO:0001649	137
GO:0001701	252
GO:0001702	17
GO:0001707	38
GO:0001755	47
GO:0002526	9
GO:0003143	9
GO:0003148	28
GO:0003181	13
GO:0003183	11
GO:0003272	12
GO:0003274	5
GO:0003289	5
GO:0004675	12
GO:0005025	5
GO:0007178	33
GO:0007179	112
GO:0007281	40
GO:0007368	83
GO:0007369	38
GO:0007498	41
GO:0009953	47
GO:0009968	78
GO:0016361	7
GO:0017046	39
GO:0030278	15
GO:0030501	42
GO:0032924	22
GO:0032926	12
GO:0045296	318
GO:0045446	18
GO:0045669	79
GO:0046332	50
GO:0048179	7
GO:0048185	11
GO:0050431	24
GO:0051145	18
GO:0051240	35
GO:0060037	21
GO:0060391	42
GO:0060412	41
GO:0060562	6
GO:0060923	5
GO:0061445	1
GO:0062043	5
GO:0070724	4
GO:0071363	76
GO:0071773	33
GO:0098821	8
GO:1902533	44
GO:1990782	43
GO:2000017	2
GO:2000026	15
GO:2000134	58
GO:2001237	41
GO:0000082	85
GO:0001942	48
GO:0009966	103
GO:0010629	340
GO:0017002	4
GO:0018107	21
GO:0030279	27
GO:0030308	115
GO:0030334	123
GO:0032927	6
GO:0034711	4
GO:0038092	15
GO:0043235	208
GO:0045648	37
GO:0046777	113
GO:0051239	30
GO:0070411	16
GO:0097191	57
GO:1901165	7
GO:1902554	20
GO:0001934	62
GO:0007389	60
GO:0008584	118
GO:0009952	112
GO:0015026	62
GO:0016362	3
GO:0032502	47
GO:0034673	3
GO:0042475	56
GO:0042713	4
GO:0043084	2
GO:0045428	10
GO:0048706	52
GO:0060011	6
GO:0000122	1013
GO:0001822	146
GO:0001946	14
GO:0001974	42
GO:0004712	29
GO:0009749	68
GO:0019209	13
GO:0030073	40
GO:0031016	30
GO:0035265	25
GO:0048617	10
GO:0048705	45
GO:0060021	70
GO:0060836	7
GO:0060840	16
GO:0060841	5
GO:0061298	15
GO:0061450	7
GO:1904178	8
GO:0001936	9
GO:0001937	39
GO:0001938	69
GO:0001955	7
GO:0002043	7
GO:0003203	19
GO:0005024	9
GO:0007162	49
GO:0008015	41
GO:0008285	444
GO:0010596	25
GO:0030336	191
GO:0030513	40
GO:0030858	12
GO:0032332	20
GO:0035313	16
GO:0035912	8
GO:0043535	6
GO:0043537	43
GO:0045602	7
GO:0045603	18
GO:0045747	50
GO:0045766	159
GO:0048514	34
GO:0051895	19
GO:0061154	8
GO:0090500	3
GO:1903348	10
GO:0004046	5
GO:0006520	37
GO:0003998	2
GO:0006796	25
GO:0000255	9
GO:0001829	18
GO:0001890	48
GO:0002314	9
GO:0002467	10
GO:0002636	2
GO:0002686	9
GO:0002901	1
GO:0002906	4
GO:0004000	10
GO:0006154	4
GO:0006157	3
GO:0006196	5
GO:0006939	24
GO:0009168	7
GO:0010460	25
GO:0014074	7
GO:0019239	9
GO:0019722	114
GO:0030217	54
GO:0030890	47
GO:0032261	1
GO:0032263	5
GO:0033077	41
GO:0033089	11
GO:0033632	3
GO:0042110	76
GO:0043101	2
GO:0043103	2
GO:0043605	7
GO:0044209	6
GO:0045187	7
GO:0045987	18
GO:0046059	4
GO:0046061	2
GO:0046101	2
GO:0046103	3
GO:0046111	1
GO:0046638	10
GO:0046936	1
GO:0048286	49
GO:0048541	8
GO:0048566	19
GO:0050850	38
GO:0050862	21
GO:0050870	45
GO:0050900	37
GO:0060169	1
GO:0060205	4
GO:0060407	1
GO:0070242	11
GO:0070244	10
GO:0070254	15
GO:0070256	2
GO:0000902	119
GO:0002102	42
GO:0002523	13
GO:0002675	12
GO:0002693	5
GO:0004222	110
GO:0008237	167
GO:0010718	59
GO:0010954	14
GO:0022407	19
GO:0022617	47
GO:0032010	5
GO:0032127	3
GO:0032813	8
GO:0034987	18
GO:0035579	91
GO:0042581	15
GO:0043410	224
GO:0045089	36
GO:0045780	15
GO:0048247	8
GO:0050729	122
GO:0050839	134
GO:0051044	17
GO:0051897	217
GO:0070245	5
GO:0070820	4
GO:0070821	73
GO:0071133	2
GO:0071456	139
GO:0101003	61
GO:2000309	2
GO:2000391	7
GO:2000415	1
GO:2000418	2
GO:0004175	97
GO:0005788	310
GO:0006509	27
GO:0007219	117
GO:0007267	234
GO:0008593	23
GO:0010820	14
GO:0016485	96
GO:0030136	79
GO:0030307	88
GO:0032760	113
GO:0034332	34
GO:0034612	29
GO:0038004	2
GO:0042117	9
GO:0042987	14
GO:0046930	13
GO:0046931	9
GO:0051089	1
GO:0070573	9
GO:0090102	35
GO:0097038	18
GO:0097060	69
GO:0097197	10
GO:0098696	19
GO:0099175	34
GO:0140249	3
GO:0140448	6
GO:1901342	2
GO:1902945	4
GO:1903265	17
GO:0002244	71
GO:0002376	943
GO:0002566	1
GO:0003726	6
GO:0006382	5
GO:0006396	600
GO:0006397	417
GO:0006606	110
GO:0006611	33
GO:0008251	7
GO:0016553	4
GO:0030218	65
GO:0031047	65
GO:0031054	14
GO:0031981	43
GO:0035196	17
GO:0035455	10
GO:0044387	5
GO:0044530	3
GO:0045070	29
GO:0045087	607
GO:0051607	248
GO:0060216	17
GO:0060339	23
GO:0061484	30
GO:0070922	10
GO:0097284	17
GO:0098586	89
GO:1900369	1
GO:1903944	6
GO:0003729	261
GO:0007274	31
GO:0021610	3
GO:0021618	1
GO:0021965	3
GO:0035264	115
GO:0050884	15
GO:0060384	20
GO:0060415	7
GO:0061744	30
GO:0097049	15
GO:0003727	48
GO:0004016	11
GO:0005516	206
GO:0006171	11
GO:0007616	37
GO:0008294	2
GO:0009190	18
GO:0016849	19
GO:0032793	10
GO:0042752	66
GO:0071277	82
GO:0098686	46
GO:0099171	37
GO:0150076	12
GO:1900273	24
GO:1904322	16
GO:0007188	57
GO:0008179	12
GO:0005929	655
GO:0007608	463
GO:0008355	2
GO:0030317	148
GO:0060170	65
GO:0001973	9
GO:0007191	11
GO:0007195	5
GO:0061178	17
GO:0097110	72
GO:0003091	19
GO:0007192	5
GO:0007193	73
GO:0007198	10
GO:0010977	75
GO:0032420	55
GO:0035811	5
GO:0071870	7
GO:0097746	37
GO:1904117	8
GO:0002819	10
GO:0060135	19
GO:0071285	15
GO:0071361	15
GO:1900016	55
GO:0005901	74
GO:0005905	73
GO:0010255	7
GO:0016324	407
GO:0030665	35
GO:0031915	9
GO:0032809	28
GO:0034199	2
GO:0035774	40
GO:0038003	9
GO:0042593	134
GO:0042734	143
GO:0044853	37
GO:0046982	371
GO:0046983	194
GO:0048786	43
GO:0050796	46
GO:0051259	27
GO:0051260	130
GO:0051480	40
GO:0051721	30
GO:0060076	31
GO:0071315	3
GO:0071333	74
GO:0071377	11
GO:0080135	18
GO:1900454	7
GO:0071880	14
GO:0005179	121
GO:0005184	31
GO:0007218	112
GO:0007565	80
GO:0008277	48
GO:0016521	1
GO:0031175	161
GO:0031891	2
GO:0031892	2
GO:0032880	89
GO:0043204	153
GO:0043547	69
GO:0045786	59
GO:0045860	29
GO:0051428	11
GO:0060124	9
GO:0071651	7
GO:0141163	16
GO:0001634	3
GO:0004888	253
GO:0004930	843
GO:0004999	3
GO:0007166	373
GO:0008528	41
GO:0010524	14
GO:0032355	84
GO:0033555	14
GO:0038023	329
GO:0042923	31
GO:0046545	4
GO:0051057	9
GO:0060732	7
GO:0141156	10
GO:1901032	1
GO:0008093	22
GO:0008290	8
GO:0030507	27
GO:0032535	2
GO:0051016	20
GO:0051094	16
GO:0051130	16
GO:0061629	192
GO:1903142	6
GO:1903393	2
GO:0030097	89
GO:0050901	20
GO:0065003	149
GO:0000794	51
GO:0005938	187
GO:0051495	11
GO:0005811	107
GO:0010890	3
GO:0015909	18
GO:0019915	32
GO:0042149	50
GO:1905691	7
GO:0004022	10
GO:0004745	21
GO:0006066	18
GO:0042572	52
GO:0042573	25
GO:1990362	1
GO:0120542	1
GO:0003960	4
GO:0004032	12
GO:0006067	2
GO:0006081	13
GO:0010430	6
GO:0018479	4
GO:0019841	14
GO:0046164	1
GO:0046294	3
GO:0051287	36
GO:0051903	2
GO:1901661	2
GO:0003016	19
GO:0009055	62
GO:0018467	2
GO:0044281	14
GO:0045777	20
GO:0051409	4
GO:0051775	11
GO:0080007	2
GO:0106321	1
GO:0106322	1
GO:0004031	2
GO:0009617	142
GO:0032787	17
GO:0035276	2
GO:0048019	24
GO:0050153	1
GO:0004001	1
GO:0004136	3
GO:0006166	7
GO:0006175	1
GO:0009156	4
GO:0106383	3
GO:0001570	63
GO:0001878	16
GO:0002031	15
GO:0003073	17
GO:0008283	263
GO:0019731	65
GO:0019732	13
GO:0031700	1
GO:0035809	4
GO:0043116	16
GO:0045906	10
GO:0048018	136
GO:0048589	30
GO:0050829	106
GO:0060670	11
GO:0061844	124
GO:0097084	10
GO:0097646	5
GO:1990410	5
GO:2000184	1
GO:2001214	12
GO:0001609	5
GO:0001664	75
GO:0001883	2
GO:0002087	13
GO:0002674	6
GO:0002793	3
GO:0003084	12
GO:0003085	18
GO:0003093	4
GO:0006612	56
GO:0014050	5
GO:0030673	14
GO:0031072	65
GO:0031683	23
GO:0032229	4
GO:0032244	1
GO:0032279	13
GO:0032795	7
GO:0032900	1
GO:0035306	2
GO:0035589	14
GO:0042311	50
GO:0042321	2
GO:0042323	1
GO:0043195	43
GO:0044877	358
GO:0046888	10
GO:0050890	65
GO:0050965	20
GO:0050996	9
GO:0051967	10
GO:0055117	24
GO:0060079	69
GO:0060292	19
GO:0070328	38
GO:0086004	15
GO:0097190	84
GO:0099509	14
GO:1900453	3
GO:0001963	15
GO:0005882	199
GO:0006968	51
GO:0007271	25
GO:0007417	158
GO:0007596	106
GO:0007600	16
GO:0008289	367
GO:0014049	8
GO:0014057	3
GO:0014061	3
GO:0031000	7
GO:0031802	4
GO:0032230	16
GO:0035249	45
GO:0035810	12
GO:0042755	26
GO:0043279	11
GO:0045938	1
GO:0046636	3
GO:0048143	17
GO:0048812	72
GO:0051393	16
GO:0051881	34
GO:0051899	32
GO:0051924	25
GO:0051968	28
GO:0060080	10
GO:0060134	14
GO:2001235	37
GO:0002882	1
GO:0010575	32
GO:0010753	7
GO:0019934	23
GO:0032722	49
GO:0032755	103
GO:0043303	27
GO:0043306	11
GO:0060087	7
GO:0008016	36
GO:0009611	81
GO:0032088	46
GO:0003875	2
GO:0051725	5
GO:0000724	120
GO:0000781	177
GO:0003684	68
GO:0003950	27
GO:0005667	248
GO:0005694	710
GO:0006302	88
GO:0006366	262
GO:0007005	130
GO:0010332	27
GO:0010613	26
GO:0016051	11
GO:0016540	25
GO:0016779	108
GO:0023019	39
GO:0030225	37
GO:0030331	39
GO:0030592	3
GO:0031491	34
GO:0032042	5
GO:0032786	13
GO:0032869	102
GO:0032993	44
GO:0033148	14
GO:0034244	23
GO:0034644	55
GO:0035861	100
GO:0042826	134
GO:0043504	7
GO:0043596	19
GO:0045188	2
GO:0045824	42
GO:0045892	634
GO:0046697	25
GO:0051901	9
GO:0060545	8
GO:0070212	18
GO:0070213	11
GO:0070412	27
GO:0071168	31
GO:0071294	25
GO:0071932	5
GO:0090734	45
GO:0140294	3
GO:0140537	11
GO:0140805	2
GO:0140806	13
GO:0140807	12
GO:0140808	1
GO:0140815	1
GO:0140816	1
GO:0140817	1
GO:0140822	1
GO:0140861	25
GO:0160049	18
GO:0160239	5
GO:1900182	47
GO:1903376	4
GO:1904044	10
GO:1904179	13
GO:1904357	11
GO:1904646	53
GO:1904762	2
GO:1905051	2
GO:1990090	35
GO:1990166	26
GO:1990404	21
GO:1990966	4
GO:2001170	3
GO:0005819	241
GO:0005876	43
GO:0004935	9
GO:0004937	3
GO:0150099	5
GO:0006937	16
GO:0000165	147
GO:0001985	1
GO:0001994	2
GO:0001996	2
GO:0001997	2
GO:0007512	14
GO:0010507	73
GO:0045760	7
GO:0060452	9
GO:0061049	11
GO:0071875	11
GO:0071882	2
GO:0097195	3
GO:0001819	81
GO:0004938	3
GO:0006260	131
GO:0006940	21
GO:0007265	79
GO:0007266	66
GO:0010700	6
GO:0031692	1
GO:0031696	2
GO:0031996	10
GO:0032811	5
GO:0032870	48
GO:0042596	8
GO:0043278	14
GO:0043679	62
GO:0045742	32
GO:0045955	8
GO:0046676	35
GO:0048787	32
GO:0050955	4
GO:0051379	6
GO:0051380	4
GO:0051926	10
GO:0061179	9
GO:0070473	1
GO:0071881	1
GO:0097305	15
GO:0098691	15
GO:0098982	114
GO:0003056	5
GO:0045666	88
GO:0031694	5
GO:0002024	12
GO:0002025	3
GO:0004939	3
GO:0004940	1
GO:0005769	335
GO:0031649	4
GO:0040015	13
GO:0045823	9
GO:0050873	32
GO:0060078	59
GO:0098992	24
GO:0099579	3
GO:0001993	1
GO:0002028	19
GO:0004941	2
GO:0006898	81
GO:0008333	49
GO:0015459	48
GO:0030669	70
GO:0045744	18
GO:0045986	4
GO:0061885	1
GO:0072686	148
GO:0098990	5
GO:1901098	7
GO:1904504	5
GO:1990911	5
GO:0006112	16
GO:0007187	54
GO:0015052	1
GO:0031699	2
GO:0002026	19
GO:0002029	6
GO:0003108	1
GO:0004703	7
GO:0007213	15
GO:0007217	8
GO:0019079	14
GO:0031755	2
GO:0032473	5
GO:0033605	4
GO:0045988	3
GO:0046718	112
GO:0047696	4
GO:1901081	1
GO:0004018	1
GO:0006164	20
GO:0006167	4
GO:0006177	9
GO:0006189	6
GO:0009060	68
GO:0009152	2
GO:0014850	29
GO:0044208	8
GO:0070626	1
GO:0097294	8
GO:0004019	2
GO:0005525	381
GO:0006531	8
GO:0042301	13
GO:0046040	4
GO:0060359	1
GO:0071257	12
GO:0006886	279
GO:0006895	15
GO:0008021	138
GO:0016192	327
GO:0030117	29
GO:0030122	12
GO:0030130	7
GO:0030131	12
GO:0030666	76
GO:0032433	18
GO:0035615	18
GO:0036020	19
GO:0045334	25
GO:0048260	21
GO:0048488	41
GO:0050750	26
GO:0072583	29
GO:0098843	9
GO:0098884	8
GO:1900126	4
GO:0019900	102
GO:0030667	102
GO:0097718	28
GO:0030121	12
GO:0030276	36
GO:0032588	112
GO:0110010	5
GO:1903232	19
GO:0003279	14
GO:0003281	35
GO:0005048	4
GO:0030118	6
GO:0035904	33
GO:0045807	22
GO:0048268	19
GO:0060976	27
GO:0098894	5
GO:1905477	9
GO:0005802	194
GO:0006896	9
GO:0016182	3
GO:0030742	21
GO:0032438	25
GO:0035646	10
GO:0043323	5
GO:0045954	30
GO:0055037	149
GO:0090160	11
GO:0001227	288
GO:0004180	42
GO:0004181	35
GO:0005201	126
GO:0006518	14
GO:1904026	3
GO:0003714	214
GO:0016055	232
GO:0040008	23
GO:0060761	7
GO:0070555	36
GO:0090090	150
GO:2000210	7
GO:0005246	50
GO:0007342	30
GO:0019953	17
GO:0060046	7
GO:0008431	4
GO:0050821	250
GO:0051180	10
GO:0071693	1
GO:0001542	9
GO:0006955	543
GO:0036094	31
GO:0042448	10
GO:0048872	36
GO:0003948	2
GO:0006517	3
GO:0005540	26
GO:0005796	109
GO:0030021	16
GO:0030246	218
GO:0072534	10
GO:0001774	28
GO:0001891	30
GO:0001914	2
GO:0005044	26
GO:0005055	5
GO:0009890	3
GO:0014002	15
GO:0032693	25
GO:0032731	66
GO:0032735	43
GO:0034116	13
GO:0042104	28
GO:0042393	176
GO:0044548	14
GO:0045056	10
GO:0046330	102
GO:0048167	69
GO:0050727	106
GO:0050785	1
GO:0050930	15
GO:0051054	6
GO:0051092	80
GO:0051241	17
GO:0071639	15
GO:0072657	33
GO:0150003	4
GO:1900271	11
GO:1900744	8
GO:1900745	29
GO:1901222	13
GO:1903523	2
GO:1904472	3
GO:1904597	2
GO:1904645	15
GO:2000105	2
GO:2000439	5
GO:2000514	1
GO:2001200	6
GO:0004134	1
GO:0004135	1
GO:0005977	40
GO:0005980	11
GO:0016234	20
GO:0016529	72
GO:0016798	88
GO:0030247	14
GO:0031593	38
GO:0043033	1
GO:0007631	35
GO:0008343	10
GO:0009755	42
GO:0048571	1
GO:0060259	13
GO:0070996	4
GO:2000253	8
GO:0001709	18
GO:0001953	22
GO:0002011	10
GO:0002085	5
GO:0002456	16
GO:0003180	37
GO:0003184	18
GO:0003215	13
GO:0005112	26
GO:0005198	201
GO:0005543	134
GO:0007154	81
GO:0008083	162
GO:0009887	130
GO:0030216	69
GO:0032495	13
GO:0035909	18
GO:0042491	19
GO:0043010	74
GO:0045445	21
GO:0045599	57
GO:0045639	5
GO:0045665	64
GO:0048513	102
GO:0048839	54
GO:0050678	25
GO:0060411	16
GO:0061073	4
GO:0061101	11
GO:0061156	6
GO:0061309	4
GO:0061444	1
GO:0072006	11
GO:0072015	9
GO:0072017	3
GO:0072070	3
GO:0097150	24
GO:2000737	18
GO:0001558	82
GO:0002016	2
GO:0002018	3
GO:0002019	2
GO:0002034	5
GO:0003014	14
GO:0003081	6
GO:0007199	2
GO:0010744	21
GO:0014873	4
GO:0016176	11
GO:0017080	37
GO:0031702	5
GO:0031703	2
GO:0032930	20
GO:0034374	16
GO:0035813	3
GO:0038060	10
GO:0038166	16
GO:0042310	18
GO:0043161	350
GO:0043407	13
GO:0051387	4
GO:0070294	21
GO:0090190	18
GO:0090205	7
GO:0110063	3
GO:1901201	4
GO:1901203	9
GO:1902306	8
GO:1902632	2
GO:1902895	56
GO:1903598	7
GO:1903779	21
GO:1990776	12
GO:2000379	34
GO:2001238	38
GO:0001596	1
GO:0004945	4
GO:0031711	2
GO:0060326	87
GO:1903589	23
GO:0001991	1
GO:0002033	3
GO:0002035	2
GO:0007420	246
GO:0010459	12
GO:0035566	2
GO:0072300	3
GO:0001568	70
GO:0001944	33
GO:0001947	64
GO:0003171	5
GO:0035886	6
GO:0043951	1
GO:0050878	7
GO:0060182	1
GO:0060183	3
GO:0140897	1
GO:1903243	11
GO:1903244	11
GO:1903596	1
GO:1904022	4
GO:0004760	1
GO:0006563	10
GO:0008453	3
GO:0009436	3
GO:0019265	2
GO:0019448	4
GO:0042853	3
GO:0046487	5
GO:0046724	2
GO:0003006	10
GO:0005840	215
GO:0007530	8
GO:0008104	194
GO:0008406	16
GO:0010894	6
GO:0016607	431
GO:0021854	15
GO:0021983	30
GO:0030238	12
GO:0030325	24
GO:0032448	1
GO:0033144	4
GO:0033327	11
GO:0034451	146
GO:0035902	22
GO:0035987	37
GO:0045721	20
GO:0050682	4
GO:0060008	9
GO:0004013	3
GO:0006730	21
GO:0033353	4
GO:0042470	102
GO:0000976	267
GO:0000981	1233
GO:0000987	83
GO:0001094	10
GO:0001223	51
GO:0002841	11
GO:0003700	718
GO:0004879	52
GO:0009636	83
GO:0017025	26
GO:0030522	39
GO:0030888	4
GO:0032922	67
GO:0034751	8
GO:0034752	1
GO:0034753	2
GO:0051879	42
GO:0060729	9
GO:0070888	59
GO:0071219	9
GO:1904613	3
GO:0001503	110
GO:0004869	38
GO:0006907	4
GO:0019210	7
GO:0030500	24
GO:0030502	17
GO:0046627	51
GO:0050766	58
GO:0016601	26
GO:0030046	3
GO:0032587	101
GO:0042102	67
GO:0048661	52
GO:0048662	30
GO:0050921	21
GO:0051764	14
GO:0071672	5
GO:0071673	4
GO:0071677	4
GO:0090026	23
GO:0090271	4
GO:0097178	13
GO:0097386	27
GO:1900087	52
GO:0003674	101
GO:0005575	81
GO:0008150	96
GO:0001520	8
GO:0004017	9
GO:0004550	18
GO:0006139	61
GO:0006172	5
GO:0009142	7
GO:0015949	8
GO:0019205	9
GO:0036126	159
GO:0046033	7
GO:0046034	36
GO:0046940	10
GO:0047506	3
GO:0050145	6
GO:0005758	89
GO:0009123	6
GO:0016776	8
GO:0097226	6
GO:0002082	11
GO:0009188	1
GO:0036430	4
GO:0036431	6
GO:0046039	14
GO:0046899	2
GO:0001893	11
GO:0002042	25
GO:0002181	127
GO:0002430	17
GO:0003376	17
GO:0005547	41
GO:0005979	11
GO:0006006	66
GO:0006094	56
GO:0006468	259
GO:0006511	257
GO:0006607	27
GO:0006888	133
GO:0006893	33
GO:0006924	7
GO:0008286	80
GO:0008637	20
GO:0009267	90
GO:0009408	41
GO:0010467	274
GO:0010748	4
GO:0010761	20
GO:0010763	14
GO:0010765	17
GO:0010907	7
GO:0010975	43
GO:0016242	14
GO:0016310	14
GO:0016477	303
GO:0016567	543
GO:0018105	38
GO:0019221	145
GO:0022605	1
GO:0030291	26
GO:0031145	23
GO:0031146	61
GO:0031295	45
GO:0031397	57
GO:0031641	21
GO:0031663	38
GO:0031669	83
GO:0031929	24
GO:0032079	3
GO:0032094	33
GO:0032287	9
GO:0032436	79
GO:0033138	20
GO:0034122	20
GO:0034123	6
GO:0034142	42
GO:0034198	60
GO:0034405	8
GO:0035519	12
GO:0035655	14
GO:0035924	33
GO:0036294	4
GO:0036316	4
GO:0036416	8
GO:0036444	15
GO:0036499	11
GO:0038202	67
GO:0043001	36
GO:0043276	12
GO:0043325	29
GO:0043488	45
GO:0043491	92
GO:0043536	51
GO:0045429	42
GO:0045542	24
GO:0045600	56
GO:0045724	24
GO:0045725	17
GO:0045746	42
GO:0045861	27
GO:0045947	44
GO:0045948	42
GO:0046209	12
GO:0046326	38
GO:0046622	13
GO:0046889	20
GO:0048009	33
GO:0048266	18
GO:0051146	20
GO:0051604	134
GO:0060416	14
GO:0060627	18
GO:0060644	14
GO:0060716	21
GO:0061512	44
GO:0070141	4
GO:0070848	14
GO:0070972	9
GO:0070979	41
GO:0071356	107
GO:0071364	47
GO:0072655	8
GO:0072656	5
GO:0072752	3
GO:0085020	26
GO:0090201	20
GO:0097011	12
GO:0097194	25
GO:0097700	9
GO:0099104	9
GO:0106004	3
GO:0106310	362
GO:0110002	1
GO:0140052	14
GO:0140896	29
GO:0150033	2
GO:0160213	5
GO:1901653	8
GO:1901796	42
GO:1902018	23
GO:1902176	18
GO:1903038	6
GO:1903078	60
GO:1903318	1
GO:1903384	3
GO:1903898	12
GO:1904262	71
GO:1904263	71
GO:1904515	8
GO:1904841	5
GO:1905552	3
GO:1905786	4
GO:1990418	3
GO:2000010	23
GO:2000074	4
GO:2000402	5
GO:2001240	37
GO:2001243	24
GO:0032000	10
GO:0045444	93
GO:0071486	3
GO:0090314	27
GO:0097473	2
GO:0140677	25
GO:1903676	3
GO:2000147	23
GO:0004655	1
GO:0006779	11
GO:0006782	9
GO:0006783	27
GO:0006784	10
GO:0006785	10
GO:0009635	5
GO:0010038	16
GO:0010044	2
GO:0010212	47
GO:0010266	2
GO:0010269	11
GO:0010288	17
GO:0014823	52
GO:0032025	7
GO:0033014	5
GO:0033197	6
GO:0033273	3
GO:0043200	22
GO:0046685	11
GO:0046686	21
GO:0046689	6
GO:0048034	9
GO:0051597	6
GO:0070541	4
GO:0070542	18
GO:0071284	3
GO:0071353	24
GO:1901799	13
GO:1904854	1
GO:0003870	2
GO:0006778	7
GO:0010045	2
GO:0034698	4
GO:0042541	6
GO:0048821	32
GO:1903412	3
GO:0032364	10
GO:0015643	11
GO:0016209	25
GO:0019825	33
GO:0051087	105
GO:0051902	8
GO:0072732	4
GO:0098869	66
GO:0140272	2
GO:1903981	2
GO:0001772	48
GO:0002250	507
GO:0007157	46
GO:0007411	193
GO:0008045	24
GO:0031290	21
GO:0042101	148
GO:0048846	11
GO:1990138	33
GO:0005324	16
GO:0007031	23
GO:0015605	2
GO:0015607	1
GO:0015748	4
GO:0015910	4
GO:0015916	1
GO:0015919	1
GO:0015931	3
GO:0015932	2
GO:0019217	11
GO:0030497	13
GO:0031998	5
GO:0036113	1
GO:0042760	6
GO:0042886	2
GO:0042887	3
GO:0043217	5
GO:0043651	22
GO:0047617	17
GO:0051900	5
GO:0052817	2
GO:0055092	5
GO:1900407	11
GO:1901682	3
GO:1990535	13
GO:2001280	2
GO:0001758	8
GO:0004029	15
GO:0005497	5
GO:0016620	22
GO:0019145	2
GO:0030392	1
GO:0036438	8
GO:0106373	1
GO:0110095	7
GO:0140087	2
GO:0004030	5
GO:0006068	14
GO:0008957	1
GO:0018937	1
GO:0046185	3
GO:0106435	7
GO:1903179	1
GO:1905627	1
GO:0004028	5
GO:0008106	16
GO:0002072	2
GO:0002138	5
GO:0021768	1
GO:0031076	15
GO:0042472	65
GO:0043584	8
GO:0048048	11
GO:0060013	9
GO:0060166	3
GO:0060324	22
GO:0070324	5
GO:0070384	4
GO:0070403	19
GO:0018477	1
GO:0030149	14
GO:0033721	2
GO:0050061	3
GO:0052814	3
GO:0047105	1
GO:0006714	1
GO:0007422	26
GO:0008544	115
GO:0033306	2
GO:0046458	1
GO:0046577	1
GO:0102673	1
GO:0004332	3
GO:0006000	10
GO:0006096	49
GO:0006754	26
GO:0006941	24
GO:0008360	135
GO:0015631	74
GO:0030388	8
GO:0031430	29
GO:0046716	26
GO:0061827	17
GO:0070061	7
GO:1904724	55
GO:0006001	1
GO:0061609	1
GO:0061624	3
GO:0070072	6
GO:1905856	2
GO:0002070	11
GO:0006700	5
GO:0036130	2
GO:0043795	1
GO:0044597	9
GO:0044598	10
GO:0046370	2
GO:0047655	4
GO:0047939	2
GO:0047956	2
GO:0052650	13
GO:0071475	5
GO:0072205	9
GO:0004714	52
GO:0006950	54
GO:0007169	122
GO:0021766	74
GO:0030298	5
GO:0030534	37
GO:0036269	2
GO:0038083	9
GO:0045664	32
GO:0048666	77
GO:0060159	4
GO:0080090	67
GO:0090648	2
GO:0004052	4
GO:0010656	2
GO:0016165	3
GO:0016702	13
GO:0019369	41
GO:0019372	11
GO:0033559	1
GO:0034440	8
GO:0047977	1
GO:0050473	3
GO:0051122	8
GO:0051213	85
GO:0061436	37
GO:0090331	11
GO:1901751	1
GO:2001303	3
GO:2001306	1
GO:0001676	29
GO:0002232	8
GO:0002540	2
GO:0004051	1
GO:0005641	11
GO:0006690	11
GO:0006691	18
GO:0006959	58
GO:0016525	133
GO:0016701	4
GO:0019370	13
GO:0036336	7
GO:0036403	2
GO:0045598	18
GO:0061044	8
GO:0061045	14
GO:0106014	1
GO:1900015	11
GO:1901753	1
GO:1903426	9
GO:1903573	7
GO:1903671	30
GO:1904999	3
GO:2001301	1
GO:0004364	29
GO:0004464	5
GO:0004602	23
GO:0046394	4
GO:0050544	7
GO:0070207	15
GO:0006497	4
GO:0006665	59
GO:0016853	167
GO:0046513	41
GO:0047677	1
GO:0070257	5
GO:0106237	1
GO:1990136	2
GO:0002820	2
GO:0006646	12
GO:0010811	37
GO:0030282	56
GO:0030838	50
GO:0035358	2
GO:0035963	2
GO:0042060	76
GO:0043277	22
GO:1901074	1
GO:0006644	66
GO:0030850	16
GO:0030856	11
GO:0035360	10
GO:0045618	21
GO:0045926	18
GO:0071926	1
GO:1901696	3
GO:0004035	6
GO:0016311	24
GO:0001958	31
GO:0004427	5
GO:0016462	14
GO:0019725	23
GO:0031214	35
GO:0033280	21
GO:0033883	3
GO:0034516	2
GO:0036005	4
GO:0042822	3
GO:0043262	6
GO:0046677	21
GO:0050187	1
GO:0052732	2
GO:0055062	15
GO:0055074	42
GO:0065010	2
GO:0071529	6
GO:0140651	2
GO:0140928	4
GO:1904383	9
GO:0035115	33
GO:0035116	29
GO:0048704	53
GO:0030345	6
GO:0016653	4
GO:0019855	14
GO:0019862	3
GO:0020027	5
GO:0020037	142
GO:0034614	45
GO:0035374	10
GO:0042167	11
GO:0046329	32
GO:0046904	2
GO:0050777	16
GO:0098633	3
GO:0099617	7
GO:1903606	1
GO:0004014	1
GO:0006595	5
GO:0006596	12
GO:0006597	2
GO:0008295	2
GO:0016831	25
GO:0019810	1
GO:0001837	61
GO:0002062	61
GO:0031402	9
GO:0032967	25
GO:0034505	3
GO:0046848	5
GO:0070166	14
GO:0070172	3
GO:0097186	12
GO:0099080	1
GO:0000151	111
GO:0000209	153
GO:0004842	255
GO:0030674	220
GO:0030968	58
GO:0034450	16
GO:0036503	96
GO:0036513	8
GO:0038061	34
GO:0043130	103
GO:0044314	17
GO:0044322	25
GO:0051865	70
GO:0061630	378
GO:0070936	106
GO:1904288	4
GO:1904380	15
GO:1990381	19
GO:2000638	2
GO:0001541	47
GO:0001546	3
GO:0001655	17
GO:0001880	4
GO:0005114	11
GO:0005160	16
GO:0007506	9
GO:0007548	26
GO:0046546	5
GO:1990262	5
GO:2000355	2
GO:0005026	2
GO:0008585	27
GO:0042562	17
GO:1990272	1
GO:0003876	3
GO:0006188	3
GO:0006753	6
GO:0032264	5
GO:0052652	1
GO:0030672	139
GO:0031256	11
GO:0006997	34
GO:0010564	23
GO:0019828	7
GO:0030315	45
GO:0033268	20
GO:0033292	6
GO:0043194	24
GO:0043196	8
GO:0044300	8
GO:0048711	11
GO:0051020	39
GO:0060987	1
GO:0060988	2
GO:0070063	20
GO:0086091	43
GO:0090571	8
GO:0098850	15
GO:1901380	13
GO:1902430	32
GO:1903946	1
GO:1904878	5
GO:0004047	2
GO:0005960	3
GO:0006546	3
GO:0019464	3
GO:0004556	5
GO:0009311	23
GO:0031404	15
GO:0043169	18
GO:0016052	5
GO:0044245	4
GO:0001556	27
GO:0004518	138
GO:0004519	88
GO:0004521	40
GO:0004540	33
GO:0004549	3
GO:0009303	15
GO:0010494	98
GO:0016078	5
GO:0019843	48
GO:0023052	43
GO:0032055	5
GO:0032311	2
GO:0034063	32
GO:0042277	29
GO:0042327	20
GO:0042592	19
GO:0071425	25
GO:0002040	37
GO:0002092	26
GO:0002719	7
GO:0005902	73
GO:0007171	3
GO:0014842	6
GO:0030195	16
GO:0030210	11
GO:0030971	66
GO:0031398	78
GO:0031589	25
GO:0032680	14
GO:0034394	32
GO:0042308	18
GO:0043122	36
GO:0048014	4
GO:0050731	22
GO:0050820	6
GO:0050918	51
GO:0072012	4
GO:1900747	18
GO:1905605	5
GO:2000446	1
GO:0010812	18
GO:0031100	28
GO:0050928	1
GO:0006887	132
GO:0010638	4
GO:0014731	8
GO:0019903	94
GO:0031672	15
GO:0045199	7
GO:0048193	22
GO:0170014	8
GO:0002027	39
GO:0003283	9
GO:0006874	113
GO:0010881	26
GO:0010882	12
GO:0014704	46
GO:0030913	6
GO:0031647	130
GO:0036309	2
GO:0036371	1
GO:0043034	16
GO:0051279	19
GO:0051928	27
GO:0060307	21
GO:0070296	5
GO:0086005	17
GO:0086014	9
GO:0086015	6
GO:0086046	5
GO:0086066	1
GO:0086070	1
GO:0098907	6
GO:0098910	3
GO:0140031	10
GO:1903288	5
GO:0000281	68
GO:0007009	21
GO:0007528	35
GO:0009925	72
GO:0010650	1
GO:0010960	8
GO:0016328	68
GO:0019228	34
GO:0034112	7
GO:0043226	39
GO:0043266	12
GO:0045184	51
GO:0045838	5
GO:0071286	7
GO:0071709	4
GO:0072660	2
GO:0099612	5
GO:1900827	2
GO:1902260	7
GO:0001618	83
GO:0002003	13
GO:0004177	35
GO:0005793	83
GO:0016285	2
GO:0043171	16
GO:0070006	26
GO:0005471	5
GO:0005757	7
GO:0015078	29
GO:0015207	5
GO:0015297	114
GO:0015853	6
GO:0015866	9
GO:0017077	5
GO:0046902	12
GO:0060546	22
GO:0140021	5
GO:1901029	15
GO:1901526	15
GO:1902600	181
GO:1990544	8
GO:1990845	15
GO:0000295	4
GO:0007059	110
GO:0030183	80
GO:0051503	3
GO:0071817	5
GO:1990830	110
GO:0005744	16
GO:0001533	60
GO:0001780	11
GO:0001786	62
GO:0002548	26
GO:0002685	5
GO:0004859	11
GO:0005544	57
GO:0014839	4
GO:0018149	19
GO:0019834	8
GO:0031340	8
GO:0031901	210
GO:0032652	1
GO:0032717	37
GO:0033031	5
GO:0042119	17
GO:0045627	6
GO:0045629	5
GO:0045920	7
GO:0046883	4
GO:0050482	24
GO:0051051	11
GO:0071385	25
GO:0071621	5
GO:0097350	6
GO:0098641	18
GO:0001765	5
GO:0001921	14
GO:0002091	15
GO:0006900	16
GO:0007160	105
GO:0010756	9
GO:0030199	65
GO:0030496	193
GO:0032804	2
GO:0035749	5
GO:0036035	8
GO:0042730	19
GO:0042789	48
GO:0043220	12
GO:0044090	2
GO:0045921	26
GO:0050767	49
GO:0090575	134
GO:0098797	17
GO:1904019	20
GO:1905581	4
GO:1905602	2
GO:1905686	4
GO:1990665	2
GO:1990667	2
GO:0030670	81
GO:0042742	214
GO:0043312	7
GO:0051091	27
GO:0010804	38
GO:0042589	18
GO:0043124	109
GO:0051059	32
GO:0140416	42
GO:0007599	55
GO:0050819	6
GO:0072563	3
GO:0015276	34
GO:0051283	1
GO:0051560	17
GO:0042584	9
GO:0061025	37
GO:1904627	2
GO:0008429	17
GO:0023026	27
GO:0032506	3
GO:0042582	12
GO:0051301	406
GO:0042997	6
GO:0042998	6
GO:0070382	27
GO:1901611	4
GO:0008653	1
GO:0009104	1
GO:0016788	31
GO:0050528	1
GO:0006584	9
GO:0043546	6
GO:0051537	28
GO:0008656	12
GO:0010659	13
GO:0030900	76
GO:0043293	3
GO:0070059	36
GO:0072432	1
GO:0097193	45
GO:0140608	11
GO:1902510	2
GO:0004081	3
GO:0008796	1
GO:0008803	1
GO:0006641	39
GO:0034362	16
GO:0034364	24
GO:0008088	5
GO:0014047	11
GO:0014051	4
GO:1902807	13
GO:0001764	132
GO:0030198	145
GO:0050808	72
GO:1901988	2
GO:0001708	31
GO:0003170	15
GO:0005813	673
GO:0005874	364
GO:0005881	59
GO:0007026	32
GO:0007094	30
GO:0008013	109
GO:0008017	270
GO:0016342	31
GO:0019887	16
GO:0030178	61
GO:0030877	12
GO:0031274	13
GO:0032886	13
GO:0045295	12
GO:0045732	83
GO:0045736	9
GO:0051010	21
GO:0051988	10
GO:0060632	5
GO:0070830	50
GO:0070840	24
GO:0120025	25
GO:1904781	7
GO:1990909	13
GO:0001849	8
GO:0006457	205
GO:0044871	2
GO:0045656	8
GO:0046597	24
GO:0046790	10
GO:0048525	5
GO:0051082	123
GO:0051131	24
GO:1903019	2
GO:0001673	57
GO:0001674	13
GO:0002458	1
GO:0002507	4
GO:0002509	1
GO:0045060	12
GO:0045182	19
GO:0097536	2
GO:2000410	1
GO:0006415	12
GO:0008242	3
GO:0050435	12
GO:0003691	9
GO:0003906	13
GO:0004520	23
GO:0004523	11
GO:0004527	53
GO:0004528	5
GO:0004844	4
GO:0006284	37
GO:0006287	14
GO:0006308	19
GO:0008081	58
GO:0008296	12
GO:0008309	2
GO:0008311	6
GO:0008408	18
GO:0033892	2
GO:0044029	13
GO:0045454	44
GO:0052720	1
GO:0090580	1
GO:0097698	1
GO:0140431	2
GO:0001741	16
GO:0034121	12
GO:0035631	11
GO:0039535	3
GO:0043027	16
GO:0045088	32
GO:0060544	11
GO:0070266	15
GO:0070424	5
GO:0098770	2
GO:1902443	1
GO:1902523	8
GO:1902524	3
GO:1902527	5
GO:1902916	7
GO:1904975	4
GO:2000377	27
GO:0030510	17
GO:0032480	33
GO:0032481	55
GO:0038066	26
GO:0055070	5
GO:0060785	2
GO:0070427	6
GO:0070431	14
GO:0070534	75
GO:0090263	117
GO:0097039	7
GO:0120283	24
GO:1902530	2
GO:0000086	53
GO:0000228	30
GO:0000775	166
GO:0005814	168
GO:0007052	58
GO:0031021	5
GO:0031503	20
GO:0031536	4
GO:0032133	6
GO:0050000	3
GO:0050897	4
GO:0051233	27
GO:0051256	11
GO:0090267	11
GO:0090307	46
GO:1901970	4
GO:1902425	8
GO:1903490	6
GO:1990713	1
GO:0031695	1
GO:0046914	22
GO:0071874	4
GO:0106072	8
GO:0180011	2
GO:0031091	19
GO:0031092	17
GO:0001935	34
GO:0006656	25
GO:0008211	7
GO:0010903	6
GO:0018158	3
GO:0018206	3
GO:0030300	4
GO:0034115	11
GO:0034190	4
GO:0034191	4
GO:0034205	10
GO:0034361	21
GO:0034366	8
GO:0034375	21
GO:0034384	7
GO:0035025	29
GO:0042627	13
GO:0043534	13
GO:0045499	28
GO:0050919	40
GO:0055090	5
GO:0060228	6
GO:0060354	14
GO:0070508	6
GO:0070653	3
GO:0071402	5
GO:0071682	18
GO:0071813	9
GO:1903561	158
GO:0009395	22
GO:0032375	4
GO:0032757	65
GO:0034370	3
GO:0046340	6
GO:0055102	7
GO:0060621	3
GO:0002227	24
GO:0006982	2
GO:0007159	33
GO:0014012	7
GO:0019430	15
GO:0032374	6
GO:0034014	2
GO:0034371	4
GO:0034372	8
GO:0034378	4
GO:0034445	3
GO:0035634	6
GO:0042744	21
GO:0045723	15
GO:0065005	1
GO:0005790	20
GO:0006642	4
GO:0009566	54
GO:0010886	8
GO:0019433	21
GO:0031904	22
GO:0034359	1
GO:0034360	2
GO:0034363	5
GO:0034379	12
GO:0034383	18
GO:0035473	10
GO:0042159	7
GO:0042953	20
GO:0048844	27
GO:0070971	35
GO:0004126	12
GO:0010604	31
GO:0016554	12
GO:0016556	9
GO:0030895	6
GO:0035925	29
GO:0045293	4
GO:0048255	43
GO:0090209	5
GO:0141166	4
GO:1903311	2
GO:2000623	9
GO:0010897	6
GO:0010900	1
GO:0010916	4
GO:0034369	4
GO:0034382	6
GO:0034447	5
GO:0045833	5
GO:0048261	10
GO:0006833	22
GO:0008519	10
GO:0015250	16
GO:0015264	1
GO:0015265	3
GO:0015267	44
GO:0015840	6
GO:0015843	1
GO:0019755	1
GO:0030868	10
GO:0031526	59
GO:0035377	5
GO:0046691	3
GO:0071918	10
GO:0072488	11
GO:0072489	2
GO:0080170	4
GO:0140157	1
GO:1990748	14
GO:0010902	2
GO:0016004	11
GO:0043274	23
GO:0060230	4
GO:0060697	1
GO:0010987	4
GO:0010989	17
GO:0000302	20
GO:0010642	9
GO:0022626	97
GO:0042246	22
GO:0048678	37
GO:0060588	1
GO:0071638	6
GO:2000098	2
GO:2000405	6
GO:0002021	18
GO:0006707	9
GO:0010544	9
GO:0010877	1
GO:0017038	9
GO:0019068	9
GO:0034365	2
GO:0035641	16
GO:0043254	24
GO:0043395	19
GO:0043409	64
GO:0044794	12
GO:0045541	12
GO:0046907	22
GO:0046911	1
GO:0048168	26
GO:0050709	22
GO:0050807	30
GO:0051055	9
GO:0051246	24
GO:0051248	8
GO:0051651	1
GO:0060999	22
GO:0061000	6
GO:0061136	22
GO:0070326	4
GO:0071830	2
GO:0071831	1
GO:0097006	5
GO:0097113	5
GO:0097114	5
GO:0097487	5
GO:0140077	5
GO:1900221	3
GO:1900223	8
GO:1901627	1
GO:1901631	2
GO:1902951	6
GO:1902952	5
GO:1902991	5
GO:1902998	2
GO:1902999	1
GO:1903001	1
GO:1903002	1
GO:1905890	1
GO:1905906	3
GO:1905907	14
GO:1905908	5
GO:1990777	2
GO:2000822	4
GO:0007597	8
GO:0030193	11
GO:0030194	15
GO:0031089	14
GO:0031639	12
GO:0033033	11
GO:0034197	4
GO:0034392	14
GO:0051917	4
GO:0051918	12
GO:0090208	1
GO:0002265	4
GO:0005109	39
GO:0005158	23
GO:0006878	18
GO:0007612	64
GO:0007617	7
GO:0008344	56
GO:0008542	54
GO:0010996	23
GO:0014005	4
GO:0016199	5
GO:0016322	14
GO:0016358	44
GO:0016504	12
GO:0030111	26
GO:0030546	8
GO:0030549	3
GO:0031583	3
GO:0032590	32
GO:0033130	15
GO:0035235	23
GO:0040014	26
GO:0042056	41
GO:0043198	42
GO:0044304	5
GO:0045745	16
GO:0045752	1
GO:0045821	24
GO:0048169	18
GO:0048669	3
GO:0050786	12
GO:0050803	6
GO:0050867	4
GO:0051262	29
GO:0051425	3
GO:0051580	5
GO:0055096	4
GO:0070206	2
GO:0070381	3
GO:0070851	5
GO:0071280	26
GO:0071287	7
GO:0097449	13
GO:0097645	1
GO:0098815	9
GO:0098989	7
GO:0106003	1
GO:0141137	3
GO:1900181	28
GO:1902514	12
GO:1902894	27
GO:1902950	5
GO:1903381	2
GO:1904399	8
GO:1904591	2
GO:1905606	29
GO:1905898	3
GO:1905945	1
GO:1990000	29
GO:1990761	1
GO:1990812	3
GO:2000463	32
GO:0002055	1
GO:0003999	1
GO:0006168	1
GO:0007625	15
GO:0016208	12
GO:0046083	2
GO:1901363	9
GO:0002803	4
GO:0016811	16
GO:0031638	32
GO:0005031	10
GO:0008625	41
GO:0031264	7
GO:0031265	6
GO:0032872	10
GO:0036337	3
GO:0071260	76
GO:0071455	5
GO:0097527	9
GO:1903428	17
GO:0005123	17
GO:0005125	236
GO:0005164	31
GO:0006925	2
GO:0030644	10
GO:0046666	3
GO:0048388	14
GO:0070231	15
GO:1903514	3
GO:1905782	2
GO:2000353	29
GO:0002089	15
GO:0008057	1
GO:0032401	2
GO:0043482	2
GO:0043583	15
GO:0048593	27
GO:0003094	20
GO:0003097	3
GO:0005223	7
GO:0005267	88
GO:0005372	6
GO:0006813	152
GO:0006884	27
GO:0006972	8
GO:0009992	7
GO:0015079	3
GO:0015168	2
GO:0015670	13
GO:0015793	8
GO:0019233	44
GO:0021670	13
GO:0022857	225
GO:0030157	5
GO:0030184	1
GO:0030185	5
GO:0030950	4
GO:0032940	12
GO:0033326	4
GO:0033363	5
GO:0035378	5
GO:0035379	5
GO:0042476	36
GO:0044241	5
GO:0046878	3
GO:0050891	12
GO:0051458	2
GO:0070295	7
GO:0071288	3
GO:0071472	3
GO:0071474	13
GO:0071549	29
GO:0071732	17
GO:0071805	150
GO:0072220	1
GO:0072230	1
GO:0072232	1
GO:0072239	2
GO:0098655	61
GO:0140070	3
GO:0030658	54
GO:0042631	3
GO:0098576	2
GO:0002684	12
GO:0002931	63
GO:0015204	7
GO:0015254	6
GO:0032526	46
GO:0045616	14
GO:0090660	18
GO:0097450	9
GO:0046541	7
GO:0071476	10
GO:0005253	10
GO:0015112	1
GO:0015706	3
GO:0061797	2
GO:0098656	40
GO:1902476	114
GO:0005345	4
GO:0005350	1
GO:0006863	1
GO:0015837	4
GO:0015855	4
GO:0071722	1
GO:0072531	6
GO:1904823	7
GO:0000978	1096
GO:0000979	21
GO:0001091	7
GO:0001228	442
GO:0003382	19
GO:0003707	24
GO:0005496	31
GO:0019102	1
GO:0030520	24
GO:0030521	23
GO:0033574	36
GO:0034056	11
GO:0043565	503
GO:0043568	13
GO:0045726	3
GO:0045945	18
GO:0048608	7
GO:0048638	2
GO:0048645	6
GO:0048808	4
GO:0050673	71
GO:0050680	62
GO:0060514	1
GO:0060571	4
GO:0060599	2
GO:0060685	2
GO:0060736	8
GO:0060740	10
GO:0060742	5
GO:0060748	3
GO:0060749	17
GO:0060769	3
GO:0061458	7
GO:0070974	5
GO:0071383	16
GO:0071391	19
GO:0071394	7
GO:0072520	21
GO:0140693	49
GO:0140694	26
GO:0015431	8
GO:0015867	12
GO:0030505	4
GO:0030643	10
GO:0032026	12
GO:0043225	10
GO:0046942	5
GO:0071716	7
GO:0004709	24
GO:0032006	20
GO:0032434	15
GO:0006890	50
GO:0021691	2
GO:0030126	13
GO:0030133	107
GO:0030137	14
GO:0030663	16
GO:0043473	39
GO:0051645	6
GO:0010508	92
GO:0019003	78
GO:0005154	35
GO:0010838	17
GO:0012507	61
GO:0014009	18
GO:0030297	20
GO:0033116	82
GO:0038134	8
GO:0042542	39
GO:0043434	50
GO:0045668	71
GO:0060598	2
GO:0060744	5
GO:0060750	5
GO:0002090	7
GO:0034315	18
GO:0097061	4
GO:1990386	1
GO:0045197	29
GO:0060271	239
GO:0060996	15
GO:0106274	6
GO:1902017	52
GO:1990583	2
GO:0003925	73
GO:0006904	29
GO:0030866	26
GO:0031527	18
GO:0032154	56
GO:0032456	65
GO:0035020	10
GO:0035591	79
GO:0036010	11
GO:0051489	15
GO:0051549	12
GO:0055038	109
GO:0060998	10
GO:0071726	7
GO:0090162	12
GO:0090543	35
GO:0099562	6
GO:0120183	8
GO:1902217	1
GO:1903438	7
GO:1905345	3
GO:2000171	8
GO:0000050	12
GO:0004053	3
GO:0006525	8
GO:0006527	6
GO:0009624	9
GO:0016813	3
GO:0042130	51
GO:0042832	30
GO:0046007	16
GO:0060336	8
GO:0070965	2
GO:2000552	4
GO:0001657	41
GO:0002829	7
GO:0032651	14
GO:0032696	7
GO:0032700	23
GO:0071641	3
GO:0071644	1
GO:0071650	6
GO:1900425	4
GO:1905403	2
GO:2000562	12
GO:2000774	20
GO:0001998	1
GO:0002363	1
GO:0003100	6
GO:0003189	2
GO:0007519	68
GO:0021795	11
GO:0021861	6
GO:0031122	46
GO:0032467	41
GO:0033688	4
GO:0034329	11
GO:0035385	5
GO:0036089	7
GO:0043149	24
GO:0043297	8
GO:0043366	3
GO:0043931	12
GO:0044319	15
GO:0045198	17
GO:0045792	9
GO:0060071	34
GO:0060193	3
GO:0061430	4
GO:0070507	32
GO:0071526	43
GO:0071803	11
GO:0071902	15
GO:0090051	45
GO:0097498	2
GO:0099159	9
GO:1902766	2
GO:1903673	1
GO:1904695	2
GO:1904996	13
GO:1905274	7
GO:1990869	16
GO:2000177	11
GO:2000672	11
GO:0071479	42
GO:0031334	50
GO:0030865	10
GO:1900027	9
GO:0033572	11
GO:0097443	6
GO:2001136	3
GO:0010764	13
GO:0030517	24
GO:0051963	29
GO:0002053	26
GO:0008361	24
GO:0010631	16
GO:0010634	39
GO:0030879	37
GO:0051497	34
GO:0005094	3
GO:0035023	32
GO:0098693	15
GO:0071461	3
GO:1901164	8
GO:0001835	30
GO:0005092	15
GO:0030695	26
GO:0005095	12
GO:0045576	8
GO:0007030	128
GO:0009404	8
GO:0034067	21
GO:0042147	85
GO:0003357	7
GO:0021523	3
GO:0021623	2
GO:0021642	1
GO:0021703	1
GO:0030901	34
GO:0043576	6
GO:0048485	17
GO:0048486	2
GO:0071542	30
GO:0006110	13
GO:0007098	50
GO:0031116	27
GO:0034260	16
GO:0051457	15
GO:0006892	16
GO:0007224	94
GO:0032391	44
GO:0042073	36
GO:0042461	4
GO:1903441	5
GO:0001892	26
GO:0017162	8
GO:0030949	19
GO:0033235	13
GO:0046886	3
GO:0003712	134
GO:0016605	110
GO:0032007	33
GO:0033391	14
GO:0042634	6
GO:0042753	12
GO:0090403	4
GO:0140297	180
GO:1901985	4
GO:1990513	5
GO:2000323	7
GO:2001016	4
GO:0001917	68
GO:0002046	5
GO:0051219	40
GO:0004402	33
GO:0004857	64
GO:0005159	16
GO:0031701	2
GO:0032715	67
GO:1990763	11
GO:0007628	34
GO:0031748	7
GO:0032226	3
GO:0043422	11
GO:0045953	18
GO:0051898	78
GO:0098926	1
GO:2000727	10
GO:0004065	14
GO:0004098	1
GO:0008484	11
GO:0003943	2
GO:0007041	26
GO:0009268	7
GO:0010632	6
GO:0043627	49
GO:0061580	1
GO:0004773	1
GO:0006706	7
GO:0005795	39
GO:0033017	41
GO:0008380	322
GO:0017040	7
GO:0017064	4
GO:0046514	7
GO:0050810	9
GO:0062098	1
GO:0003358	5
GO:0003359	1
GO:0003690	139
GO:0007346	77
GO:0007400	1
GO:0007405	48
GO:0007423	27
GO:0014003	28
GO:0021527	13
GO:0021529	5
GO:0021530	3
GO:0021750	2
GO:0021779	1
GO:0021879	8
GO:0021892	4
GO:0021902	6
GO:0021954	23
GO:0021987	88
GO:0022008	103
GO:0043425	29
GO:0045787	44
GO:0048469	37
GO:0048663	33
GO:0048665	24
GO:0048699	20
GO:0048709	45
GO:0048935	12
GO:0050769	31
GO:0050883	2
GO:0051593	8
GO:0060163	2
GO:0060165	1
GO:0060487	10
GO:0060579	3
GO:0061100	1
GO:0061102	3
GO:0061103	1
GO:0061104	2
GO:0061351	33
GO:0061549	9
GO:0070849	5
GO:0071259	1
GO:0097154	11
GO:0097475	11
GO:2000179	21
GO:0010626	8
GO:0019827	48
GO:0035019	64
GO:0045626	4
GO:0060712	1
GO:0060719	1
GO:0061470	11
GO:2000320	9
GO:0004873	2
GO:0038187	42
GO:0031779	1
GO:0031781	4
GO:0031782	4
GO:0032402	22
GO:0040029	62
GO:0042438	14
GO:0044725	9
GO:0048023	10
GO:0004056	1
GO:0006526	4
GO:0008652	27
GO:0019676	1
GO:0042450	2
GO:0170033	1
GO:0008168	189
GO:0008171	8
GO:0008172	3
GO:0017096	1
GO:0032259	191
GO:0019885	9
GO:0032977	17
GO:0043529	3
GO:0045048	10
GO:0071816	17
GO:0004066	2
GO:0006529	2
GO:0070981	1
GO:0006083	1
GO:0019807	1
GO:0005513	15
GO:0010649	7
GO:0010880	28
GO:0014701	10
GO:0031585	1
GO:0032237	5
GO:0032541	8
GO:0033018	10
GO:0033198	18
GO:0034704	27
GO:0035108	31
GO:0045862	22
GO:0060325	33
GO:0062101	2
GO:0090316	23
GO:1901879	1
GO:0000052	3
GO:0000053	1
GO:0004055	1
GO:0007494	8
GO:0010046	4
GO:0014075	10
GO:0060539	9
GO:0070852	7
GO:0071230	67
GO:0071242	5
GO:0071400	3
GO:0071418	3
GO:0071499	9
GO:0007158	16
GO:0007517	114
GO:0045662	27
GO:0071559	13
GO:1904059	2
GO:0045740	29
GO:1990589	4
GO:1990590	2
GO:0035914	49
GO:1903984	1
GO:1990622	2
GO:0007214	30
GO:0008140	10
GO:0032057	4
GO:0034399	17
GO:0035162	18
GO:0043522	11
GO:0045667	17
GO:0045943	26
GO:0070169	5
GO:0070309	8
GO:0070982	1
GO:0097250	12
GO:0140296	12
GO:0140467	25
GO:0140468	9
GO:0160144	6
GO:1903377	14
GO:1905461	11
GO:1990037	3
GO:1990253	13
GO:1990617	2
GO:1990737	3
GO:1990841	73
GO:2000120	3
GO:0003360	8
GO:0003937	1
GO:0004643	1
GO:0046452	4
GO:0046654	7
GO:0098761	14
GO:0000045	98
GO:0000077	47
GO:0000425	18
GO:0000729	15
GO:0001756	50
GO:0002331	4
GO:0004677	3
GO:0006303	45
GO:0006513	55
GO:0007095	36
GO:0007127	11
GO:0007131	33
GO:0007140	31
GO:0007143	11
GO:0007292	21
GO:0008340	38
GO:0016303	10
GO:0030889	18
GO:0032210	6
GO:0032212	23
GO:0033151	11
GO:0035979	3
GO:0036092	23
GO:0036289	5
GO:0043517	17
GO:0045141	9
GO:0048599	19
GO:0070192	8
GO:0071044	14
GO:0071480	28
GO:0071481	10
GO:0071500	3
GO:0090399	16
GO:0097694	2
GO:0097695	2
GO:0110025	14
GO:1900034	15
GO:1904354	5
GO:1904358	6
GO:1904884	2
GO:1990391	14
GO:2000785	17
GO:2000786	23
GO:0000118	43
GO:0021930	9
GO:0021942	3
GO:0048755	6
GO:0048813	38
GO:0014014	2
GO:0021953	44
GO:0042667	1
GO:0042668	1
GO:0045609	2
GO:0061564	40
GO:0097402	5
GO:1904036	16
GO:2000982	1
GO:0006825	11
GO:0016530	1
GO:0016531	4
GO:0032767	3
GO:0060003	3
GO:1903136	9
GO:0005391	7
GO:0005890	12
GO:0006883	22
GO:0007231	9
GO:0008556	6
GO:0010248	11
GO:0030003	22
GO:0030007	18
GO:0031090	50
GO:0031947	1
GO:0036376	15
GO:0045822	6
GO:0045989	2
GO:0055078	20
GO:0055119	13
GO:0060342	4
GO:0086002	24
GO:0086009	14
GO:0086013	10
GO:0086064	12
GO:1903416	6
GO:1990239	6
GO:1990573	46
GO:0001504	11
GO:0006942	8
GO:0019227	11
GO:0019829	14
GO:0019852	11
GO:0021764	4
GO:0021989	1
GO:0035864	8
GO:0040011	12
GO:0051481	11
GO:0051946	2
GO:0051966	33
GO:0086012	12
GO:1903170	3
GO:0060075	13
GO:0098984	9
GO:0005889	3
GO:0006885	21
GO:0008900	3
GO:0055075	21
GO:0090533	2
GO:0030641	6
GO:0097225	56
GO:0097733	9
GO:0120200	9
GO:0001671	27
GO:0030001	30
GO:0044861	2
GO:0141109	11
GO:1903169	8
GO:1903278	11
GO:0001895	15
GO:0021678	5
GO:0021944	1
GO:0031253	13
GO:0044298	3
GO:0120036	4
GO:1903976	2
GO:0043269	9
GO:0099106	10
GO:0005388	9
GO:0030899	2
GO:0031095	9
GO:0031673	2
GO:0032470	3
GO:0032471	6
GO:0051561	9
GO:0051659	1
GO:0070509	21
GO:0090076	3
GO:0106134	2
GO:1901896	2
GO:1902082	2
GO:1990036	3
GO:0003012	5
GO:0006984	1
GO:0010666	17
GO:0014801	2
GO:0014898	15
GO:0016240	7
GO:0032469	20
GO:0070050	33
GO:0086036	7
GO:0086039	1
GO:0090534	2
GO:0097470	5
GO:0098909	8
GO:0106222	35
GO:0140056	3
GO:1903233	2
GO:1903515	2
GO:1990456	8
GO:0015085	12
GO:0001818	47
GO:0098684	8
GO:0140678	32
GO:1900076	10
GO:1990034	6
GO:0032591	16
GO:0099566	9
GO:1905059	1
GO:0098688	24
GO:1905056	1
GO:1990032	2
GO:0014832	6
GO:0030346	8
GO:0036487	3
GO:0051599	3
GO:0071872	12
GO:0071878	5
GO:0097228	36
GO:0097553	10
GO:0098703	28
GO:0098736	1
GO:1900082	2
GO:1901660	3
GO:1902305	16
GO:1902548	2
GO:1902806	11
GO:1903249	1
GO:1905145	2
GO:0010155	3
GO:0045851	7
GO:0015986	23
GO:0016469	6
GO:0032559	1
GO:0042288	20
GO:0042776	64
GO:0043532	4
GO:0045259	22
GO:0046933	17
GO:1902495	20
GO:0004043	1
GO:0008802	1
GO:0019285	2
GO:0042426	4
GO:0006933	4
GO:0046961	24
GO:0051453	28
GO:0006119	27
GO:0033615	8
GO:0015252	10
GO:0033177	5
GO:0000221	12
GO:0007035	23
GO:0007042	25
GO:0016241	57
GO:0033176	17
GO:0033180	7
GO:0036295	8
GO:0051452	15
GO:0061795	10
GO:0097401	18
GO:1904949	11
GO:0003096	4
GO:0016471	14
GO:0035812	4
GO:0042048	9
GO:0055064	13
GO:0097254	3
GO:0000220	10
GO:0030177	48
GO:0033179	10
GO:0098588	20
GO:0033178	2
GO:0099638	5
GO:0001836	23
GO:0005375	7
GO:0006568	3
GO:0006570	5
GO:0009101	21
GO:0010273	16
GO:0015662	6
GO:0015677	7
GO:0016532	3
GO:0021702	14
GO:0021860	8
GO:0030140	18
GO:0031069	34
GO:0033162	23
GO:0042093	5
GO:0042414	3
GO:0042415	10
GO:0042417	18
GO:0042421	9
GO:0042428	10
GO:0043588	55
GO:0043682	2
GO:0045914	2
GO:0048251	11
GO:0051216	89
GO:0140581	2
GO:1903924	2
GO:0006882	35
GO:0007595	41
GO:0051208	5
GO:0075523	19
GO:1990961	13
GO:0006998	24
GO:0008156	16
GO:0031297	41
GO:0032405	7
GO:0032407	7
GO:0036297	39
GO:0044818	21
GO:0051081	5
GO:0070198	11
GO:0070310	2
GO:0000212	8
GO:0000779	20
GO:0000792	51
GO:0004386	135
GO:0005721	30
GO:0006334	120
GO:0010571	6
GO:0015616	6
GO:0031509	11
GO:0032206	32
GO:0035128	2
GO:0060009	13
GO:0062072	18
GO:0070087	6
GO:0072711	11
GO:0099115	2
GO:1904908	2
GO:0003774	55
GO:0003777	61
GO:0005871	47
GO:0007018	87
GO:0008089	29
GO:0008574	19
GO:0010970	6
GO:0061001	19
GO:0099012	4
GO:0099519	4
GO:1904115	62
GO:1990048	4
GO:1990049	5
GO:0003730	247
GO:0004300	8
GO:0004490	1
GO:0006552	7
GO:0009083	18
GO:0050011	1
GO:0005776	85
GO:0030970	17
GO:0031624	32
GO:0034389	18
GO:0061724	3
GO:0140042	17
GO:1990044	4
GO:0002125	4
GO:0005185	2
GO:0007621	4
GO:0009651	9
GO:0031394	9
GO:0031894	2
GO:0031895	1
GO:0032849	4
GO:0035176	59
GO:0042711	14
GO:0051602	24
GO:0051970	6
GO:1904612	5
GO:1990089	3
GO:0001992	5
GO:0005000	7
GO:0014902	16
GO:0021537	29
GO:0090238	5
GO:0003092	1
GO:0001779	19
GO:0001961	11
GO:0007167	17
GO:0009967	29
GO:0021885	3
GO:0032689	44
GO:0032825	10
GO:0034101	13
GO:0035457	11
GO:0042698	8
GO:0046649	9
GO:0048010	31
GO:0048549	5
GO:0051249	3
GO:0051250	3
GO:0060068	10
GO:0097028	16
GO:1903131	3
GO:1903902	6
GO:2000669	9
GO:0001580	43
GO:0001916	34
GO:0002476	14
GO:0002486	14
GO:0006935	161
GO:0008347	11
GO:0019730	12
GO:0032724	2
GO:0035696	5
GO:0043114	16
GO:0045123	5
GO:0045348	15
GO:0048246	17
GO:0070944	4
GO:0001913	18
GO:0002237	9
GO:0002474	17
GO:0002481	2
GO:0002502	9
GO:0002503	16
GO:0002726	14
GO:0003254	10
GO:0006826	31
GO:0019886	31
GO:0031905	5
GO:0034756	2
GO:0034757	1
GO:0042026	27
GO:0042605	47
GO:0042612	10
GO:0042613	17
GO:0042824	8
GO:0045646	6
GO:0050768	30
GO:0050778	40
GO:0060586	28
GO:0071281	7
GO:0071283	2
GO:0071316	8
GO:1990712	8
GO:2000978	2
GO:0002152	1
GO:0006544	7
GO:0006699	27
GO:0016410	10
GO:0016790	11
GO:0019530	6
GO:0033882	2
GO:0047963	1
GO:0052815	2
GO:0052816	15
GO:0098531	3
GO:0006007	6
GO:0010918	8
GO:0044342	19
GO:0045579	15
GO:0046031	1
GO:0050679	73
GO:0071396	39
GO:0090200	25
GO:0097138	2
GO:0097192	36
GO:1902220	1
GO:2000078	3
GO:0000774	15
GO:0034393	8
GO:0001530	42
GO:0006910	8
GO:0042177	45
GO:0043652	9
GO:1901741	16
GO:0033173	20
GO:0007520	28
GO:0048814	21
GO:0061743	7
GO:0090128	19
GO:0099558	12
GO:0150053	9
GO:1905806	8
GO:0001776	9
GO:0001782	28
GO:0001783	11
GO:0002262	11
GO:0002352	2
GO:0008053	22
GO:0009620	6
GO:0010225	10
GO:0015288	6
GO:0031018	22
GO:0034620	18
GO:0044346	11
GO:0048597	4
GO:0051049	24
GO:0051400	3
GO:0060402	14
GO:0065008	45
GO:0097136	9
GO:0097145	2
GO:1901030	9
GO:1902262	5
GO:1903896	8
GO:2001233	9
GO:0032331	23
GO:0042474	22
GO:0055123	9
GO:0060576	10
GO:0000152	6
GO:0031436	2
GO:0031441	1
GO:0035825	12
GO:0042325	6
GO:0046826	8
GO:0061649	9
GO:0070531	8
GO:0070532	4
GO:0070533	6
GO:0140863	2
GO:0140864	2
GO:2000001	15
GO:0001777	1
GO:0002358	2
GO:0002904	4
GO:0006808	2
GO:0010917	13
GO:0030544	51
GO:0032091	26
GO:0032976	1
GO:0033599	5
GO:0035234	19
GO:0043523	26
GO:0043653	10
GO:0045136	2
GO:0048087	2
GO:0048147	35
GO:0048515	11
GO:0048873	38
GO:0051204	4
GO:0051209	48
GO:0051434	6
GO:0060057	3
GO:0060058	4
GO:0072332	29
GO:0097144	1
GO:0097435	16
GO:1902108	8
GO:1902110	7
GO:1902263	3
GO:1902445	3
GO:1902512	5
GO:1904037	11
GO:1990117	2
GO:2000243	5
GO:2000673	2
GO:2001234	36
GO:2001244	37
GO:0000226	149
GO:0005113	8
GO:0005119	4
GO:0005930	132
GO:0008594	5
GO:0021591	21
GO:0021756	15
GO:0030030	214
GO:0034464	8
GO:0042445	25
GO:0048854	22
GO:0060296	9
GO:1905515	58
GO:0007288	34
GO:0014824	10
GO:0033210	10
GO:0033365	22
GO:0038108	4
GO:0040018	34
GO:0044321	10
GO:0000242	23
GO:0002260	17
GO:0007286	123
GO:0030837	19
GO:0032465	40
GO:0034452	15
GO:0034454	11
GO:0035845	15
GO:0035869	39
GO:0043014	44
GO:0046548	10
GO:0048487	43
GO:0050893	3
GO:0060613	10
GO:0071539	25
GO:0097730	34
GO:0120316	25
GO:1902855	1
GO:1903546	7
GO:0004084	2
GO:0009081	5
GO:0009082	2
GO:0052654	2
GO:0052655	2
GO:0052656	2
GO:0006549	1
GO:0006551	2
GO:0006573	2
GO:0010817	5
GO:0014016	7
GO:0016486	18
GO:0019695	3
GO:0050783	1
GO:0050805	11
GO:0003863	2
GO:0016624	6
GO:0120552	4
GO:0160157	4
GO:0000307	46
GO:0000320	4
GO:0010165	19
GO:0010971	29
GO:0016538	32
GO:0017053	65
GO:0030857	17
GO:0031571	16
GO:0033598	12
GO:0033601	6
GO:0061575	12
GO:0097128	2
GO:0097131	2
GO:0097421	29
GO:1901992	7
GO:0001656	38
GO:0001658	45
GO:0001952	15
GO:0002320	7
GO:0002326	5
GO:0002360	6
GO:0002520	5
GO:0002903	11
GO:0006582	2
GO:0008631	18
GO:0009314	20
GO:0010224	9
GO:0010523	5
GO:0010559	2
GO:0014031	7
GO:0014042	3
GO:0014911	17
GO:0016248	2
GO:0021747	3
GO:0022612	9
GO:0030318	21
GO:0031103	16
GO:0032835	13
GO:0032848	1
GO:0033028	10
GO:0033687	12
GO:0033689	14
GO:0042551	21
GO:0043029	39
GO:0043067	12
GO:0043209	30
GO:0043375	2
GO:0045069	3
GO:0045636	5
GO:0046671	2
GO:0048066	14
GO:0048070	6
GO:0048546	19
GO:0048753	1
GO:0048864	7
GO:0060218	21
GO:0070227	5
GO:0070229	1
GO:0070233	12
GO:0072593	45
GO:0097048	3
GO:1902166	16
GO:2000811	19
GO:0032946	4
GO:0044565	3
GO:0046898	4
GO:0051093	13
GO:0051707	15
GO:0071312	6
GO:0071839	1
GO:1900118	21
GO:1902042	29
GO:1902230	16
GO:1902236	20
GO:1903077	25
GO:2000242	10
GO:0002268	2
GO:0002315	9
GO:0002455	5
GO:0032733	43
GO:0032996	1
GO:0033257	2
GO:0042088	10
GO:0042771	33
GO:0045064	9
GO:0046426	21
GO:0051101	2
GO:0001161	3
GO:0001222	51
GO:0001817	68
GO:0002317	6
GO:0002634	5
GO:0002682	55
GO:0005657	30
GO:0021859	5
GO:0031507	71
GO:0032764	2
GO:0032943	3
GO:0032945	3
GO:0042092	10
GO:0042129	17
GO:0042382	10
GO:0043380	1
GO:0045591	18
GO:0048289	3
GO:0048294	3
GO:0050776	46
GO:0051251	5
GO:1900099	2
GO:1903037	6
GO:1903464	1
GO:0140058	8
GO:0005801	66
GO:0014908	4
GO:0016528	21
GO:0017015	24
GO:0060070	105
GO:1990907	13
GO:0005222	9
GO:0005248	20
GO:0005249	64
GO:0008076	87
GO:0030552	25
GO:0034702	147
GO:0036477	18
GO:0071321	7
GO:0098719	28
GO:0098855	4
GO:1904045	7
GO:0008020	15
GO:0009584	15
GO:0009881	13
GO:0016038	6
GO:0071482	16
GO:0071492	11
GO:0120199	9
GO:0002692	2
GO:0043314	2
GO:0060268	1
GO:0060313	2
GO:0065002	3
GO:1905517	6
GO:1905522	7
GO:2000378	19
GO:0032979	5
GO:0032981	41
GO:0033617	27
GO:0034551	14
GO:0045275	13
GO:0003858	2
GO:0016616	61
GO:0002687	19
GO:0004947	2
GO:0003008	42
GO:0004435	25
GO:1902219	5
GO:1902239	1
GO:1990127	1
GO:0005163	5
GO:0010832	18
GO:0021675	19
GO:0031547	5
GO:0031550	2
GO:0038180	14
GO:0048668	14
GO:0048672	9
GO:0001848	7
GO:0001905	13
GO:0002329	2
GO:0006956	35
GO:0006957	16
GO:0031640	104
GO:0106139	20
GO:0005212	23
GO:0045109	70
GO:0070307	9
GO:0001956	9
GO:0008147	2
GO:0009629	7
GO:0032571	3
GO:0033594	1
GO:0034224	7
GO:0045124	11
GO:0045670	14
GO:0060348	77
GO:0071305	13
GO:1903011	2
GO:2000224	5
GO:0005539	27
GO:0019955	42
GO:0050840	33
GO:0061975	6
GO:0001915	8
GO:0002859	3
GO:0006469	21
GO:0007156	167
GO:0010594	9
GO:0015125	13
GO:0015721	27
GO:0030853	9
GO:0031005	14
GO:0031528	33
GO:0032692	7
GO:0035726	9
GO:0038016	3
GO:0038158	5
GO:0042058	12
GO:0043318	3
GO:0045601	3
GO:0050860	30
GO:0051896	27
GO:0060312	4
GO:0070372	33
GO:0098742	18
GO:1901143	4
GO:1903385	4
GO:1903670	10
GO:2000346	3
GO:0006479	17
GO:0006575	2
GO:0006577	2
GO:0006579	2
GO:0009086	11
GO:0046500	4
GO:0047150	2
GO:0050666	1
GO:0071266	1
GO:0071267	3
GO:0008298	10
GO:0009653	160
GO:0031871	3
GO:0045054	6
GO:0045505	37
GO:0072385	4
GO:0072393	2
GO:0099503	10
GO:1900737	2
GO:0006626	29
GO:0042775	9
GO:0043028	2
GO:0090150	12
GO:0097345	9
GO:2000271	11
GO:0001763	10
GO:0032823	2
GO:0033082	2
GO:0042462	21
GO:0045165	75
GO:0048869	1
GO:0051136	2
GO:0060040	6
GO:0060707	14
GO:1990226	17
GO:1990654	1
GO:0000079	22
GO:0000403	4
GO:0000800	15
GO:0002039	71
GO:0003678	42
GO:0003697	109
GO:0008094	31
GO:0009378	6
GO:0016818	13
GO:0031422	4
GO:0032201	5
GO:0032392	8
GO:0043138	13
GO:0045910	16
GO:0051782	7
GO:0051880	10
GO:0061749	2
GO:0061820	9
GO:0061821	4
GO:0061849	3
GO:0071139	5
GO:0072757	5
GO:0090656	12
GO:1905773	3
GO:1990814	3
GO:0004197	65
GO:0008234	154
GO:0043418	4
GO:0070005	2
GO:0016493	23
GO:0016494	8
GO:0019957	23
GO:0030595	16
GO:0042113	44
GO:0048535	21
GO:0070098	64
GO:0004074	2
GO:0038178	4
GO:0042440	1
GO:0106276	1
GO:0106277	1
GO:0160025	3
GO:1905237	2
GO:0030219	13
GO:0035605	3
GO:0042602	1
GO:0052873	1
GO:0052874	1
GO:0000182	7
GO:0001216	24
GO:0006356	4
GO:1900195	3
GO:0006346	29
GO:0007379	8
GO:0021903	3
GO:0031519	27
GO:0033092	6
GO:0035102	18
GO:0045814	42
GO:0048103	10
GO:0051443	8
GO:0071347	56
GO:0071535	3
GO:0090183	3
GO:0097027	9
GO:2000011	2
GO:0001502	21
GO:0061036	17
GO:0002573	7
GO:0003007	61
GO:0003129	8
GO:0003133	2
GO:0003176	7
GO:0003210	2
GO:0003331	3
GO:0006029	11
GO:0010922	3
GO:0019211	6
GO:0021978	7
GO:0030316	49
GO:0030512	129
GO:0031648	60
GO:0032348	4
GO:0035051	2
GO:0035054	3
GO:0036305	8
GO:0039706	13
GO:0042482	5
GO:0042487	7
GO:0043569	10
GO:0045778	21
GO:0048708	25
GO:0048762	13
GO:0051042	1
GO:0051148	10
GO:0060039	8
GO:0060128	3
GO:0060129	6
GO:0060317	14
GO:0060426	11
GO:0060485	10
GO:0060537	7
GO:0070700	13
GO:0072138	2
GO:0150005	3
GO:1901331	7
GO:1905072	4
GO:1905222	4
GO:2000065	4
GO:2000725	2
GO:2000726	10
GO:0001759	12
GO:0001823	13
GO:0003139	11
GO:0003149	10
GO:0003150	6
GO:0003151	63
GO:0003163	8
GO:0003197	13
GO:0003198	13
GO:0003277	1
GO:0003323	14
GO:0007492	34
GO:0007500	3
GO:0009948	22
GO:0010159	3
GO:0010453	3
GO:0021904	13
GO:0030224	20
GO:0030326	59
GO:0032092	10
GO:0033085	6
GO:0033088	6
GO:0035990	2
GO:0035993	3
GO:0042306	8
GO:0042733	57
GO:0043068	17
GO:0045606	8
GO:0045839	7
GO:0045843	6
GO:0048333	13
GO:0048392	1
GO:0048598	23
GO:0048660	11
GO:0048701	31
GO:0048745	16
GO:0051150	5
GO:0055020	1
GO:0060235	4
GO:0060272	11
GO:0060363	6
GO:0060425	25
GO:0060429	17
GO:0060433	2
GO:0060438	4
GO:0060440	7
GO:0060441	20
GO:0060442	6
GO:0060449	7
GO:0060502	5
GO:0060503	1
GO:0060512	5
GO:0060513	4
GO:0060592	1
GO:0060684	4
GO:0060686	4
GO:0060687	5
GO:0060688	3
GO:0061035	5
GO:0061047	2
GO:0061626	11
GO:0072104	3
GO:0072125	3
GO:0072179	4
GO:0072197	7
GO:0072200	1
GO:0090189	2
GO:0090191	2
GO:0090194	1
GO:1902893	4
GO:1904238	5
GO:1904706	43
GO:1904753	26
GO:1905312	3
GO:1905770	1
GO:2000005	1
GO:2000007	1
GO:2000636	2
GO:0003344	7
GO:0009888	51
GO:0010719	53
GO:0021502	3
GO:0030539	19
GO:0030902	20
GO:0048468	43
GO:0048738	24
GO:0060710	7
GO:0061384	8
GO:0071676	2
GO:0097065	5
GO:1905069	4
GO:0001654	50
GO:0031666	11
GO:0032349	3
GO:0043117	12
GO:1903392	2
GO:2000048	11
GO:2000860	3
GO:0007435	10
GO:0009880	32
GO:0010664	4
GO:0035239	6
GO:0048596	15
GO:0048754	29
GO:0060445	12
GO:0070487	3
GO:0072040	1
GO:0072133	3
GO:0072134	2
GO:0072136	3
GO:0090336	16
GO:1900106	3
GO:1901145	1
GO:1901223	42
GO:2000121	7
GO:0003161	16
GO:0003186	5
GO:0003222	15
GO:0003223	7
GO:0007398	15
GO:0009950	11
GO:0010665	2
GO:0014032	24
GO:0014912	12
GO:0021998	1
GO:0032915	3
GO:0035137	9
GO:0036122	21
GO:0048339	11
GO:0048352	1
GO:0048368	4
GO:0048378	2
GO:0048382	7
GO:0048568	42
GO:0060043	7
GO:0060045	32
GO:0060896	1
GO:0060914	5
GO:0060928	4
GO:1904414	1
GO:1904707	53
GO:1905285	1
GO:1905292	1
GO:0001550	4
GO:0002063	21
GO:0030166	21
GO:0060350	6
GO:1902043	11
GO:1902731	5
GO:0003177	4
GO:0003252	2
GO:0014916	2
GO:0040017	3
GO:0048842	7
GO:0060173	56
GO:0060413	13
GO:0072577	12
GO:1905314	1
GO:0006661	44
GO:0000428	37
GO:0005666	18
GO:0006383	24
GO:0032728	41
GO:0042797	11
GO:0005484	37
GO:0007029	46
GO:0016320	5
GO:0031201	46
GO:0048763	5
GO:0090649	7
GO:0140208	2
GO:0001824	29
GO:0031616	15
GO:0000422	25
GO:0000423	58
GO:0005740	16
GO:0010637	8
GO:0016239	32
GO:0035694	10
GO:0043069	26
GO:0043243	4
GO:0045837	2
GO:0048102	5
GO:0055093	14
GO:0061709	21
GO:0061753	8
GO:0071279	3
GO:0090141	22
GO:0140506	4
GO:0140507	11
GO:0140580	1
GO:1902109	5
GO:1903599	4
GO:1990144	3
GO:0005521	16
GO:0035794	3
GO:1901524	14
GO:1903214	8
GO:0005640	33
GO:0006921	2
GO:0033106	13
GO:0072718	2
GO:1900119	21
GO:1901382	2
GO:1902237	11
GO:1903899	4
GO:1904708	2
GO:0008090	11
GO:0030011	7
GO:0030056	8
GO:0031581	6
GO:0035371	24
GO:0045104	23
GO:0045111	53
GO:0099513	7
GO:0001555	4
GO:0002074	6
GO:0006309	12
GO:0019101	1
GO:0033686	4
GO:0046881	6
GO:0060014	1
GO:0060065	23
GO:0004082	4
GO:0004619	4
GO:0007585	31
GO:0015671	17
GO:0016868	9
GO:0060856	11
GO:1901136	2
GO:0047658	1
GO:0050667	10
GO:0043031	11
GO:0000793	36
GO:0000931	11
GO:0006301	13
GO:0007549	1
GO:0033147	15
GO:0043009	11
GO:0044027	16
GO:0046600	7
GO:0060816	13
GO:0071681	5
GO:0002318	7
GO:0004708	16
GO:0010828	8
GO:0016079	28
GO:0030878	30
GO:0043367	7
GO:0043368	3
GO:0043369	3
GO:0048679	9
GO:0048680	8
GO:0050772	30
GO:0060291	74
GO:0060323	10
GO:0099170	25
GO:2000301	6
GO:0000722	11
GO:0001833	15
GO:0006289	42
GO:0007141	29
GO:0010484	8
GO:0010485	12
GO:0033593	1
GO:0033600	5
GO:0043015	35
GO:0051276	51
GO:0051298	19
GO:0070200	7
GO:0072089	54
GO:1990426	2
GO:0035092	19
GO:0043484	79
GO:0051321	137
GO:0140008	4
GO:0000288	17
GO:0000932	100
GO:0003342	3
GO:0010837	10
GO:0021915	45
GO:0031086	2
GO:0031440	4
GO:0044344	33
GO:0045577	11
GO:0045647	10
GO:0045657	10
GO:0045661	6
GO:0051028	112
GO:0061158	19
GO:0071375	18
GO:0072091	11
GO:0097403	2
GO:1900153	12
GO:1901991	6
GO:1902172	2
GO:1904582	3
GO:0006402	33
GO:0004946	2
GO:0008188	24
GO:0031989	2
GO:0002080	31
GO:0007566	48
GO:0030593	55
GO:0046598	15
GO:0070593	16
GO:0098632	35
GO:1904466	3
GO:0001931	13
GO:0002691	1
GO:0050848	15
GO:0061809	16
GO:0090022	3
GO:0090322	3
GO:2001044	6
GO:0002737	1
GO:0008191	14
GO:0034341	31
GO:0035456	11
GO:0045071	44
GO:0070665	6
GO:1901253	2
GO:0038138	6
GO:0045840	29
GO:0051781	48
GO:0006768	4
GO:0047708	1
GO:0010839	24
GO:0071387	1
GO:0014816	9
GO:0014901	3
GO:0030033	8
GO:0032534	5
GO:0043403	26
GO:0043426	5
GO:0061586	1
GO:1990859	10
GO:0005854	5
GO:1905551	2
GO:0001805	3
GO:0001812	2
GO:0002344	2
GO:0002553	5
GO:0002639	33
GO:0002721	1
GO:0002755	16
GO:0002902	2
GO:0030167	3
GO:0038095	24
GO:0050864	6
GO:0050869	10
GO:0061516	1
GO:0070664	3
GO:0071226	4
GO:0141111	8
GO:0150153	1
GO:1900227	33
GO:1901647	4
GO:1990959	3
GO:0000940	20
GO:0007063	1
GO:0051754	5
GO:0051983	12
GO:0140995	1
GO:2000720	1
GO:0005680	22
GO:0007091	7
GO:0033045	2
GO:0033597	4
GO:0071459	8
GO:0000462	24
GO:0006364	162
GO:0030515	21
GO:0030688	12
GO:1904749	3
GO:0006694	65
GO:0006820	19
GO:0006821	81
GO:0008503	11
GO:0010042	5
GO:0015918	17
GO:0032570	31
GO:0048265	19
GO:0060242	3
GO:0060252	22
GO:0060253	11
GO:0062100	4
GO:1901525	10
GO:1903579	2
GO:1905144	8
GO:2000853	1
GO:0000957	6
GO:0006958	37
GO:0008134	20
GO:0030449	9
GO:0030984	2
GO:0031690	1
GO:0039534	4
GO:0039536	8
GO:0042256	5
GO:0048025	22
GO:0050687	14
GO:0060703	3
GO:0062153	4
GO:0070131	16
GO:0090023	25
GO:0097177	7
GO:2000510	8
GO:0001791	6
GO:0005581	85
GO:0005602	5
GO:0019864	14
GO:0062167	3
GO:0098883	7
GO:0098888	4
GO:0098890	8
GO:0150062	4
GO:0150064	3
GO:0045650	9
GO:0008228	18
GO:0140313	17
GO:0001867	13
GO:0005601	3
GO:0097066	8
GO:0160257	12
GO:2000427	6
GO:0001798	3
GO:0001970	2
GO:0008009	50
GO:0010866	2
GO:0031715	1
GO:0035846	3
GO:0060100	12
GO:0097242	17
GO:0097278	3
GO:0004875	12
GO:0004876	1
GO:0004878	3
GO:0010759	21
GO:0032490	3
GO:0009609	5
GO:0045959	7
GO:1903027	2
GO:0004198	17
GO:0005579	7
GO:0010760	7
GO:0044218	7
GO:0050920	9
GO:0007606	30
GO:0032494	6
GO:0099172	3
GO:0004497	89
GO:0001906	2
GO:0000938	5
GO:0006605	49
GO:0090119	6
GO:1990745	5
GO:0003735	175
GO:0005761	26
GO:0005762	54
GO:0032543	93
GO:0019002	3
GO:0022010	16
GO:0031643	21
GO:0032286	5
GO:0048714	25
GO:0006487	62
GO:0008250	14
GO:0062062	1
GO:0160226	9
GO:0160227	8
GO:0004465	13
GO:0006639	3
GO:0006640	9
GO:0047372	15
GO:0098921	3
GO:0150077	10
GO:0022604	30
GO:0032059	9
GO:0032794	11
GO:0051014	13
GO:0060392	42
GO:0043518	15
GO:1902254	8
GO:0032511	12
GO:0004064	6
GO:0004089	16
GO:0009750	7
GO:0016836	9
GO:0018820	2
GO:0002009	51
GO:0044070	5
GO:0046903	8
GO:2001150	2
GO:2001225	4
GO:0003009	32
GO:0016151	5
GO:0033993	18
GO:0044320	10
GO:1903751	7
GO:0005791	38
GO:0015701	33
GO:0044849	12
GO:0005245	41
GO:0005262	109
GO:0005891	29
GO:0008331	13
GO:1903235	3
GO:0045762	5
GO:0045933	7
GO:0061337	13
GO:0061577	3
GO:0086007	4
GO:0086045	5
GO:0086056	3
GO:0098911	11
GO:0098912	3
GO:1990454	12
GO:0010959	5
GO:0030506	19
GO:0051050	9
GO:0060372	6
GO:0086059	2
GO:1901379	28
GO:0022843	8
GO:0050908	24
GO:1901386	6
GO:0043501	1
GO:0071313	11
GO:0010715	5
GO:0038062	2
GO:0038063	12
GO:0060444	11
GO:0061302	2
GO:0086048	3
GO:0086057	1
GO:0098903	3
GO:0099626	3
GO:1904879	3
GO:1901843	2
GO:0046058	4
GO:1904751	6
GO:2000300	38
GO:0005476	1
GO:0006839	16
GO:0006853	4
GO:0015227	2
GO:1902603	6
GO:1902616	3
GO:0004070	1
GO:0004087	2
GO:0004088	2
GO:0004151	2
GO:0004359	4
GO:0006207	6
GO:0006221	9
GO:0006225	5
GO:0006228	10
GO:0006541	15
GO:0016743	2
GO:0016810	11
GO:0016812	8
GO:0019240	4
GO:0044205	3
GO:0051414	6
GO:0055086	9
GO:0070335	1
GO:0072528	2
GO:0005499	6
GO:0007614	13
GO:0010842	27
GO:0032437	11
GO:0035502	4
GO:0072221	4
GO:0072286	1
GO:0099523	28
GO:0099524	29
GO:0099534	2
GO:0099567	1
GO:0005921	29
GO:0044293	2
GO:0099536	13
GO:0001976	3
GO:0031716	2
GO:0032147	12
GO:0032730	7
GO:0045651	15
GO:0045671	30
GO:0045779	15
GO:0150059	4
GO:0150060	4
GO:1990408	6
GO:0001635	4
GO:0004948	2
GO:0032841	1
GO:0097642	1
GO:0097643	3
GO:0097647	4
GO:0150056	1
GO:0150057	1
GO:0150058	2
GO:0150061	3
GO:0005523	15
GO:0030478	4
GO:0000922	160
GO:0007259	67
GO:0010856	5
GO:0035458	29
GO:0046427	40
GO:0060314	4
GO:0060315	2
GO:0072542	19
GO:0097720	10
GO:0098901	6
GO:0140238	5
GO:0141110	6
GO:1901842	2
GO:1901844	9
GO:1902494	24
GO:1905913	5
GO:0031800	3
GO:0043548	17
GO:0090151	2
GO:0005049	12
GO:0034504	50
GO:0034975	12
GO:0040020	7
GO:0042921	4
GO:0044183	61
GO:0044194	12
GO:0048387	10
GO:0050681	26
GO:0060473	6
GO:0098553	35
GO:1904614	3
GO:0002735	7
GO:0004683	22
GO:0009931	6
GO:0033081	7
GO:0043011	18
GO:0005954	5
GO:0035254	7
GO:0046928	23
GO:0051346	2
GO:1990443	1
GO:2000124	3
GO:2001222	30
GO:0014733	2
GO:0051823	4
GO:0061003	20
GO:0090129	8
GO:0019871	8
GO:0060341	8
GO:0086003	10
GO:1901897	2
GO:0004723	3
GO:0001881	13
GO:0006952	163
GO:0032435	47
GO:0002539	1
GO:0002544	10
GO:0002760	2
GO:0019835	4
GO:0032725	15
GO:0035821	3
GO:0051838	11
GO:0051873	12
GO:0071224	7
GO:0071354	18
GO:0071360	16
GO:0071642	3
GO:0097187	7
GO:1903545	2
GO:0019082	32
GO:0044233	25
GO:0008154	23
GO:0030031	20
GO:0051693	19
GO:0032801	15
GO:0050790	5
GO:0060056	6
GO:0097264	11
GO:0110158	4
GO:0032675	13
GO:0051493	24
GO:0051603	53
GO:2001247	3
GO:0012501	42
GO:0014718	2
GO:0030239	15
GO:0033234	11
GO:0055103	2
GO:0061061	19
GO:0070315	6
GO:1990092	1
GO:0001578	33
GO:0071203	15
GO:0010859	1
GO:1990709	1
GO:2000675	6
GO:0030032	36
GO:0120212	17
GO:0004817	2
GO:0006423	2
GO:0001778	32
GO:0002221	21
GO:0032741	12
GO:0046456	10
GO:0050700	15
GO:0061702	15
GO:0070269	40
GO:0070498	28
GO:0072557	3
GO:0072558	6
GO:0072559	8
GO:0097169	3
GO:0097179	2
GO:0140447	5
GO:0140970	2
GO:0141201	14
GO:0001554	5
GO:1905369	3
GO:0004190	30
GO:0004861	13
GO:0007413	18
GO:0008627	2
GO:0009411	54
GO:0016005	2
GO:0034349	3
GO:0048011	15
GO:0061713	4
GO:0071887	4
GO:0072347	6
GO:0072734	5
GO:0140639	9
GO:0044546	22
GO:0160074	1
GO:0160075	6
GO:2000494	3
GO:0002218	37
GO:0010803	23
GO:0030101	28
GO:0035877	4
GO:0036462	9
GO:0060715	3
GO:0097342	6
GO:0008303	1
GO:0071680	1
GO:0014802	4
GO:0014804	1
GO:0014809	4
GO:0014870	2
GO:0051258	17
GO:0051282	5
GO:1901341	1
GO:2001256	14
GO:0060306	15
GO:0086029	2
GO:0140314	1
GO:1905024	3
GO:0007254	61
GO:0007635	6
GO:0032782	6
GO:0035729	15
GO:0050927	11
GO:0071774	11
GO:0090280	17
GO:0099505	31
GO:0140582	5
GO:0004096	3
GO:0004601	34
GO:0009642	11
GO:0009650	12
GO:0010193	4
GO:0014854	3
GO:0016684	7
GO:0033189	15
GO:0033591	4
GO:0050661	41
GO:0061692	2
GO:0062151	1
GO:0072722	1
GO:0080184	2
GO:0001960	16
GO:0002067	9
GO:0002095	2
GO:0003057	2
GO:0008142	16
GO:0010608	32
GO:0016050	17
GO:0019065	11
GO:0030292	8
GO:0032507	5
GO:0033484	3
GO:0034143	7
GO:0044860	3
GO:0048144	42
GO:0048550	4
GO:0070320	1
GO:0070836	9
GO:0071218	12
GO:0071711	29
GO:0072584	5
GO:0140311	47
GO:1903361	3
GO:1904294	19
GO:2000535	5
GO:0006906	28
GO:0007088	23
GO:0014856	5
GO:0014859	1
GO:0019076	18
GO:0048278	21
GO:0060161	4
GO:0003300	13
GO:0010614	18
GO:0010831	15
GO:0014819	6
GO:0016010	16
GO:0019870	10
GO:0031579	5
GO:0035995	7
GO:0038009	1
GO:0051394	1
GO:0051647	5
GO:0060299	1
GO:0060347	15
GO:0060373	7
GO:0060762	5
GO:0061052	14
GO:0071253	5
GO:0090279	9
GO:1900825	4
GO:1900826	1
GO:1904637	6
GO:2000060	30
GO:2001288	4
GO:0002051	3
GO:0036076	1
GO:0040036	7
GO:0045879	35
GO:0060395	25
GO:2000648	41
GO:0010755	3
GO:0016513	3
GO:0030099	35
GO:0030854	7
GO:0043371	4
GO:0043378	5
GO:0061026	4
GO:1905203	3
GO:0006351	113
GO:0030851	15
GO:0030098	11
GO:0006704	7
GO:0140104	12
GO:0016600	9
GO:0023051	15
GO:0032487	4
GO:0036120	26
GO:0036312	11
GO:0042059	21
GO:0070086	7
GO:2000583	3
GO:0002669	6
GO:0002870	4
GO:0035739	9
GO:0099149	26
GO:0140252	3
GO:0021707	7
GO:0090394	11
GO:0098820	6
GO:0099151	16
GO:0099550	5
GO:1905703	1
GO:0003433	2
GO:0006986	78
GO:0032964	12
GO:0004090	10
GO:0016655	10
GO:0042373	7
GO:0046457	7
GO:0047020	2
GO:0047021	1
GO:0050221	1
GO:0160163	2
GO:0000253	5
GO:0008753	4
GO:0042376	6
GO:0070402	18
GO:0004122	2
GO:0006534	6
GO:0006535	2
GO:0006565	5
GO:0006801	22
GO:0009069	4
GO:0010749	3
GO:0019343	3
GO:0019344	4
GO:0019346	5
GO:0042262	7
GO:0044272	2
GO:0046328	24
GO:0050421	5
GO:0060351	9
GO:0070025	3
GO:0070026	5
GO:0070814	4
GO:0072341	7
GO:1904047	23
GO:0031463	61
GO:0033150	3
GO:1990756	132
GO:0016212	4
GO:0047316	1
GO:0047804	2
GO:0070189	4
GO:0097053	4
GO:0007586	26
GO:0038188	3
GO:0004951	2
GO:0001696	9
GO:0015054	1
GO:0031741	1
GO:0046935	6
GO:0048565	34
GO:0048732	4
GO:0003158	10
GO:0033622	11
GO:0045765	43
GO:2000114	17
GO:0001939	10
GO:0001940	8
GO:0033762	10
GO:0043687	38
GO:0044772	9
GO:0044843	4
GO:0071314	11
GO:0071373	5
GO:0071392	36
GO:0097122	2
GO:0097124	3
GO:1990314	12
GO:2000573	12
GO:0007080	47
GO:0031442	5
GO:0044389	26
GO:0046680	1
GO:0051987	3
GO:0055015	11
GO:0060623	2
GO:0071398	24
GO:0090266	8
GO:0097125	2
GO:1905448	4
GO:0016592	38
GO:0045023	4
GO:1990508	5
GO:0097129	3
GO:0004693	29
GO:0042098	51
GO:0097130	2
GO:0097133	2
GO:0006270	27
GO:0007129	33
GO:0097134	3
GO:1902462	7
GO:0010826	5
GO:0010997	9
GO:0019005	65
GO:0000439	12
GO:0005675	13
GO:0006367	59
GO:0016251	52
GO:0070516	4
GO:0070985	3
GO:0008024	8
GO:0017069	13
GO:0032968	57
GO:0043923	18
GO:0070691	2
GO:0097322	9
GO:0019085	2
GO:0019086	4
GO:0051147	9
GO:0005832	11
GO:0071987	6
GO:0140662	40
GO:1904851	3
GO:1904871	10
GO:1904874	9
GO:0030883	5
GO:0030884	5
GO:0048006	5
GO:0048007	7
GO:0071723	9
GO:0002286	23
GO:0051861	6
GO:0016045	12
GO:0030881	9
GO:0030882	1
GO:0034113	31
GO:0045058	3
GO:0001766	3
GO:0030887	2
GO:0042267	41
GO:0042105	12
GO:0045059	12
GO:0046631	9
GO:0001954	27
GO:0007172	8
GO:0030159	33
GO:0032753	27
GO:0033634	6
GO:0042106	6
GO:0042608	12
GO:0046629	10
GO:2000563	10
GO:0070228	1
GO:0033001	3
GO:0038094	13
GO:0019865	5
GO:0033674	8
GO:0035397	1
GO:0035723	10
GO:0042011	1
GO:0042012	1
GO:0042289	6
GO:0050863	13
GO:1904313	2
GO:0008037	9
GO:1903661	1
GO:0001771	14
GO:0002438	5
GO:0070891	6
GO:1900017	38
GO:0038110	12
GO:0019882	48
GO:0023024	7
GO:0045065	1
GO:0014905	5
GO:0035036	15
GO:1905521	4
GO:0001847	1
GO:0001875	7
GO:0002752	11
GO:0016019	5
GO:0034145	14
GO:0046696	5
GO:0071223	11
GO:0071727	3
GO:0001923	2
GO:0016064	86
GO:0019724	6
GO:0050851	8
GO:0050855	6
GO:0002115	10
GO:1902656	3
GO:1905665	10
GO:0002638	8
GO:0002683	5
GO:0033691	22
GO:0042609	9
GO:0050849	7
GO:0050859	11
GO:0090717	3
GO:0160162	5
GO:0002863	3
GO:0045066	4
GO:0045589	8
GO:0048304	11
GO:0098636	5
GO:0002710	3
GO:0032761	3
GO:0045630	7
GO:0032759	2
GO:0043374	3
GO:0002765	2
GO:0008160	5
GO:0150102	3
GO:0032703	28
GO:0035759	2
GO:0036053	1
GO:0038001	7
GO:0043199	6
GO:0060290	8
GO:0061042	9
GO:0071657	4
GO:0071971	1
GO:0072011	5
GO:0072254	1
GO:0002532	7
GO:0005041	15
GO:0015636	3
GO:0015908	34
GO:0015911	4
GO:0015912	1
GO:0030169	17
GO:0030299	11
GO:0031664	4
GO:0034381	4
GO:0035325	6
GO:0038024	25
GO:0044539	10
GO:0050909	43
GO:0060907	24
GO:0070053	4
GO:0070543	3
GO:0070892	2
GO:0071221	6
GO:0071447	7
GO:0098900	3
GO:0150024	1
GO:0150025	1
GO:0150094	8
GO:1901480	2
GO:1990379	5
GO:2000334	2
GO:0005545	15
GO:0010750	4
GO:0010867	14
GO:0010899	2
GO:0015920	2
GO:0032497	5
GO:0035461	3
GO:0043654	7
GO:0044406	4
GO:0050764	10
GO:0055097	1
GO:0070506	2
GO:0098856	3
GO:1902070	2
GO:0006622	27
GO:0015917	5
GO:0043470	1
GO:1904978	2
GO:1905671	8
GO:2000752	4
GO:0002920	3
GO:0030886	4
GO:0050688	9
GO:0019674	19
GO:0033194	9
GO:0004050	3
GO:0004382	10
GO:0009134	4
GO:0009181	2
GO:0017110	11
GO:0017111	14
GO:0036384	4
GO:0043273	6
GO:0045134	9
GO:0046032	3
GO:0103023	1
GO:1990003	4
GO:0008894	1
GO:0009143	6
GO:0006011	3
GO:0006256	3
GO:0051084	4
GO:0002637	9
GO:0002768	11
GO:0023035	10
GO:0033590	3
GO:0036018	4
GO:0045935	13
GO:0090037	3
GO:1902216	3
GO:0005174	2
GO:0045190	20
GO:0004896	50
GO:0030214	16
GO:0031258	24
GO:0035692	2
GO:1900625	3
GO:2000392	3
GO:0022409	21
GO:0032649	10
GO:0032653	2
GO:0032655	4
GO:0050765	18
GO:0060368	4
GO:0070051	7
GO:0071349	2
GO:0086080	6
GO:1904669	10
GO:0045321	14
GO:0043113	28
GO:0043495	36
GO:0001971	3
GO:0045916	5
GO:1903659	8
GO:1903660	5
GO:0010633	17
GO:0031088	6
GO:0048757	1
GO:0050931	1
GO:1900746	4
GO:2001046	13
GO:0002437	17
GO:0002605	4
GO:0035425	8
GO:0072594	9
GO:0072678	14
GO:2000329	7
GO:0046651	12
GO:0001516	17
GO:0002606	7
GO:0002792	1
GO:0002830	6
GO:0005773	23
GO:0019883	2
GO:0035691	1
GO:0035693	1
GO:0035718	2
GO:0042658	1
GO:0043030	11
GO:0045581	7
GO:2000343	12
GO:2000448	2
GO:0019815	4
GO:0071755	3
GO:0034238	1
GO:0035783	1
GO:0050861	9
GO:0050871	10
GO:0061462	33
GO:0070863	9
GO:0072675	6
GO:1903911	2
GO:1904352	2
GO:1905676	1
GO:1990459	12
GO:2000553	9
GO:2001190	3
GO:0008655	2
GO:0019858	2
GO:0044206	6
GO:0071217	2
GO:0072527	2
GO:1901135	18
GO:0007077	11
GO:0007344	1
GO:0008353	10
GO:0014038	1
GO:0016579	106
GO:0030261	28
GO:0030332	34
GO:0034501	11
GO:0035173	6
GO:0042307	40
GO:0046105	5
GO:0046785	25
GO:0061523	12
GO:0062033	3
GO:0090166	6
GO:0097121	2
GO:0097472	3
GO:1902423	1
GO:1902850	4
GO:1904860	3
GO:1990506	2
GO:0046605	9
GO:0050684	18
GO:0034497	17
GO:0000398	184
GO:0000974	14
GO:0005662	13
GO:0005681	186
GO:0071007	30
GO:0071013	89
GO:0005940	13
GO:0016476	2
GO:0031105	13
GO:0032153	14
GO:0061640	21
GO:0097227	10
GO:1902857	9
GO:0000076	13
GO:0003688	16
GO:0007089	4
GO:0033314	11
GO:0051984	13
GO:1904385	16
GO:0007064	16
GO:0044784	1
GO:0045842	13
GO:0050773	17
GO:0051445	20
GO:1904668	6
GO:1990757	12
GO:1990949	1
GO:0110032	3
GO:1902751	6
GO:0007144	9
GO:0050699	24
GO:0141198	19
GO:0061631	36
GO:0000322	2
GO:0003015	11
GO:0003253	7
GO:0007097	22
GO:0010591	9
GO:0010592	28
GO:0017119	10
GO:0030010	46
GO:0031333	36
GO:0032427	2
GO:0035050	26
GO:0035088	5
GO:0044788	8
GO:0046847	24
GO:0048664	8
GO:0051491	30
GO:0051683	8
GO:0060501	7
GO:0060997	18
GO:0072384	14
GO:0086101	3
GO:0002159	7
GO:0007043	38
GO:0016339	46
GO:0030057	30
GO:0044331	42
GO:0071503	3
GO:0099576	4
GO:0140459	6
GO:1903829	15
GO:0010001	21
GO:0016327	23
GO:0045294	11
GO:0060019	8
GO:0070445	3
GO:0090497	2
GO:0097091	12
GO:0097118	3
GO:1902897	4
GO:2000809	2
GO:0022405	8
GO:0031424	74
GO:0032773	1
GO:0051796	1
GO:1902910	1
GO:0045773	31
GO:0048675	37
GO:0001886	15
GO:0031115	13
GO:0043184	9
GO:0099560	29
GO:0099634	35
GO:0021957	7
GO:0043616	29
GO:0051668	5
GO:0055100	3
GO:0097237	12
GO:0005427	2
GO:0006857	4
GO:0033626	2
GO:0035672	2
GO:0000805	5
GO:0000806	2
GO:0007099	24
GO:0010389	15
GO:0015030	84
GO:0031453	2
GO:0031848	7
GO:0032298	2
GO:0043247	9
GO:0097123	2
GO:0097135	2
GO:1905784	2
GO:0060260	3
GO:0061469	7
GO:1904628	12
GO:0005176	3
GO:0014044	20
GO:0016533	3
GO:0021695	8
GO:0021697	3
GO:0021819	18
GO:0022038	20
GO:0030547	9
GO:0031914	4
GO:0035255	31
GO:0043125	5
GO:0045956	14
GO:0048148	17
GO:0048489	20
GO:0050321	21
GO:0099533	1
GO:1901987	11
GO:1903234	1
GO:1903421	2
GO:0021542	26
GO:0042063	8
GO:0043697	5
GO:0045638	19
GO:0097132	1
GO:0001111	8
GO:0006368	46
GO:0042795	11
GO:0140836	1
GO:0160240	21
GO:0003711	8
GO:0008023	22
GO:0120186	7
GO:0120187	3
GO:0140673	8
GO:0004860	44
GO:0010558	34
GO:0051170	7
GO:0070557	2
GO:0071460	4
GO:0071493	14
GO:0072331	9
GO:0090400	4
GO:0090402	7
GO:1904030	3
GO:1905179	2
GO:2000278	12
GO:2000279	9
GO:0007096	13
GO:0019914	1
GO:0031464	14
GO:0033673	6
GO:0051168	14
GO:0060767	8
GO:0060770	6
GO:0071236	7
GO:1901990	11
GO:1902746	2
GO:0030511	34
GO:0042326	6
GO:0060669	5
GO:0071514	17
GO:0016925	53
GO:0019789	22
GO:0030575	3
GO:0035985	4
GO:0046822	9
GO:0046825	11
GO:0055104	1
GO:0055105	5
GO:0097371	12
GO:1901798	13
GO:1902570	11
GO:1903051	4
GO:1904667	9
GO:1990948	13
GO:2000059	25
GO:2000111	3
GO:2000435	5
GO:0031670	8
GO:2000647	20
GO:0000731	23
GO:0004722	98
GO:0008138	21
GO:0000097	1
GO:0017172	1
GO:0042412	4
GO:0097184	1
GO:0004142	3
GO:0004605	3
GO:0006657	7
GO:0008654	58
GO:0016024	14
GO:0016772	15
GO:0003336	2
GO:0043589	13
GO:1905716	1
GO:0045730	15
GO:0008327	30
GO:0014807	6
GO:0060575	11
GO:0060711	10
GO:0034109	9
GO:0034235	9
GO:0001163	1
GO:0006360	15
GO:0033274	2
GO:0035189	5
GO:0036488	3
GO:0043032	21
GO:0050872	19
GO:0070102	16
GO:0070343	4
GO:0071548	17
GO:0071837	12
GO:0097677	12
GO:1902034	5
GO:1990647	2
GO:2000144	8
GO:0002432	2
GO:0035035	26
GO:0035259	14
GO:0035711	3
GO:0061515	5
GO:0072574	7
GO:1901329	3
GO:2001198	4
GO:0016071	13
GO:0043353	7
GO:0043388	14
GO:0043433	23
GO:0004771	8
GO:0008126	4
GO:0050253	6
GO:0000132	37
GO:0030527	98
GO:0034080	11
GO:0043505	18
GO:0051382	13
GO:0061638	1
GO:0061644	18
GO:0003696	4
GO:0019237	6
GO:0000939	19
GO:0051315	19
GO:0051455	1
GO:0000280	9
GO:0005828	21
GO:0007051	19
GO:0007079	4
GO:0008608	19
GO:0043515	6
GO:0051310	16
GO:0099606	1
GO:0099607	1
GO:1990023	14
GO:0016202	6
GO:0045120	8
GO:0071897	32
GO:0097539	8
GO:0047374	3
GO:0070857	5
GO:0090122	1
GO:0120188	2
GO:0034605	52
GO:0005643	92
GO:0044615	13
GO:0070390	5
GO:0071942	3
GO:0097729	34
GO:0010874	7
GO:0017129	4
GO:0032376	8
GO:0001842	4
GO:0010593	7
GO:0030042	12
GO:0030043	4
GO:0030835	6
GO:0030836	9
GO:0032232	6
GO:0040019	15
GO:0051293	6
GO:0051511	1
GO:0071362	1
GO:0090732	1
GO:0098885	12
GO:1902936	13
GO:1905873	1
GO:1905875	2
GO:2000146	14
GO:2000784	1
GO:2000814	1
GO:0008239	12
GO:0016505	5
GO:0019902	53
GO:0030134	40
GO:0031642	9
GO:1903052	7
GO:1903980	9
GO:0005254	78
GO:0005260	1
GO:0015106	12
GO:0015108	22
GO:0017081	8
GO:0019869	7
GO:0030660	19
GO:0034707	55
GO:0048240	25
GO:0051454	3
GO:0060081	8
GO:0070175	5
GO:0098660	2
GO:0106138	1
GO:1902943	1
GO:0006590	16
GO:0010469	4
GO:0010893	2
GO:0016913	2
GO:0016914	2
GO:0032275	4
GO:0042699	3
GO:0046621	9
GO:0046884	2
GO:0061696	3
GO:1900155	2
GO:0004102	1
GO:0006836	57
GO:0008292	3
GO:0007084	10
GO:0016032	16
GO:0051225	40
GO:1901673	25
GO:0034728	6
GO:0140002	26
GO:0140658	19
GO:0016581	16
GO:0042659	13
GO:2000736	23
GO:0001221	42
GO:0072553	5
GO:0150048	3
GO:0004303	19
GO:0008209	20
GO:0032052	8
GO:0047023	8
GO:0047024	6
GO:0047035	8
GO:0047044	9
GO:0047045	8
GO:0047086	5
GO:0047743	1
GO:0071395	4
GO:0010569	18
GO:0035402	3
GO:0046602	5
GO:0070317	9
GO:1902742	10
GO:0097094	10
GO:0002551	4
GO:0033366	3
GO:0033604	2
GO:0042583	4
GO:0050832	38
GO:1900738	7
GO:1901899	2
GO:2000707	2
GO:0004568	6
GO:0006032	6
GO:0007250	10
GO:0008061	8
GO:0010800	10
GO:0070741	4
GO:0000272	2
GO:0004553	33
GO:0008843	2
GO:0004103	2
GO:0004305	4
GO:0004663	5
GO:0005968	4
GO:0018344	6
GO:0050770	24
GO:0001675	37
GO:0007197	8
GO:0007207	8
GO:0016907	5
GO:0040012	6
GO:0043270	7
GO:0060251	3
GO:0098981	13
GO:0002449	1
GO:0032510	6
GO:0033364	2
GO:0098542	19
GO:1990806	11
GO:0015872	10
GO:0019226	26
GO:0060304	5
GO:0005230	47
GO:0005892	18
GO:0015464	15
GO:0022848	17
GO:0048630	6
GO:0050881	6
GO:1904315	46
GO:0034703	22
GO:0050997	3
GO:0098828	1
GO:0098878	14
GO:0120111	1
GO:0014056	1
GO:0035095	9
GO:0060084	4
GO:0001508	53
GO:0014059	15
GO:0140059	9
GO:1905869	6
GO:0001941	2
GO:0021562	4
GO:0021631	5
GO:0021771	1
GO:0021952	9
GO:0032225	3
GO:0033603	7
GO:0042053	9
GO:0042320	1
GO:0045759	4
GO:0051971	6
GO:0008324	19
GO:0008384	3
GO:0008385	8
GO:0010034	1
GO:0032727	26
GO:0061847	2
GO:0060255	48
GO:0070300	26
GO:0070417	15
GO:0120013	14
GO:0160077	6
GO:0004111	6
GO:0046314	6
GO:0030371	16
GO:0048026	30
GO:0070181	8
GO:0005126	32
GO:0007021	10
GO:0007023	7
GO:0000012	12
GO:0000109	6
GO:0006283	12
GO:0080008	32
GO:0090262	1
GO:0097680	11
GO:0097494	7
GO:0099003	15
GO:1900244	6
GO:0016183	5
GO:0030119	7
GO:0030123	11
GO:0035654	7
GO:0036465	14
GO:0048490	17
GO:0002667	4
GO:0002724	4
GO:0004622	26
GO:0046006	4
GO:0005229	20
GO:0005247	11
GO:0008308	7
GO:0030322	3
GO:0032347	1
GO:0060689	2
GO:0072320	5
GO:0090425	5
GO:0098902	2
GO:0045794	5
GO:0051932	35
GO:0062158	2
GO:0097546	49
GO:0030321	9
GO:0070293	11
GO:0002434	1
GO:0051787	18
GO:0051788	3
GO:0061518	9
GO:0061740	4
GO:0097418	5
GO:0097440	18
GO:0099020	1
GO:0140597	10
GO:1902847	1
GO:0008240	3
GO:0035727	8
GO:0120146	6
GO:1905146	16
GO:0006865	71
GO:0010762	14
GO:0016236	77
GO:0016243	3
GO:0017089	3
GO:0030162	15
GO:0032228	14
GO:0035627	12
GO:0035752	6
GO:0036359	2
GO:0044754	12
GO:0044857	5
GO:0046474	7
GO:0046836	6
GO:0047496	20
GO:0048172	15
GO:0061024	39
GO:0061909	14
GO:0070613	11
GO:0090384	1
GO:0090385	13
GO:0097352	55
GO:0106049	1
GO:1900079	1
GO:1901096	6
GO:1903826	15
GO:1905162	2
GO:0005775	1
GO:0006465	14
GO:0070085	20
GO:0160121	1
GO:1904426	1
GO:0000387	29
GO:0034709	13
GO:0034715	6
GO:0045292	17
GO:0050811	19
GO:0030125	10
GO:0030132	7
GO:0032050	11
GO:0071439	8
GO:0098835	2
GO:0032051	7
GO:0060236	20
GO:0072318	4
GO:0150093	7
GO:1990498	16
GO:0034769	3
GO:0002407	16
GO:0004950	23
GO:0035717	2
GO:0045672	28
GO:0071791	2
GO:0150078	16
GO:1904936	11
GO:0014808	9
GO:2000110	7
GO:0048290	1
GO:0060474	3
GO:0072676	5
GO:0072679	3
GO:0097524	9
GO:1904155	4
GO:1904156	1
GO:2000404	8
GO:0001768	9
GO:0002408	3
GO:0002885	1
GO:0002922	4
GO:0031529	14
GO:0035022	18
GO:0035757	1
GO:0035758	1
GO:0038117	1
GO:0038119	2
GO:0038120	2
GO:0038121	1
GO:0071731	5
GO:0097022	4
GO:0097029	5
GO:2000522	2
GO:2000525	1
GO:2000526	1
GO:2000547	1
GO:0140319	3
GO:0097003	4
GO:0097004	2
GO:0001632	2
GO:0004974	4
GO:0061737	5
GO:0008514	23
GO:0015127	1
GO:0015723	1
GO:0042910	26
GO:0046581	6
GO:0070633	13
GO:1990962	6
GO:0005221	7
GO:0017071	6
GO:0021630	2
GO:0030553	16
GO:0043855	1
GO:0050911	434
GO:0098804	3
GO:1990834	5
GO:0042622	16
GO:0098659	2
GO:0006970	12
GO:0007113	3
GO:0010646	11
GO:0044819	1
GO:0051302	21
GO:1904716	1
GO:0032944	1
GO:0032970	5
GO:0070663	2
GO:0004113	1
GO:0009214	1
GO:0004949	3
GO:0038171	3
GO:0031234	14
GO:0033004	5
GO:0099553	2
GO:0005127	6
GO:0005138	7
GO:0042531	23
GO:0046533	6
GO:0046668	2
GO:0048644	10
GO:0060221	9
GO:0070120	5
GO:0097696	28
GO:0001967	10
GO:0004897	4
GO:0004921	4
GO:0019898	20
GO:0019970	4
GO:0038154	7
GO:0060538	11
GO:0070110	3
GO:0097059	2
GO:0042552	73
GO:0001957	6
GO:0005583	9
GO:0005584	2
GO:0030020	42
GO:0048407	11
GO:0060346	8
GO:0071306	1
GO:1902617	4
GO:1902618	2
GO:0032963	18
GO:0070208	1
GO:0085029	15
GO:0005585	3
GO:0005592	5
GO:0030903	10
GO:0043394	14
GO:0060174	9
GO:0071599	8
GO:0005586	1
GO:0032905	5
GO:0036022	4
GO:0060414	6
GO:2001223	12
GO:0005587	6
GO:0061304	6
GO:0061333	4
GO:0032836	10
GO:1905563	25
GO:0005588	3
GO:0035989	4
GO:0045112	1
GO:0048592	4
GO:0051128	3
GO:1903225	2
GO:0002023	9
GO:0005589	5
GO:0006103	18
GO:0010657	2
GO:0022011	21
GO:0030262	6
GO:0036293	4
GO:0048771	15
GO:0050954	4
GO:0070341	3
GO:0071965	2
GO:0098528	9
GO:1904583	1
GO:1990542	15
GO:0005590	1
GO:0005591	2
GO:0005594	3
GO:0005599	1
GO:0050910	18
GO:0055010	24
GO:0060023	5
GO:0005595	1
GO:0005600	1
GO:0005582	1
GO:0005597	1
GO:0033627	25
GO:0003416	10
GO:0003417	11
GO:0035988	15
GO:0098868	10
GO:1900047	1
GO:1902732	8
GO:1990079	5
GO:0001964	18
GO:0002001	4
GO:0009266	14
GO:0014046	5
GO:0016036	3
GO:0016206	1
GO:0021696	6
GO:0042420	11
GO:0042424	1
GO:0046959	4
GO:0048243	1
GO:0071626	4
GO:0097018	4
GO:0097205	3
GO:1902074	8
GO:1903350	1
GO:0006891	32
GO:1902463	4
GO:0015080	1
GO:0015679	1
GO:0035434	5
GO:0036324	6
GO:1902601	1
GO:1902311	1
GO:0004129	15
GO:0006123	23
GO:0045277	25
GO:0045333	41
GO:0030234	29
GO:0098803	12
GO:0000266	17
GO:0002521	9
GO:0004311	2
GO:0004659	15
GO:0008495	1
GO:0008535	9
GO:0016765	9
GO:0017004	3
GO:0070069	2
GO:0120547	1
GO:0004322	7
GO:0016722	3
GO:0016724	1
GO:0047066	4
GO:0008238	6
GO:0007039	2
GO:0002002	2
GO:0004185	5
GO:0003214	11
GO:0030070	9
GO:0030072	7
GO:0042043	14
GO:0016338	21
GO:0160184	7
GO:0003406	10
GO:0014045	2
GO:0034331	2
GO:0045217	11
GO:0090559	7
GO:2000186	2
GO:0010815	7
GO:0004109	2
GO:0017085	5
GO:0016595	7
GO:0034201	2
GO:0055081	2
GO:0070365	14
GO:0070409	1
GO:0002753	33
GO:0004095	4
GO:0046222	7
GO:0046320	5
GO:1904772	3
GO:0009637	5
GO:0008458	3
GO:0001851	11
GO:0001855	2
GO:0001861	1
GO:0002435	1
GO:0004877	1
GO:0045957	3
GO:1900004	1
GO:1900005	3
GO:0060337	59
GO:0140374	79
GO:0001972	27
GO:0016918	10
GO:0004092	1
GO:0046459	3
GO:0000791	63
GO:0010944	13
GO:0032916	3
GO:0034670	1
GO:0035497	12
GO:0036017	1
GO:0045899	5
GO:0046879	8
GO:0046887	12
GO:0048145	3
GO:0055025	2
GO:0060428	9
GO:0060430	6
GO:0060509	9
GO:1902065	12
GO:1903494	2
GO:1904181	1
GO:1990910	4
GO:0001865	4
GO:0003418	3
GO:0003419	3
GO:0007033	13
GO:0021742	1
GO:0021743	1
GO:0021754	2
GO:0031573	17
GO:0044013	2
GO:0045815	41
GO:0060052	10
GO:0060245	1
GO:0072740	3
GO:0110024	3
GO:1902562	3
GO:0000123	24
GO:0002223	23
GO:0006473	13
GO:0008589	29
GO:0016479	7
GO:0018076	3
GO:0043993	3
GO:0044017	2
GO:0061733	27
GO:0071108	27
GO:0120300	3
GO:0036500	8
GO:1903891	3
GO:1903892	2
GO:0007567	9
GO:0008628	5
GO:0010841	3
GO:0014062	2
GO:0016101	2
GO:0017045	1
GO:0033685	3
GO:0042322	2
GO:0045472	3
GO:0050801	10
GO:0051430	4
GO:0051431	4
GO:0051461	6
GO:0051464	4
GO:0060456	1
GO:0070093	3
GO:0099013	6
GO:2000310	4
GO:2000854	3
GO:2000987	7
GO:0005767	1
GO:0031045	18
GO:0035865	14
GO:0045055	23
GO:0048149	10
GO:0051424	2
GO:0051459	1
GO:0051460	1
GO:0097211	6
GO:1900011	1
GO:0015056	2
GO:0043404	2
GO:0051867	5
GO:0071376	5
GO:2000852	2
GO:0060741	4
GO:0033628	13
GO:0035685	2
GO:0035728	1
GO:0038026	13
GO:0043087	36
GO:0045309	2
GO:0061041	6
GO:0098698	4
GO:0098749	3
GO:1904395	8
GO:0008543	60
GO:0060017	7
GO:0086100	11
GO:0160093	3
GO:1903977	1
GO:1904393	2
GO:1904888	18
GO:0004157	6
GO:0006208	7
GO:0010888	12
GO:0032677	5
GO:0003904	2
GO:0003914	2
GO:0009785	2
GO:0009882	2
GO:0042754	8
GO:0043153	24
GO:0045722	24
GO:2000850	2
GO:0000719	1
GO:0004864	51
GO:1990512	3
GO:2000118	1
GO:0002088	48
GO:0007017	46
GO:0032387	3
GO:0060561	7
GO:0009892	5
GO:0031109	1
GO:0032432	11
GO:0043292	15
GO:0051403	23
GO:0097512	7
GO:0070306	15
GO:0006554	5
GO:0042403	13
GO:0047125	1
GO:0047127	1
GO:0070327	12
GO:0042178	28
GO:0070404	4
GO:0036440	1
GO:0002862	26
GO:0004707	16
GO:0031098	8
GO:0031281	3
GO:0035331	25
GO:0035994	20
GO:0048273	7
GO:0051149	16
GO:0051525	6
GO:0070935	22
GO:0099179	4
GO:1904784	8
GO:0002158	5
GO:0005157	3
GO:0010743	1
GO:0035702	3
GO:0038145	4
GO:0042488	2
GO:0046579	18
GO:0060611	1
GO:0060763	3
GO:0061519	3
GO:0097529	4
GO:1902228	1
GO:1904141	6
GO:1905523	3
GO:1990682	2
GO:0005011	2
GO:0021772	27
GO:0036006	5
GO:0043408	41
GO:0060603	8
GO:0061098	9
GO:0120041	6
GO:0001821	2
GO:0005129	1
GO:0030223	8
GO:0030526	4
GO:0032747	7
GO:0034021	4
GO:0038157	4
GO:0042045	8
GO:0050793	32
GO:0004903	2
GO:0060396	16
GO:0070195	3
GO:0004912	2
GO:0004914	2
GO:0036016	7
GO:0038043	6
GO:0038156	7
GO:0005130	1
GO:0110053	13
GO:0045637	8
GO:0051916	1
GO:0005131	10
GO:0034236	14
GO:0050868	33
GO:1903496	1
GO:0005847	24
GO:0045095	114
GO:1900226	19
GO:0007020	26
GO:0048208	23
GO:1904948	14
GO:2000052	8
GO:0035567	33
GO:0048512	10
GO:0051058	14
GO:0030148	45
GO:0000290	14
GO:0005956	4
GO:0035973	15
GO:0042176	25
GO:0070822	22
GO:0071211	11
GO:0075342	3
GO:1905337	6
GO:1905818	2
GO:1903955	33
GO:0019046	5
GO:0033211	8
GO:1903901	4
GO:0033165	6
GO:0006929	8
GO:0042805	14
GO:0005310	2
GO:0006835	3
GO:0015116	12
GO:0015117	1
GO:0015131	2
GO:0015140	2
GO:0015141	5
GO:0015291	5
GO:0015709	1
GO:0015729	2
GO:0035435	14
GO:0046166	4
GO:0070221	3
GO:0071422	5
GO:0071423	3
GO:1902356	2
GO:1902358	16
GO:0010711	1
GO:0010716	11
GO:0034103	6
GO:0060311	1
GO:1904090	4
GO:0005848	2
GO:0031124	33
GO:0071920	2
GO:0031123	14
GO:0180010	9
GO:0003162	6
GO:0003166	4
GO:0003168	1
GO:0003208	10
GO:0003211	3
GO:0003221	2
GO:0003228	4
GO:0003278	3
GO:0003285	1
GO:0003350	3
GO:0010667	35
GO:0051891	4
GO:0055005	3
GO:0055014	3
GO:0060261	60
GO:0060929	2
GO:0060971	6
GO:1990664	1
GO:0070525	5
GO:0009313	12
GO:0098831	12
GO:0048386	5
GO:0005146	2
GO:0005520	13
GO:0032330	12
GO:0061448	7
GO:0004123	1
GO:0018272	1
GO:0044524	1
GO:0044540	1
GO:0047982	1
GO:0080146	1
GO:0098606	1
GO:1904831	3
GO:0045590	7
GO:0005915	8
GO:0007406	14
GO:0016264	8
GO:0045880	39
GO:0090136	12
GO:2001045	5
GO:2001241	11
GO:0034316	7
GO:0006749	49
GO:0015184	4
GO:0015293	121
GO:0015295	3
GO:0015811	6
GO:0048021	3
GO:1903432	10
GO:0000578	7
GO:0001706	14
GO:0001711	6
GO:0001840	2
GO:0002052	29
GO:0003266	4
GO:0003338	4
GO:0003340	2
GO:0007403	1
GO:0009954	26
GO:0010463	16
GO:0010717	14
GO:0010909	3
GO:0016331	13
GO:0022009	5
GO:0030997	2
GO:0031396	21
GO:0034750	2
GO:0035112	5
GO:0035315	8
GO:0036023	3
GO:0036520	3
GO:0044338	1
GO:0045743	10
GO:0045976	2
GO:0048643	7
GO:0048715	15
GO:0050982	15
GO:0051884	2
GO:0060066	3
GO:0060231	11
GO:0060439	4
GO:0060479	1
GO:0060484	9
GO:0060492	3
GO:0060789	5
GO:0060916	5
GO:0061198	3
GO:0061550	1
GO:0070369	3
GO:0070602	3
GO:0071664	3
GO:0072033	2
GO:0072053	2
GO:0072054	2
GO:0072079	2
GO:0072182	2
GO:0072497	3
GO:1990403	20
GO:1990711	2
GO:1990791	5
GO:1990963	6
GO:2000288	12
GO:0010829	7
GO:0019212	10
GO:0099072	32
GO:0150107	3
GO:1902532	18
GO:1904659	22
GO:1905554	1
GO:0060828	38
GO:0003883	2
GO:0006241	11
GO:0019856	3
GO:0044210	2
GO:0097268	3
GO:0030574	41
GO:0036021	5
GO:0097067	10
GO:0038020	4
GO:0070001	2
GO:0070201	9
GO:0035590	9
GO:0070946	3
GO:0089720	13
GO:0098786	1
GO:1901731	13
GO:0010813	2
GO:0030108	1
GO:0033619	14
GO:0060448	1
GO:0097486	7
GO:0001968	30
GO:0061037	10
GO:0019064	3
GO:0034230	2
GO:0039654	1
GO:0043373	2
GO:0048002	3
GO:0060309	3
GO:0071888	3
GO:0097655	1
GO:0002224	30
GO:0002577	3
GO:0070013	13
GO:0010757	7
GO:0016807	3
GO:0050775	20
GO:0002282	5
GO:0016495	1
GO:0019960	5
GO:0021626	2
GO:0031737	3
GO:0048874	10
GO:0060074	16
GO:0061760	18
GO:0097447	3
GO:0110091	5
GO:0150090	1
GO:0160056	2
GO:1904139	2
GO:1904150	1
GO:0008354	9
GO:0010669	15
GO:0045216	29
GO:0086067	3
GO:0086072	1
GO:0086082	1
GO:0098904	3
GO:0022900	16
GO:0140575	4
GO:0140576	3
GO:0003106	1
GO:0014895	1
GO:0016175	11
GO:0034137	7
GO:0043020	18
GO:1900426	8
GO:1904845	4
GO:0016174	13
GO:0030171	2
GO:0050664	4
GO:0071276	23
GO:0097411	5
GO:0106292	5
GO:0006122	14
GO:0008121	7
GO:0033011	4
GO:0004843	111
GO:0035872	6
GO:0061578	17
GO:0061815	1
GO:0070536	26
GO:0097542	48
GO:1901026	2
GO:1903753	9
GO:1990108	3
GO:1990380	19
GO:2000493	1
GO:2001242	7
GO:0002933	7
GO:0008210	30
GO:0008391	3
GO:0008395	18
GO:0009692	1
GO:0009804	7
GO:0009812	12
GO:0010041	2
GO:0016679	1
GO:0016705	77
GO:0016711	1
GO:0016712	38
GO:0017143	1
GO:0018894	3
GO:0018958	3
GO:0019341	1
GO:0019373	18
GO:0032451	4
GO:0033595	3
GO:0042359	12
GO:0042904	4
GO:0060137	5
GO:0070576	3
GO:0097267	12
GO:0101020	8
GO:0101021	9
GO:0102033	8
GO:0106256	7
GO:0120254	4
GO:0120319	4
GO:1901497	1
GO:1904010	4
GO:1904681	2
GO:0009403	1
GO:0009820	2
GO:0016098	6
GO:0034875	4
GO:0070989	8
GO:0002930	2
GO:0016125	22
GO:0016709	13
GO:0033629	10
GO:0042537	1
GO:0046466	4
GO:0050649	6
GO:0071603	4
GO:0008389	2
GO:0008392	14
GO:0046226	1
GO:0008401	10
GO:0062183	3
GO:0008390	1
GO:0042180	3
GO:0062184	2
GO:0062187	3
GO:0062188	3
GO:0062189	4
GO:0006721	4
GO:0018675	2
GO:0018676	2
GO:0052741	2
GO:0008404	3
GO:0008405	2
GO:0019627	1
GO:0090346	2
GO:0071614	2
GO:0070330	2
GO:0009822	3
GO:0033076	1
GO:0090350	1
GO:0018601	1
GO:0018885	1
GO:0018910	1
GO:0018960	1
GO:0042197	1
GO:1901170	1
GO:0106255	2
GO:0106301	1
GO:0030343	4
GO:0036378	5
GO:0042369	4
GO:0050591	1
GO:0062181	2
GO:0102320	1
GO:0003095	3
GO:0018685	5
GO:0031408	2
GO:0032305	2
GO:0036101	4
GO:0048252	3
GO:0050051	4
GO:0052869	6
GO:0018879	2
GO:0008123	1
GO:0032966	17
GO:0033782	3
GO:0008397	1
GO:0045797	3
GO:0008207	7
GO:0008386	1
GO:0016713	1
GO:0034650	4
GO:0120178	1
GO:0004507	2
GO:0032342	3
GO:0034651	5
GO:0047783	2
GO:0002017	2
GO:0006705	2
GO:0004508	1
GO:0006702	9
GO:0042446	12
GO:0002677	3
GO:0006703	11
GO:0006710	5
GO:0006949	5
GO:0030540	7
GO:0061370	6
GO:2000866	2
GO:0004509	1
GO:0103069	1
GO:0106309	1
GO:0006766	6
GO:0008403	1
GO:0030342	1
GO:0044283	4
GO:0062180	1
GO:0070561	6
GO:0034653	4
GO:0062182	1
GO:0031073	1
GO:0047748	1
GO:0004498	1
GO:0042368	2
GO:0062185	1
GO:0070314	10
GO:0070564	6
GO:0008398	1
GO:0016126	31
GO:0033488	1
GO:1900222	12
GO:0021517	9
GO:0021589	2
GO:0021799	13
GO:0021813	1
GO:0048712	11
GO:0050771	12
GO:0097477	3
GO:0140650	3
GO:0035026	2
GO:0060766	17
GO:2000370	3
GO:2000643	9
GO:0033262	5
GO:0060244	4
GO:0018279	24
GO:0002706	1
GO:0002822	1
GO:2000516	4
GO:0002162	11
GO:0014037	8
GO:0016011	5
GO:0016203	1
GO:0016340	2
GO:0021682	1
GO:0034453	12
GO:0043237	7
GO:0060055	10
GO:0070938	7
GO:0071679	14
GO:0098942	3
GO:0004143	11
GO:0006654	33
GO:0046339	14
GO:0046486	15
GO:0046834	10
GO:0047649	3
GO:0160195	4
GO:0004697	17
GO:0070493	11
GO:1903413	4
GO:2000064	2
GO:2000182	2
GO:0003884	2
GO:0006562	4
GO:0008718	1
GO:0019478	2
GO:0036088	1
GO:0042416	9
GO:0043799	1
GO:0046416	3
GO:0055130	1
GO:0070178	2
GO:0070945	5
GO:0170035	2
GO:0170040	2
GO:0141014	4
GO:0002357	12
GO:0002834	1
GO:0017075	19
GO:1904094	1
GO:1990722	1
GO:0043519	1
GO:0004815	2
GO:0006422	2
GO:0017101	11
GO:0030295	43
GO:0036480	2
GO:0072738	2
GO:1903936	5
GO:0007147	2
GO:0045836	6
GO:0010498	35
GO:0071625	19
GO:0002443	3
GO:0004500	3
GO:0006589	3
GO:0016715	5
GO:0031418	20
GO:0034466	2
GO:0042309	2
GO:0042423	6
GO:1904705	1
GO:1905562	5
GO:2001236	6
GO:0030156	5
GO:0032994	2
GO:0036042	4
GO:0036151	15
GO:1903060	1
GO:0010643	2
GO:0010644	7
GO:0042641	10
GO:1902685	4
GO:0043754	1
GO:0033563	3
GO:0033564	5
GO:0048671	10
GO:0004165	4
GO:0016863	2
GO:0004137	2
GO:0004138	2
GO:0006220	5
GO:0009224	4
GO:0019136	3
GO:0043771	4
GO:1901293	2
GO:0004132	2
GO:0006226	2
GO:0006231	4
GO:0009165	14
GO:0043174	3
GO:0070694	2
GO:0002446	11
GO:0008241	2
GO:0010814	3
GO:0014910	6
GO:0031434	10
GO:0042447	5
GO:0060177	2
GO:0071838	2
GO:1902033	3
GO:1903597	2
GO:0004167	3
GO:0006583	4
GO:0021847	3
GO:0005875	38
GO:0010457	13
GO:0030286	36
GO:0030904	22
GO:0090063	8
GO:0098930	7
GO:0099738	3
GO:0120103	10
GO:1904398	2
GO:0035082	33
GO:0007056	8
GO:0031465	6
GO:0046726	4
GO:0051702	6
GO:0070914	11
GO:0097510	5
GO:0097602	26
GO:0160072	8
GO:0006290	4
GO:0004058	1
GO:0016830	10
GO:0019752	21
GO:0036467	1
GO:0036468	1
GO:0042401	2
GO:0042427	4
GO:0031406	8
GO:0033703	2
GO:0033764	1
GO:0047006	2
GO:0047115	3
GO:0047718	3
GO:0140169	1
GO:0071799	7
GO:0033140	1
GO:0071901	3
GO:0002086	4
GO:0006983	11
GO:0032713	8
GO:0036119	3
GO:1904738	3
GO:1990442	1
GO:1990874	6
GO:2000016	2
GO:0033981	1
GO:0050178	3
GO:0000245	28
GO:0003724	77
GO:0006388	13
GO:0006446	36
GO:0008143	26
GO:0033677	2
GO:0043330	34
GO:0072669	8
GO:1903608	8
GO:0005852	16
GO:0007276	23
GO:0008190	10
GO:0022627	41
GO:0031369	23
GO:0033592	5
GO:0034157	5
GO:0034161	3
GO:0035613	21
GO:0036493	4
GO:0043024	20
GO:0043186	21
GO:0048027	24
GO:0071243	8
GO:0071470	15
GO:0000380	25
GO:0000381	69
GO:0000956	24
GO:0009299	13
GO:0031053	13
GO:0035500	2
GO:0036002	18
GO:0043021	39
GO:0060765	16
GO:0061614	1
GO:0070878	9
GO:2001014	6
GO:0016442	410
GO:0019074	2
GO:0033962	16
GO:0035278	99
GO:0061830	1
GO:0043291	3
GO:0008186	9
GO:0000993	30
GO:0001069	1
GO:0005726	5
GO:0006353	13
GO:0033679	1
GO:0034458	7
GO:0035195	578
GO:0035197	12
GO:0039695	1
GO:0045142	2
GO:0046833	5
GO:0047429	7
GO:0050434	3
GO:0050691	8
GO:0060760	7
GO:0061676	9
GO:0070578	8
GO:0070934	11
GO:0070937	6
GO:0097165	8
GO:0140640	7
GO:1900152	9
GO:1905172	5
GO:1990518	3
GO:1990825	15
GO:2000765	2
GO:2000767	18
GO:0007062	20
GO:0030892	7
GO:0034085	3
GO:0035563	7
GO:0043139	9
GO:0045876	4
GO:0072719	4
GO:1901838	10
GO:1904976	2
GO:1990700	1
GO:0005689	27
GO:0071008	3
GO:0008670	3
GO:0010818	16
GO:0051673	6
GO:0140911	8
GO:1905710	4
GO:0031731	11
GO:0140546	7
GO:1990742	10
GO:0051286	9
GO:0099512	10
GO:0032076	1
GO:1902511	3
GO:0004536	8
GO:0030263	5
GO:0042719	6
GO:0045039	13
GO:0002839	4
GO:0022829	10
GO:1901612	14
GO:0008617	1
GO:0046070	1
GO:0046122	1
GO:0016628	8
GO:0033489	4
GO:0033490	4
GO:0033963	2
GO:0047598	1
GO:0160020	3
GO:0000246	1
GO:0050614	1
GO:0004146	3
GO:0005542	14
GO:0006729	8
GO:0031427	2
GO:0046653	11
GO:0046655	15
GO:0004152	1
GO:0009220	3
GO:0106430	1
GO:0008216	1
GO:0034038	1
GO:0046203	2
GO:0004128	7
GO:0005833	12
GO:1903958	3
GO:0003955	3
GO:0006743	2
GO:0042360	5
GO:0050136	1
GO:0035372	10
GO:0071420	6
GO:0048477	53
GO:0017157	28
GO:0051311	1
GO:0072687	15
GO:0004800	3
GO:0008430	9
GO:0033798	3
GO:0042404	3
GO:0001514	8
GO:0046549	11
GO:0070342	2
GO:0097474	2
GO:0000455	4
GO:0000495	2
GO:0001522	16
GO:0003720	7
GO:0005697	22
GO:0007004	24
GO:0009451	17
GO:0009982	13
GO:0031118	4
GO:0031120	3
GO:0031429	4
GO:0033979	1
GO:0034513	4
GO:0070034	22
GO:0072589	4
GO:0090661	5
GO:0090666	5
GO:0090669	4
GO:1904867	2
GO:1904872	4
GO:1905323	7
GO:1990481	10
GO:0004742	2
GO:0006086	7
GO:0042867	8
GO:0045254	8
GO:0004148	1
GO:0006090	4
GO:0006120	47
GO:0016668	5
GO:0045252	8
GO:0120551	1
GO:0160167	3
GO:1902493	1
GO:0004385	9
GO:0030432	9
GO:0030953	10
GO:0035748	5
GO:0043219	4
GO:0043622	9
GO:0046037	12
GO:0046710	8
GO:0048729	9
GO:0051660	10
GO:0060022	9
GO:0097016	3
GO:0097025	5
GO:0097120	9
GO:0098915	13
GO:0098919	3
GO:0099645	20
GO:1902473	2
GO:1903286	1
GO:1903764	3
GO:1990778	2
GO:0044224	12
GO:0099641	8
GO:0099642	2
GO:0001736	16
GO:0032281	30
GO:0016188	9
GO:0031697	3
GO:0031812	1
GO:0032839	27
GO:0044306	21
GO:0044309	8
GO:0050806	18
GO:0097109	5
GO:0150012	8
GO:2000821	3
GO:0004149	1
GO:0006104	5
GO:0033512	3
GO:0021544	5
GO:0021893	2
GO:1902871	4
GO:1903845	14
GO:0042633	19
GO:0071335	1
GO:0071895	8
GO:0021889	6
GO:0060322	21
GO:0097376	1
GO:0035375	1
GO:0043152	6
GO:0016013	4
GO:0030055	7
GO:0043043	4
GO:0044057	2
GO:0044458	28
GO:0086001	3
GO:0090287	2
GO:0008480	1
GO:1901053	1
GO:0070173	3
GO:0007032	45
GO:0016185	5
GO:0099049	1
GO:0099050	2
GO:0010830	6
GO:0014722	2
GO:0014853	1
GO:0017020	6
GO:0002176	3
GO:0045835	6
GO:0046661	5
GO:0060903	2
GO:1900107	3
GO:2000020	8
GO:0035800	7
GO:0005760	3
GO:0006264	11
GO:0017108	8
GO:0017116	20
GO:0033567	1
GO:0043137	4
GO:1902990	3
GO:0003341	48
GO:0003351	26
GO:0005858	15
GO:0008569	17
GO:0036157	11
GO:0036158	23
GO:0051959	28
GO:0060294	27
GO:0097728	5
GO:0060285	12
GO:0120135	1
GO:0120197	12
GO:0002283	13
GO:0002673	4
GO:0004530	5
GO:0042588	3
GO:0070948	2
GO:0006259	43
GO:0003335	1
GO:0010623	2
GO:0004531	2
GO:0005868	23
GO:0032388	10
GO:0090235	5
GO:1905832	8
GO:0045503	9
GO:0045504	15
GO:0051642	18
GO:0061572	4
GO:0097749	3
GO:1903526	2
GO:0003886	3
GO:0009008	3
GO:0043045	3
GO:0043073	3
GO:0141119	2
GO:1903926	4
GO:1905460	7
GO:1905931	2
GO:0008175	9
GO:0016428	4
GO:0030488	30
GO:0031048	11
GO:0045322	9
GO:0106363	2
GO:0141068	6
GO:0141196	15
GO:1900039	4
GO:0051718	1
GO:0003887	23
GO:0003912	1
GO:0006304	2
GO:0034061	21
GO:0032045	9
GO:0002277	3
GO:0044351	8
GO:0046633	4
GO:0008409	10
GO:0034353	1
GO:0050779	4
GO:0071028	9
GO:0090304	6
GO:0110152	1
GO:0110155	3
GO:0003975	1
GO:0003976	2
GO:0006488	19
GO:0016780	13
GO:0006751	11
GO:0008235	13
GO:0008800	4
GO:0016805	13
GO:0016999	1
GO:0072340	1
GO:1901749	3
GO:0017183	8
GO:0090560	2
GO:0120513	2
GO:0036343	5
GO:0046813	6
GO:0090024	5
GO:0120116	1
GO:0002058	1
GO:0006145	1
GO:0006210	3
GO:0006212	2
GO:0006214	1
GO:0006248	5
GO:0006249	6
GO:0017113	1
GO:0019483	2
GO:0046050	6
GO:0046079	6
GO:0017054	2
GO:0051123	61
GO:0140223	2
GO:0140672	14
GO:0005452	20
GO:0008271	9
GO:0019531	10
GO:0019532	11
GO:0140900	14
GO:0001588	2
GO:0001661	3
GO:0001965	30
GO:0004952	5
GO:0007212	10
GO:0021853	6
GO:0035106	4
GO:0035240	6
GO:0046960	3
GO:0051584	5
GO:0060158	8
GO:0097648	2
GO:0099010	9
GO:2001224	16
GO:0001591	3
GO:0007270	9
GO:0021769	3
GO:0021984	9
GO:0031223	6
GO:0034776	4
GO:0035305	4
GO:0035815	4
GO:0042756	9
GO:0046717	3
GO:0051583	6
GO:0051586	3
GO:0051952	2
GO:0060160	3
GO:0090325	2
GO:1900038	4
GO:1900168	2
GO:1903530	4
GO:1990384	7
GO:0004993	13
GO:0030594	19
GO:0098664	7
GO:0033861	1
GO:0045924	1
GO:0002160	2
GO:0086042	1
GO:0086073	6
GO:0086083	5
GO:0038007	9
GO:0060060	2
GO:0060219	5
GO:1990890	2
GO:0008597	5
GO:0031987	7
GO:0051151	10
GO:0002934	8
GO:0003165	2
GO:0106015	10
GO:1903672	31
GO:1904704	1
GO:0070236	3
GO:0150105	9
GO:0060077	15
GO:0010561	5
GO:0038135	5
GO:0004798	2
GO:0006227	2
GO:0006233	2
GO:0006235	5
GO:0005614	11
GO:0070052	3
GO:0017017	13
GO:0035335	20
GO:0035970	9
GO:0051447	3
GO:0070262	3
GO:0090027	7
GO:0006470	72
GO:0008330	8
GO:0030294	2
GO:0033549	7
GO:0050922	3
GO:1990439	1
GO:0033550	6
GO:0060420	2
GO:0004170	1
GO:0009177	1
GO:0009221	1
GO:0032556	2
GO:0042975	10
GO:0046081	1
GO:0022007	3
GO:0060029	5
GO:0071340	9
GO:0090103	28
GO:0099054	14
GO:1905386	2
GO:0016235	35
GO:0035282	3
GO:0005883	11
GO:0031452	2
GO:0033120	15
GO:0140857	1
GO:1902003	5
GO:1902996	3
GO:1990935	6
GO:0000338	11
GO:0048499	5
GO:0071763	7
GO:0043392	15
GO:0070345	5
GO:1990086	4
GO:0002064	11
GO:0098534	7
GO:1903251	6
GO:0071339	31
GO:0009794	1
GO:0002312	17
GO:0002313	4
GO:0036145	2
GO:2000458	1
GO:0010816	1
GO:0033093	7
GO:0034959	1
GO:0060385	10
GO:0097492	4
GO:1902287	3
GO:0004645	5
GO:0006206	2
GO:0006213	3
GO:0009032	2
GO:0016154	1
GO:0016763	6
GO:0046074	3
GO:0051969	3
GO:1905333	3
GO:0051750	1
GO:0018812	9
GO:0043956	1
GO:0120092	2
GO:0002828	1
GO:0005134	5
GO:0010466	4
GO:0045859	7
GO:0097149	3
GO:2000431	1
GO:0038177	4
GO:0060662	5
GO:0061153	2
GO:0003245	2
GO:0038036	9
GO:0046625	4
GO:0021554	15
GO:0032060	10
GO:0070915	5
GO:0071453	4
GO:0141162	28
GO:1904566	1
GO:1903141	2
GO:0007589	7
GO:0010827	8
GO:0014033	13
GO:0014034	4
GO:0014826	4
GO:0031707	1
GO:0031708	3
GO:0032308	9
GO:0034696	3
GO:0043179	1
GO:0044751	2
GO:0045178	16
GO:0045793	12
GO:0048237	3
GO:0060298	6
GO:0061051	8
GO:0070101	2
GO:0071372	12
GO:0071389	3
GO:0072112	12
GO:1903537	5
GO:1905653	5
GO:0002690	13
GO:0003058	1
GO:0003099	1
GO:0009932	1
GO:0042116	23
GO:0010961	6
GO:1901381	16
GO:0003207	3
GO:0003220	4
GO:0004962	3
GO:0030202	6
GO:0048484	12
GO:0061028	22
GO:0097152	10
GO:1905871	1
GO:0007194	10
GO:0007497	2
GO:0014043	2
GO:0031620	2
GO:0032341	2
GO:0035645	1
GO:0060406	3
GO:1990839	1
GO:0001739	7
GO:0003746	20
GO:0005853	4
GO:0006414	24
GO:0044829	10
GO:0098574	14
GO:1904714	5
GO:0090218	1
GO:0002182	2
GO:0008097	10
GO:0140242	1
GO:1990416	9
GO:0001731	10
GO:0003743	51
GO:0032790	22
GO:0043933	8
GO:0075522	11
GO:0003199	2
GO:0010605	7
GO:0014028	3
GO:0050730	6
GO:0061002	4
GO:0046849	18
GO:0005005	15
GO:0005168	6
GO:0005169	1
GO:0005170	1
GO:0001945	15
GO:0048845	7
GO:0072178	5
GO:1903849	2
GO:0016198	2
GO:0099557	1
GO:0021940	5
GO:0046425	16
GO:0051048	4
GO:1900127	4
GO:1902966	10
GO:1905278	5
GO:0036514	3
GO:0036515	4
GO:0021999	3
GO:0042074	10
GO:0055113	1
GO:0060972	11
GO:0061371	8
GO:0071907	6
GO:0097155	3
GO:0005006	3
GO:0030296	16
GO:0048408	4
GO:0051205	9
GO:0061029	14
GO:0070435	2
GO:0097489	1
GO:1905208	1
GO:0010385	6
GO:0033233	1
GO:0044729	4
GO:0045475	14
GO:0060086	3
GO:0071504	3
GO:0071506	2
GO:0072110	1
GO:0072303	1
GO:0098759	1
GO:1901875	1
GO:0007622	2
GO:0014040	3
GO:0021569	3
GO:0021612	9
GO:0021659	1
GO:0021660	1
GO:0021665	1
GO:0021666	1
GO:0035284	3
GO:0061665	13
GO:0035767	10
GO:0045586	3
GO:0003857	6
GO:0016509	2
GO:0016282	18
GO:0033290	17
GO:0042255	10
GO:0043614	3
GO:0005850	5
GO:0036490	2
GO:0043558	3
GO:0044207	1
GO:0097451	3
GO:1904373	5
GO:2000676	5
GO:0002183	27
GO:0005851	5
GO:1990856	1
GO:0005003	14
GO:0032682	14
GO:0036342	21
GO:0048320	2
GO:0048570	6
GO:0060035	1
GO:1901491	3
GO:0000339	13
GO:0016281	13
GO:1900260	1
GO:0034057	2
GO:0097010	2
GO:0000340	13
GO:0006406	59
GO:0031370	1
GO:0098808	4
GO:0099578	3
GO:0071598	6
GO:0002191	6
GO:1904377	5
GO:1905537	1
GO:0008219	7
GO:0001732	15
GO:0071074	3
GO:0005642	5
GO:0017070	13
GO:0045901	4
GO:0045905	4
GO:1902255	7
GO:0031017	10
GO:0061113	3
GO:0002812	1
GO:0043406	25
GO:0070947	2
GO:1903238	11
GO:0010951	10
GO:0000512	9
GO:0016441	6
GO:0035198	37
GO:0045772	1
GO:0060965	4
GO:0061157	28
GO:2000036	12
GO:0021895	16
GO:0097158	2
GO:1905870	6
GO:0001787	5
GO:0001866	3
GO:0001712	2
GO:0060806	2
GO:0036033	5
GO:0110088	4
GO:0032422	4
GO:0030023	10
GO:0030833	31
GO:0071953	5
GO:0097431	39
GO:0005637	56
GO:0046827	20
GO:0160045	2
GO:0051646	11
GO:0071963	4
GO:0097427	6
GO:0043549	4
GO:0044854	3
GO:0045022	24
GO:0060136	8
GO:0070252	3
GO:1990266	12
GO:2001212	3
GO:0021796	7
GO:0006930	10
GO:0060491	4
GO:0071933	15
GO:0097062	11
GO:0097581	3
GO:0021846	14
GO:0160194	2
GO:0030917	4
GO:0000014	10
GO:0032043	1
GO:0090297	2
GO:1901300	5
GO:0003209	6
GO:0003273	4
GO:0005534	4
GO:0034713	11
GO:0055009	7
GO:0070483	2
GO:1905007	4
GO:1905065	4
GO:1905310	1
GO:2000136	1
GO:0000015	4
GO:0004634	4
GO:0061621	22
GO:1903298	7
GO:2001171	14
GO:0004230	1
GO:0008200	14
GO:0019888	44
GO:0005326	18
GO:0005337	7
GO:0015208	4
GO:0015210	3
GO:0015211	3
GO:0015212	4
GO:0015213	6
GO:0015389	4
GO:0015851	4
GO:0015858	3
GO:0015860	5
GO:0015861	4
GO:0015862	6
GO:0032238	5
GO:0035340	4
GO:0035344	4
GO:0035364	2
GO:1901642	7
GO:1903716	4
GO:1903791	3
GO:1904082	2
GO:0001966	4
GO:0002209	1
GO:0004468	6
GO:0006475	3
GO:0010821	22
GO:0018393	5
GO:0032460	1
GO:0035855	23
GO:0036268	1
GO:0038203	15
GO:0061920	2
GO:0061921	1
GO:0071233	12
GO:0072540	13
GO:0090043	1
GO:0097157	12
GO:0106226	2
GO:0120301	1
GO:0140033	2
GO:0140064	2
GO:0140065	2
GO:0140066	1
GO:0140067	1
GO:0140068	1
GO:0140069	1
GO:0140566	26
GO:0140908	1
GO:2000330	8
GO:0048625	3
GO:2000434	15
GO:1904478	2
GO:1904778	5
GO:0008091	9
GO:0008180	35
GO:0042731	8
GO:0003810	9
GO:0043249	19
GO:0010801	4
GO:0033137	7
GO:0050732	5
GO:0051563	2
GO:0071786	14
GO:0090315	6
GO:0048524	4
GO:0005004	7
GO:0045806	15
GO:0097156	2
GO:0044295	26
GO:0048681	11
GO:0048710	3
GO:0097161	1
GO:0097485	5
GO:0106030	2
GO:0008046	11
GO:0031952	2
GO:0051964	6
GO:0014719	3
GO:0021545	4
GO:0021934	3
GO:1902723	4
GO:1902725	5
GO:0046580	25
GO:0048170	9
GO:0097104	7
GO:0106028	2
GO:0110077	3
GO:1900450	2
GO:1900451	11
GO:2000316	1
GO:0004301	6
GO:0016803	2
GO:0033961	1
GO:0097176	3
GO:0120253	1
GO:0033885	1
GO:0042577	5
GO:0046272	1
GO:0046839	14
GO:0000149	66
GO:0031629	10
GO:1903575	6
GO:0006672	27
GO:0007006	7
GO:0009057	3
GO:0021522	21
GO:0051935	2
GO:0097001	9
GO:0005128	3
GO:0038162	9
GO:1902251	1
GO:0004900	1
GO:0004818	2
GO:0004827	2
GO:0006424	2
GO:0006433	2
GO:0097452	4
GO:0140212	1
GO:0010458	15
GO:0017146	9
GO:0030832	4
GO:0032421	10
GO:0032426	21
GO:0070358	7
GO:1900029	15
GO:0001042	4
GO:0002116	14
GO:0033080	5
GO:0038128	8
GO:0038133	9
GO:0038143	2
GO:0038131	3
GO:0038132	5
GO:0070886	21
GO:0009891	15
GO:0021551	2
GO:0038130	4
GO:0045937	4
GO:0072046	2
GO:0000110	3
GO:0000720	4
GO:0006312	7
GO:0032204	24
GO:0032205	5
GO:0035166	5
GO:0061819	3
GO:0070522	4
GO:1904431	4
GO:1905765	3
GO:1990599	4
GO:0005669	44
GO:0006362	7
GO:0040016	9
GO:0042274	75
GO:0045951	1
GO:0048820	6
GO:0030728	5
GO:0042700	2
GO:0048160	2
GO:0000112	1
GO:0006265	10
GO:0097550	13
GO:0000712	17
GO:0010521	8
GO:1901255	2
GO:0006285	5
GO:0000303	5
GO:0002230	32
GO:0032784	7
GO:0033141	2
GO:0034243	22
GO:0110016	8
GO:0140463	21
GO:0140664	21
GO:2001033	8
GO:0005161	14
GO:0006401	37
GO:0036498	10
GO:0070054	1
GO:1900103	2
GO:1901142	6
GO:1990332	1
GO:1990597	2
GO:1990604	4
GO:1990630	2
GO:0000494	3
GO:0001652	7
GO:0008649	4
GO:0016074	1
GO:0031167	16
GO:0031428	6
GO:0032040	73
GO:0048254	5
GO:0180021	1
GO:1990259	2
GO:0018738	1
GO:0001093	4
GO:0001547	5
GO:0030284	4
GO:0030518	29
GO:0043401	6
GO:0051000	3
GO:0060523	3
GO:0060527	7
GO:0060745	4
GO:1904035	2
GO:0017145	9
GO:0032039	21
GO:0140001	3
GO:2000035	11
GO:0000184	36
GO:0002184	1
GO:0003747	7
GO:0004045	5
GO:0006449	5
GO:0008079	1
GO:0016149	4
GO:0018444	3
GO:0009063	5
GO:0022904	23
GO:0045251	2
GO:0004174	2
GO:0048039	6
GO:0030578	7
GO:0090009	11
GO:0007638	2
GO:2000382	2
GO:0017151	8
GO:0048133	3
GO:0007296	4
GO:0046974	11
GO:0070828	10
GO:0140938	24
GO:0140947	8
GO:0140948	6
GO:0045660	1
GO:0002786	1
GO:0009792	24
GO:0097377	1
GO:0000271	7
GO:0002524	1
GO:0003128	1
GO:0003415	3
GO:0006024	20
GO:0008375	24
GO:0015012	30
GO:0015020	29
GO:0036339	1
GO:0042044	3
GO:0042328	2
GO:0048733	9
GO:0050508	3
GO:0050509	2
GO:0050654	6
GO:0051923	16
GO:0060506	1
GO:0060560	3
GO:0060792	1
GO:0061974	1
GO:0062094	2
GO:0072498	6
GO:0097021	7
GO:0097241	5
GO:0120193	7
GO:1901706	2
GO:1990823	2
GO:0043541	5
GO:0001888	2
GO:0006044	17
GO:0019276	3
GO:0035248	1
GO:0047237	3
GO:0016500	10
GO:0045617	9
GO:0090594	12
GO:2000972	2
GO:0007501	7
GO:0014706	7
GO:0042473	9
GO:0048752	8
GO:0071600	1
GO:0072513	3
GO:0140793	3
GO:0016279	31
GO:0035098	16
GO:0042054	39
GO:0046976	6
GO:0140951	3
GO:0005677	11
GO:0009913	13
GO:0014013	2
GO:0014834	5
GO:0035984	2
GO:0036333	1
GO:0045605	3
GO:0051154	3
GO:0140718	7
GO:1902808	14
GO:0002248	5
GO:0003105	4
GO:0007529	2
GO:0015057	5
GO:0031094	3
GO:0031681	23
GO:1900134	1
GO:0001648	2
GO:0002720	19
GO:0003104	3
GO:0034140	3
GO:0034141	6
GO:0043311	2
GO:0070661	2
GO:0070963	1
GO:1900135	2
GO:2000341	4
GO:0002541	1
GO:0002543	2
GO:0010641	5
GO:0032008	36
GO:1905286	2
GO:0010037	1
GO:0097068	3
GO:1904400	1
GO:1905217	1
GO:1905225	1
GO:0051919	4
GO:0070009	1
GO:0002353	2
GO:0002542	2
GO:0072378	9
GO:1990234	15
GO:0052651	7
GO:0150036	2
GO:0036041	6
GO:0051427	4
GO:0045179	7
GO:0032365	3
GO:0050543	1
GO:0070538	2
GO:0071073	4
GO:0140214	1
GO:2001245	1
GO:0031392	1
GO:0099178	3
GO:0043240	13
GO:1905936	1
GO:2000348	3
GO:0070182	23
GO:1990918	12
GO:0004467	15
GO:0010747	2
GO:0019432	22
GO:0035338	19
GO:0047676	11
GO:0050197	2
GO:0070251	2
GO:0090433	4
GO:0090434	4
GO:0031956	10
GO:0035336	7
GO:0051047	4
GO:0120515	1
GO:0031957	10
GO:0032307	1
GO:0004334	1
GO:0006559	8
GO:0006572	6
GO:0009072	10
GO:1902000	1
GO:0010758	2
GO:0042976	4
GO:0071498	13
GO:0099602	1
GO:2000058	6
GO:2000538	2
GO:0016589	7
GO:1990414	6
GO:0010710	2
GO:0097325	5
GO:1902362	2
GO:1903054	1
GO:1905368	1
GO:0001933	30
GO:0071635	5
GO:1904188	3
GO:1904237	3
GO:0004826	4
GO:0006432	4
GO:0009328	2
GO:0051290	16
GO:0004312	1
GO:0004313	1
GO:0004314	2
GO:0004315	2
GO:0004316	2
GO:0008611	8
GO:0016297	2
GO:0019171	2
GO:0031177	1
GO:0042587	6
GO:0090557	15
GO:0141148	2
GO:0003412	1
GO:1904754	27
GO:0000028	14
GO:0015935	27
GO:0019941	9
GO:0031386	15
GO:0001527	13
GO:0010737	13
GO:0032100	4
GO:0035582	5
GO:0035583	4
GO:0048050	3
GO:2001205	5
GO:1901163	3
GO:0006002	13
GO:0042132	2
GO:0042578	2
GO:0048029	8
GO:0071477	3
GO:0019766	1
GO:0038093	6
GO:0016068	2
GO:0019768	1
GO:0019863	5
GO:0043308	6
GO:0032998	3
GO:0002292	4
GO:0002431	2
GO:0002554	3
GO:0010543	6
GO:0019767	1
GO:0032765	5
GO:0033024	4
GO:0033026	3
GO:0042590	8
GO:0002450	2
GO:0002925	5
GO:0019769	1
GO:0160006	3
GO:0001788	9
GO:0019770	7
GO:0019771	1
GO:0019884	3
GO:0019763	2
GO:0001811	1
GO:0001814	1
GO:0002266	1
GO:0002316	4
GO:0002436	1
GO:0002622	1
GO:0002865	5
GO:0002924	3
GO:0019772	2
GO:0090264	1
GO:1902564	8
GO:2001199	7
GO:0032819	12
GO:0043320	8
GO:0140375	2
GO:0002416	1
GO:0006493	71
GO:0009100	22
GO:0035269	18
GO:0097367	10
GO:1903028	9
GO:1905370	11
GO:2001065	2
GO:0045338	1
GO:0051996	1
GO:0004161	2
GO:0004337	2
GO:0008299	13
GO:0033384	2
GO:0045337	2
GO:0140647	2
GO:0004324	1
GO:0006744	17
GO:0004325	1
GO:0009589	1
GO:0046501	3
GO:0046906	2
GO:0046984	2
GO:0048256	2
GO:0001932	15
GO:0007260	6
GO:0008157	26
GO:0032273	7
GO:0033007	4
GO:0035426	4
GO:0038109	3
GO:0050904	5
GO:0120035	5
GO:0120179	1
GO:1902905	6
GO:0035091	115
GO:0043304	8
GO:0005577	8
GO:0072377	2
GO:0090277	10
GO:2000261	1
GO:0005104	23
GO:0032148	8
GO:0060681	1
GO:0072163	1
GO:1901509	4
GO:1905330	2
GO:2000544	3
GO:0014843	1
GO:0019956	7
GO:0040037	22
GO:0042660	1
GO:0060591	5
GO:0060978	3
GO:0090049	2
GO:0090722	4
GO:1902748	2
GO:1902913	1
GO:1903587	1
GO:1904567	1
GO:1904977	3
GO:1905564	27
GO:2000546	3
GO:2000738	14
GO:2001028	13
GO:0055026	2
GO:0005111	5
GO:0060665	4
GO:0061033	3
GO:0001839	3
GO:0005105	6
GO:0008078	4
GO:0021543	3
GO:0021798	7
GO:0021884	7
GO:0030916	7
GO:0048702	8
GO:0048853	10
GO:0090134	2
GO:0120223	2
GO:0140014	7
GO:0048505	5
GO:0007431	4
GO:0030538	1
GO:0032781	12
GO:0032808	7
GO:0032925	1
GO:0042693	6
GO:0046877	2
GO:0048557	18
GO:0048730	7
GO:0048807	3
GO:0050671	9
GO:0050674	1
GO:0050677	1
GO:0060054	10
GO:0060436	1
GO:0060447	3
GO:0060496	1
GO:0060510	7
GO:0060541	8
GO:0060594	2
GO:0060595	2
GO:0060615	2
GO:0060661	1
GO:0060664	5
GO:0060667	2
GO:0060879	1
GO:0060915	2
GO:0061115	1
GO:0070075	3
GO:0070352	2
GO:0071338	1
GO:1902178	2
GO:0098908	4
GO:1905150	1
GO:0045200	3
GO:1904862	25
GO:1905152	2
GO:0005007	5
GO:0010518	4
GO:0010966	2
GO:0017134	23
GO:0035607	2
GO:0048015	24
GO:0051174	2
GO:0060117	8
GO:0070640	3
GO:0071344	4
GO:0090080	5
GO:0090272	6
GO:1903465	1
GO:2000830	1
GO:2001239	1
GO:0048640	1
GO:0070977	3
GO:1905475	4
GO:0035602	1
GO:0035603	1
GO:0035604	1
GO:0048562	7
GO:0060463	8
GO:0060529	2
GO:0060601	1
GO:0043085	7
GO:0032815	8
GO:0034988	3
GO:0000821	2
GO:0004333	1
GO:0006106	1
GO:0006108	9
GO:2001034	17
GO:0015964	1
GO:0043530	4
GO:0047352	1
GO:0047627	1
GO:0047710	3
GO:0010972	15
GO:0060371	10
GO:0005172	4
GO:0038084	20
GO:0043185	2
GO:0060754	6
GO:0003755	44
GO:0005527	1
GO:0005528	10
GO:0006458	3
GO:0070697	8
GO:0098562	2
GO:1990425	2
GO:0035773	12
GO:0051280	4
GO:0051284	3
GO:0006463	1
GO:0031111	2
GO:0021852	3
GO:0048667	14
GO:0014822	1
GO:0030323	7
GO:0043305	6
GO:0048371	2
GO:0048613	1
GO:0060461	1
GO:0061030	4
GO:0072189	7
GO:0097070	5
GO:0042249	3
GO:0048806	10
GO:1902914	1
GO:0003275	2
GO:0008301	16
GO:0030203	12
GO:0046620	9
GO:0048341	6
GO:0072010	1
GO:1901534	3
GO:1902038	1
GO:1902257	2
GO:1904798	3
GO:0060678	1
GO:0072076	1
GO:0072210	3
GO:0072213	1
GO:0072267	1
GO:0072268	2
GO:0090184	3
GO:0007495	1
GO:0061146	3
GO:0061072	9
GO:0061303	12
GO:1902747	6
GO:2001111	2
GO:0002508	1
GO:0002635	2
GO:0002897	1
GO:0032053	5
GO:0035089	5
GO:0072016	1
GO:1901248	2
GO:0033630	16
GO:0035470	6
GO:0048343	2
GO:0048703	10
GO:0032873	9
GO:0046578	8
GO:0001678	27
GO:0001544	2
GO:0006390	8
GO:0014737	2
GO:0034246	4
GO:0071386	2
GO:1990785	3
GO:0030280	62
GO:0036457	4
GO:0010572	13
GO:0021943	4
GO:0031523	3
GO:0032233	14
GO:0090042	3
GO:0097368	4
GO:1905000	1
GO:1905031	1
GO:1990779	5
GO:0003334	11
GO:0044291	27
GO:0098937	2
GO:1902992	8
GO:0005021	7
GO:0036323	1
GO:0036332	1
GO:0002328	4
GO:0141038	7
GO:0000098	3
GO:0004499	5
GO:0034899	2
GO:0047822	2
GO:0006739	14
GO:0072592	4
GO:0047638	1
GO:0007181	3
GO:0002151	8
GO:0007215	19
GO:0008266	27
GO:0010369	12
GO:0032797	11
GO:0034046	8
GO:0043232	8
GO:0044830	6
GO:0099577	3
GO:0140006	2
GO:1901254	1
GO:1901800	21
GO:1902737	2
GO:1990247	12
GO:2000637	7
GO:2000766	10
GO:0032783	6
GO:0035063	4
GO:0007044	6
GO:0007161	4
GO:1901166	6
GO:0004660	2
GO:0004661	4
GO:0004662	2
GO:0005953	2
GO:0005965	2
GO:0007323	1
GO:0008318	6
GO:0010698	11
GO:0018343	3
GO:0006537	6
GO:0006760	4
GO:0098829	2
GO:1904492	2
GO:1904493	1
GO:0003147	1
GO:0015884	8
GO:0061714	2
GO:0071231	2
GO:0035976	6
GO:0071374	11
GO:0072375	1
GO:1904321	2
GO:1990646	1
GO:0035962	2
GO:0036446	6
GO:0060427	2
GO:0061144	2
GO:0098760	1
GO:1904606	1
GO:1904760	1
GO:0004326	1
GO:0006536	15
GO:0009396	2
GO:0016881	2
GO:0046901	1
GO:0004982	5
GO:0005124	4
GO:0007263	13
GO:0019230	4
GO:0034986	3
GO:0044571	11
GO:0044572	5
GO:0051349	1
GO:0098771	3
GO:0099128	5
GO:1990229	12
GO:0039537	1
GO:0000822	4
GO:0001002	3
GO:0001003	3
GO:0001006	6
GO:0001156	2
GO:0002296	4
GO:0003179	9
GO:0031931	6
GO:0031932	9
GO:0050882	6
GO:0055006	1
GO:0061431	7
GO:0062027	1
GO:0140367	17
GO:1903691	6
GO:1903940	4
GO:1904690	2
GO:1905672	4
GO:1905857	4
GO:0055120	1
GO:0010721	2
GO:0017147	31
GO:0061053	16
GO:0070367	1
GO:0006701	5
GO:0000070	38
GO:0034508	3
GO:0001545	2
GO:0004963	1
GO:0010640	2
GO:0010738	4
GO:0022602	3
GO:0032350	4
GO:0033146	10
GO:0060408	1
GO:0001826	6
GO:0031948	1
GO:0141064	1
GO:2001051	2
GO:0070288	2
GO:0140315	2
GO:0001553	9
GO:0007538	1
GO:0097210	2
GO:2000195	3
GO:0004560	2
GO:0006004	8
GO:0016139	6
GO:0019377	2
GO:0006688	25
GO:0008107	2
GO:0008417	11
GO:0009312	26
GO:0031127	2
GO:0036065	12
GO:0042355	10
GO:1904640	1
GO:1904906	7
GO:0006664	4
GO:0009988	6
GO:0017060	2
GO:0017083	6
GO:0043413	1
GO:0046920	8
GO:0106402	2
GO:1902624	5
GO:0007309	2
GO:0036071	5
GO:0001807	1
GO:0002361	4
GO:0002522	3
GO:0046626	11
GO:0060353	1
GO:1903236	2
GO:1904994	1
GO:2000389	1
GO:0006491	19
GO:0008424	1
GO:0043112	1
GO:0046368	1
GO:0046921	1
GO:0006666	1
GO:0047560	1
GO:0000304	1
GO:0007216	14
GO:0010730	3
GO:0042610	4
GO:0050966	14
GO:1900449	3
GO:1905232	9
GO:1905430	1
GO:1905664	3
GO:0042813	16
GO:0060119	8
GO:0004346	4
GO:0009743	10
GO:0015760	7
GO:0016773	19
GO:0046415	10
GO:0048878	4
GO:0051156	11
GO:1904638	3
GO:0004345	2
GO:0005536	11
GO:0009051	4
GO:0016614	5
GO:0019322	2
GO:0046390	1
GO:0015152	1
GO:0061513	4
GO:0000725	6
GO:0000783	9
GO:0005958	7
GO:0042162	29
GO:0043564	3
GO:0045027	3
GO:0045621	8
GO:0051575	8
GO:0070418	5
GO:0070419	8
GO:0000023	1
GO:0004558	5
GO:0005984	2
GO:0005985	1
GO:0043181	1
GO:0061723	12
GO:0090599	6
GO:0120282	1
GO:0004965	3
GO:0014048	3
GO:0016917	6
GO:0038037	2
GO:0038039	3
GO:0150047	3
GO:1902710	3
GO:1902712	2
GO:1990430	6
GO:0045653	20
GO:0004890	19
GO:0022851	18
GO:1902711	19
GO:0099507	16
GO:0099192	1
GO:0019098	1
GO:0042747	1
GO:0022824	5
GO:2001226	2
GO:0004351	2
GO:0006538	5
GO:0006540	2
GO:0061202	8
GO:0016191	3
GO:1905443	2
GO:0004336	5
GO:0006683	2
GO:0046479	12
GO:0003974	1
GO:0003978	1
GO:0006012	8
GO:0019388	5
GO:0033499	5
GO:0001574	11
GO:0003947	1
GO:0008376	11
GO:1901137	17
GO:0004335	2
GO:0019402	1
GO:0046835	24
GO:0061623	1
GO:0033858	1
GO:0004966	9
GO:0043890	1
GO:0004653	19
GO:0016266	39
GO:0005976	3
GO:0050650	26
GO:0008108	1
GO:0019637	8
GO:0006600	4
GO:0006601	2
GO:0030731	1
GO:0032584	8
GO:1901981	28
GO:0004365	2
GO:0035606	2
GO:0035592	3
GO:0062009	14
GO:0141069	8
GO:0004820	1
GO:0006426	1
GO:0015966	2
GO:0070150	1
GO:0141192	1
GO:0004637	1
GO:0004641	1
GO:0004644	1
GO:0009113	5
GO:0016879	1
GO:0046084	1
GO:0010955	15
GO:0060628	7
GO:0035754	6
GO:0070168	10
GO:0071307	2
GO:1900142	1
GO:2000270	8
GO:2000533	1
GO:1903566	6
GO:0010724	3
GO:0010725	2
GO:0030221	2
GO:0030222	6
GO:0035854	2
GO:0060319	4
GO:0070742	15
GO:0002071	7
GO:0021514	3
GO:0021533	3
GO:0045654	11
GO:0060872	1
GO:1901533	4
GO:1903444	5
GO:2000178	12
GO:2000977	1
GO:0001775	11
GO:0001806	1
GO:0002572	2
GO:0032736	15
GO:0032754	12
GO:0035799	4
GO:0035898	2
GO:0045061	5
GO:0045622	5
GO:0060374	4
GO:0060676	5
GO:0072107	4
GO:2000607	1
GO:2000611	4
GO:2000679	8
GO:2000683	1
GO:2000703	1
GO:2000734	1
GO:0003190	4
GO:0003290	2
GO:0036302	11
GO:0070410	12
GO:0001949	2
GO:0002759	2
GO:0003309	10
GO:0003310	7
GO:0007493	2
GO:0032911	6
GO:0032912	1
GO:0060486	4
GO:0060947	4
GO:0071371	7
GO:0098773	7
GO:1904003	1
GO:0014889	2
GO:0015067	1
GO:0015068	1
GO:0004348	4
GO:0006678	1
GO:0006680	3
GO:0008422	5
GO:0014004	11
GO:0021694	2
GO:0023021	3
GO:0046527	6
GO:0050295	2
GO:1901805	2
GO:1904457	1
GO:1905037	5
GO:1905091	11
GO:1905165	3
GO:0003844	1
GO:0051715	9
GO:0072665	2
GO:0140973	2
GO:0051960	3
GO:0097374	3
GO:0021555	3
GO:0021568	2
GO:0021794	12
GO:0048483	3
GO:0090482	6
GO:1902118	1
GO:0004361	1
GO:0031767	2
GO:0031769	2
GO:0004967	3
GO:0070873	5
GO:0003934	1
GO:0042558	3
GO:0042559	1
GO:0046146	4
GO:0044549	1
GO:0060308	1
GO:0062014	2
GO:0004340	5
GO:0004396	5
GO:0008865	5
GO:0019158	3
GO:0019318	6
GO:0046496	3
GO:0141089	2
GO:0033132	3
GO:0070095	4
GO:0018394	4
GO:0031083	15
GO:0032418	32
GO:0051036	11
GO:0062196	9
GO:0099078	8
GO:0000124	25
GO:0022037	3
GO:0031346	8
GO:0033276	18
GO:0043992	2
GO:0043997	12
GO:0048312	7
GO:0062012	2
GO:0106078	1
GO:0106227	1
GO:0106228	1
GO:0106229	1
GO:1903010	5
GO:0001217	16
GO:2000741	5
GO:0003829	3
GO:0008194	36
GO:0060352	3
GO:0060993	12
GO:0007275	2
GO:0008109	3
GO:0090092	6
GO:0090100	2
GO:0014741	1
GO:0048632	2
GO:2000818	6
GO:2000870	1
GO:0005093	2
GO:0032482	17
GO:1903828	6
GO:1903565	3
GO:0003337	6
GO:0021516	8
GO:0021784	2
GO:0030116	4
GO:0035860	11
GO:0061642	1
GO:0072108	4
GO:1902379	2
GO:2001260	2
GO:0010625	1
GO:0014010	3
GO:0031102	4
GO:0045103	3
GO:0070779	5
GO:0015035	25
GO:0016971	3
GO:0016972	6
GO:0160203	3
GO:0010957	4
GO:0070105	3
GO:0140767	17
GO:0004360	2
GO:0006047	5
GO:0006048	10
GO:0005030	4
GO:0016167	5
GO:0038179	4
GO:0008488	1
GO:0019842	3
GO:2000225	3
GO:0000048	2
GO:0002951	2
GO:0006750	14
GO:0031179	6
GO:0036374	9
GO:0103068	5
GO:1901750	10
GO:0000138	8
GO:0003831	4
GO:0003945	5
GO:0004461	3
GO:0005989	2
GO:0008378	9
GO:0035250	3
GO:0061755	1
GO:1902883	6
GO:0005148	2
GO:0060397	15
GO:0060400	9
GO:0070186	1
GO:0032107	1
GO:0016608	2
GO:0030252	6
GO:0031770	1
GO:0046005	1
GO:0016520	3
GO:0033143	1
GO:0043567	8
GO:0046010	4
GO:0060133	1
GO:0001616	1
GO:0032099	10
GO:0032354	4
GO:0036321	2
GO:0043134	1
GO:0045923	5
GO:0045927	6
GO:0060123	3
GO:0090327	2
GO:0120058	2
GO:1904000	4
GO:1904349	3
GO:0006824	8
GO:0015889	9
GO:0031419	10
GO:0140355	3
GO:0038192	2
GO:0042304	5
GO:0016519	1
GO:0120022	1
GO:0005243	23
GO:0005922	21
GO:0015075	13
GO:0015562	14
GO:0032277	2
GO:0034634	7
GO:0034775	7
GO:0055077	6
GO:0086075	3
GO:0099111	1
GO:1903522	4
GO:1903763	4
GO:1905332	2
GO:1905772	3
GO:1990349	6
GO:0003071	1
GO:0003174	2
GO:0003193	2
GO:0003284	1
GO:0003294	1
GO:0010652	1
GO:0035922	2
GO:0086020	2
GO:0086021	2
GO:0086044	1
GO:0086053	4
GO:0086054	2
GO:0086055	1
GO:0086065	2
GO:0086076	1
GO:0086077	4
GO:0086078	1
GO:0086079	1
GO:0098905	2
GO:0098906	1
GO:1900133	1
GO:1990029	1
GO:0060713	2
GO:0004370	3
GO:0006071	12
GO:0006072	7
GO:0019563	6
GO:0046167	3
GO:0120317	7
GO:0004557	2
GO:0046477	3
GO:0051001	2
GO:0010171	1
GO:0060422	1
GO:0072111	3
GO:0072180	2
GO:0072203	2
GO:2000050	3
GO:0004565	5
GO:0006516	14
GO:0006689	8
GO:0016936	6
GO:0030200	10
GO:0042340	2
GO:0051413	1
GO:1904016	2
GO:0004357	2
GO:0017109	2
GO:0044752	2
GO:0097069	2
GO:2000490	2
GO:0035226	1
GO:0035733	2
GO:1990609	1
GO:0004375	1
GO:0016594	11
GO:0036255	1
GO:0070280	1
GO:1903442	2
GO:0006913	52
GO:0016973	25
GO:0044614	4
GO:0007418	3
GO:0060032	1
GO:1990788	4
GO:2000345	2
GO:0007442	4
GO:0021508	3
GO:0021513	8
GO:0021775	3
GO:0035295	13
GO:0021776	2
GO:0021801	5
GO:0022018	1
GO:0043585	3
GO:0043586	9
GO:0046639	3
GO:0060364	3
GO:0060366	1
GO:0060367	1
GO:0060831	4
GO:0060873	1
GO:0060875	1
GO:0061005	3
GO:0004462	1
GO:0009438	2
GO:0031204	8
GO:0044508	1
GO:0005231	12
GO:0016934	4
GO:0030977	1
GO:0060012	3
GO:0098690	9
GO:2000344	11
GO:0022852	2
GO:0016933	1
GO:0016935	2
GO:0097112	6
GO:0099572	11
GO:0006543	3
GO:0015036	9
GO:0015038	2
GO:0004352	2
GO:0004353	2
GO:0004354	2
GO:0016639	2
GO:0070728	7
GO:0004356	2
GO:0006542	2
GO:0018345	9
GO:0019706	26
GO:0097275	1
GO:0004563	4
GO:0030290	1
GO:0032428	1
GO:0008446	1
GO:0019673	6
GO:0042350	4
GO:0042351	3
GO:0070401	4
GO:0071846	2
GO:0003920	2
GO:1902560	2
GO:0005834	35
GO:0007208	9
GO:0009649	8
GO:0019001	17
GO:0045634	1
GO:0031752	2
GO:0160221	7
GO:0010854	4
GO:0010855	5
GO:0031749	3
GO:0031821	3
GO:1901082	2
GO:0031852	2
GO:0007206	5
GO:0031698	6
GO:0071107	5
GO:0000035	2
GO:0007632	6
GO:0009583	5
GO:0016056	5
GO:0022400	10
GO:0042670	4
GO:0050917	7
GO:0051344	1
GO:0097719	3
GO:0120302	2
GO:0048877	3
GO:0051938	7
GO:0150103	6
GO:1904390	4
GO:0090207	8
GO:1903725	1
GO:0007168	11
GO:0005183	2
GO:0031530	2
GO:0033087	1
GO:0098556	7
GO:1990008	1
GO:1990637	2
GO:2000354	2
GO:0004968	3
GO:0032274	2
GO:0006027	9
GO:0008449	3
GO:0000137	26
GO:0008356	6
GO:0060050	4
GO:0090161	11
GO:0090306	3
GO:1905793	2
GO:0004069	3
GO:0004609	2
GO:0006114	3
GO:0006532	3
GO:0006533	3
GO:0019550	2
GO:0043490	9
GO:0043648	5
GO:0047801	2
GO:0097054	1
GO:1990267	1
GO:0019470	4
GO:0008426	3
GO:0010482	3
GO:0050815	6
GO:0002412	1
GO:0032288	7
GO:0006127	2
GO:0046168	2
GO:0047952	2
GO:0141152	1
GO:0004368	1
GO:0004347	1
GO:0004621	1
GO:0004630	7
GO:0010694	1
GO:0010983	7
GO:0035701	4
GO:0071401	2
GO:0019911	11
GO:0051612	3
GO:0004985	7
GO:0019222	10
GO:0019958	3
GO:0004983	11
GO:0001604	2
GO:0033612	6
GO:0002300	1
GO:0002305	3
GO:0002689	2
GO:0030273	1
GO:0002695	3
GO:0010948	3
GO:0030264	1
GO:0032962	4
GO:0038054	1
GO:0044327	6
GO:2000724	3
GO:0045125	3
GO:0045028	12
GO:0036505	2
GO:0002385	7
GO:0002879	2
GO:0046885	2
GO:0090276	3
GO:0050254	3
GO:0045116	21
GO:0098780	6
GO:1900045	5
GO:0004021	2
GO:0001885	5
GO:0097413	6
GO:0005068	17
GO:0005091	1
GO:0043560	13
GO:0070436	2
GO:0045719	11
GO:0046325	16
GO:0032486	11
GO:1901888	7
GO:0004970	10
GO:0004971	6
GO:0008328	4
GO:0009744	5
GO:0010226	2
GO:0022849	9
GO:0031489	17
GO:0044308	2
GO:0051018	27
GO:0060992	6
GO:0071359	6
GO:0090326	2
GO:0099544	2
GO:1990635	8
GO:1990708	6
GO:0099094	4
GO:0099530	3
GO:0099538	9
GO:0008066	13
GO:1904861	12
GO:0001834	4
GO:0060266	5
GO:0106016	3
GO:1903334	3
GO:1903979	8
GO:1904075	2
GO:1905247	1
GO:1905673	4
GO:0015277	5
GO:0032983	5
GO:0005234	1
GO:0097471	1
GO:0120169	1
GO:0001640	5
GO:0007196	9
GO:0031630	7
GO:0004972	7
GO:0018964	1
GO:0098976	13
GO:0160212	3
GO:1904062	10
GO:1905429	1
GO:0030431	6
GO:0033058	3
GO:1903539	3
GO:0001046	18
GO:0004883	1
GO:0031946	1
GO:0031958	1
GO:1901654	1
GO:0008064	8
GO:0021955	8
GO:0038038	1
GO:0098712	9
GO:0098872	1
GO:0099583	2
GO:0001641	2
GO:2001023	2
GO:0031687	3
GO:0035841	1
GO:0050953	13
GO:0001642	2
GO:0070905	4
GO:0043207	2
GO:1903942	4
GO:0003756	20
GO:0004629	14
GO:0061779	2
GO:0000962	3
GO:0035770	16
GO:0010905	1
GO:0071879	2
GO:0106071	6
GO:1904951	9
GO:2000077	2
GO:2000466	2
GO:0071109	2
GO:0106027	1
GO:0150101	1
GO:1904339	4
GO:2000740	2
GO:0014891	2
GO:0036313	2
GO:0045159	9
GO:0051127	5
GO:0071801	3
GO:0097017	3
GO:1902174	5
GO:1903903	1
GO:1903906	1
GO:1903909	1
GO:1903923	2
GO:0004362	1
GO:0004363	1
GO:0043295	10
GO:0004769	4
GO:1901687	4
GO:0018916	4
GO:0070458	5
GO:0008065	3
GO:0035686	9
GO:0008432	11
GO:0035730	1
GO:0035731	1
GO:0035732	1
GO:0097057	2
GO:0016034	1
GO:0000710	1
GO:0016446	14
GO:0016447	6
GO:0030983	11
GO:0032137	4
GO:0032142	3
GO:0032143	2
GO:0032301	2
GO:0032357	7
GO:0043570	5
GO:0140003	7
GO:0005672	5
GO:0001174	1
GO:0006352	28
GO:0019083	1
GO:0042585	4
GO:0046966	28
GO:0051177	7
GO:0070897	4
GO:1990114	2
GO:0005673	2
GO:0001097	3
GO:0001096	2
GO:0005674	2
GO:0016591	1
GO:0000438	3
GO:0042273	39
GO:0000126	3
GO:0000995	12
GO:0006384	7
GO:0009304	2
GO:0000127	6
GO:0042791	6
GO:0004383	8
GO:0006182	13
GO:0008074	3
GO:0070482	6
GO:0008048	6
GO:0030249	3
GO:0031284	2
GO:0030250	5
GO:0098925	1
GO:0047805	1
GO:0001653	4
GO:0006185	1
GO:0034436	3
GO:0046054	3
GO:0046060	1
GO:0046711	1
GO:0004566	3
GO:0030207	4
GO:0008466	2
GO:0004373	3
GO:0061547	2
GO:0032078	1
GO:0051354	5
GO:1902483	2
GO:1903749	5
GO:1904856	2
GO:0003680	9
GO:0061628	10
GO:0071169	9
GO:0001740	8
GO:0031508	5
GO:0032200	28
GO:0042692	21
GO:0090230	3
GO:1902340	2
GO:0008709	1
GO:0030678	3
GO:0043527	6
GO:0044594	2
GO:0047015	1
GO:0062173	1
GO:0070901	3
GO:0097745	3
GO:0106281	1
GO:0106282	1
GO:0106283	1
GO:1990180	4
GO:0004416	3
GO:0019243	3
GO:0035965	5
GO:0004397	1
GO:0006547	5
GO:0006548	7
GO:0016841	1
GO:0019556	4
GO:0019557	4
GO:0004821	2
GO:0006427	2
GO:0030213	6
GO:0050501	3
GO:0030212	10
GO:0036117	2
GO:0005344	14
GO:0031720	3
GO:0031838	11
GO:0030492	5
GO:0031721	5
GO:0004408	1
GO:0018063	1
GO:0035097	27
GO:0044545	11
GO:0044665	9
GO:0048188	15
GO:0002758	2
GO:0043299	1
GO:0045728	4
GO:0051090	14
GO:0060333	15
GO:0051169	4
GO:2000107	2
GO:0031771	1
GO:0031772	1
GO:0016499	2
GO:0010840	1
GO:0022410	1
GO:0031587	2
GO:0042297	8
GO:1905289	3
GO:1905291	3
GO:0004407	19
GO:0006476	11
GO:0033558	13
GO:0035851	2
GO:0043922	13
GO:0141221	10
GO:0160008	4
GO:0160009	4
GO:0160216	3
GO:1902455	21
GO:0032732	13
GO:0050847	12
GO:0160010	2
GO:1902437	1
GO:0001694	2
GO:0004398	1
GO:0031209	11
GO:0043372	7
GO:0045588	9
GO:0030209	4
GO:1905379	2
GO:0008049	1
GO:0015929	3
GO:0016231	1
GO:0043615	7
GO:0030451	1
GO:0002709	2
GO:0002725	7
GO:1904283	1
GO:1990641	3
GO:2001186	4
GO:0004411	1
GO:0022603	8
GO:0048012	8
GO:1901299	6
GO:0038127	4
GO:0038129	1
GO:0051155	5
GO:0055012	6
GO:0060379	11
GO:0060956	5
GO:1900086	1
GO:0010793	10
GO:0030948	12
GO:1904689	1
GO:0006089	10
GO:0010573	6
GO:0019896	12
GO:0032909	4
GO:0051541	2
GO:0060574	4
GO:0070243	2
GO:1904407	3
GO:2001054	6
GO:0032266	48
GO:0035612	10
GO:0080025	29
GO:0099637	1
GO:2000588	3
GO:0010994	7
GO:0060340	20
GO:0009154	1
GO:0016926	9
GO:0016929	7
GO:0006013	8
GO:0009298	6
GO:0042834	19
GO:0047931	1
GO:0061728	3
GO:0035795	2
GO:0046324	8
GO:0010833	9
GO:0051252	9
GO:0002419	3
GO:0002485	2
GO:0005797	9
GO:0036037	4
GO:0042270	6
GO:0046977	3
GO:0062061	3
GO:2000566	3
GO:2000568	2
GO:2001187	2
GO:0002504	15
GO:0002399	1
GO:0021520	8
GO:0002587	2
GO:0032395	10
GO:0002469	3
GO:0002491	2
GO:0032831	5
GO:0043382	9
GO:0120281	8
GO:0002842	8
GO:0032673	2
GO:0001815	1
GO:0002228	4
GO:0002477	2
GO:0002519	3
GO:0002715	1
GO:0002717	4
GO:0002729	9
GO:0032398	2
GO:0032816	10
GO:0046703	8
GO:0002728	2
GO:0043322	1
GO:0046978	4
GO:0046979	3
GO:0002451	1
GO:0002645	2
GO:0002666	5
GO:0002767	3
GO:0002854	2
GO:0032393	5
GO:0004077	1
GO:0005652	13
GO:0070781	2
GO:0045063	16
GO:0004418	1
GO:0001773	3
GO:0002270	2
GO:0002281	17
GO:0002643	2
GO:0002840	1
GO:0010858	1
GO:0017055	2
GO:0032072	1
GO:0032425	3
GO:0034165	6
GO:0035868	3
GO:0045819	4
GO:0050792	2
GO:0051052	5
GO:1903706	16
GO:1905455	1
GO:2000426	2
GO:0007289	10
GO:0044378	2
GO:0045578	5
GO:0040034	1
GO:0004419	2
GO:0016833	2
GO:0046951	6
GO:0004420	1
GO:0004421	2
GO:0010142	2
GO:0034284	2
GO:0006337	21
GO:0046965	17
GO:0002246	2
GO:0004392	2
GO:0006788	2
GO:0014806	2
GO:0042168	7
GO:0060528	3
GO:0060739	2
GO:0060743	3
GO:1902691	2
GO:1904340	2
GO:2000049	12
GO:2000543	7
GO:0010470	8
GO:0060398	1
GO:0090368	1
GO:0003311	2
GO:0035883	7
GO:0001692	4
GO:0001695	1
GO:0008170	4
GO:0046539	1
GO:0015205	3
GO:0015854	1
GO:0006405	21
GO:0032211	22
GO:0061752	2
GO:0098505	10
GO:0043047	5
GO:0050658	11
GO:1990428	3
GO:0051253	2
GO:1904580	3
GO:0097167	2
GO:0106002	5
GO:1901355	4
GO:1904355	5
GO:1904586	1
GO:1990828	1
GO:0048024	20
GO:1902165	1
GO:0009048	10
GO:0017130	2
GO:0034584	7
GO:0098577	1
GO:0098963	3
GO:0099122	7
GO:1902275	11
GO:1902889	1
GO:1990280	1
GO:2000373	3
GO:0050774	9
GO:0007634	2
GO:0021599	2
GO:0050795	12
GO:0060876	1
GO:0021658	1
GO:0021615	4
GO:0060435	5
GO:0060480	3
GO:0060481	2
GO:0060535	3
GO:0060536	6
GO:0060638	3
GO:0060764	2
GO:0042118	9
GO:0010720	2
GO:1902761	1
GO:1901385	2
GO:1901986	2
GO:0048619	3
GO:0060847	1
GO:2001055	3
GO:0021546	2
GO:0021570	2
GO:0021571	2
GO:0048857	1
GO:0048539	9
GO:0035878	7
GO:0043587	5
GO:0008595	8
GO:0035136	9
GO:0060602	1
GO:2000296	2
GO:0003868	2
GO:0004957	5
GO:0016404	2
GO:1905828	1
GO:0070008	4
GO:2000347	10
GO:0004422	2
GO:0006178	2
GO:0046038	5
GO:0046100	1
GO:0052657	1
GO:0031085	2
GO:0060332	1
GO:0060335	6
GO:0160185	3
GO:1905360	2
GO:2000630	3
GO:0004969	6
GO:2000504	2
GO:2001027	5
GO:0016274	10
GO:0033142	2
GO:0035242	7
GO:0048588	2
GO:0140592	1
GO:0008276	16
GO:0018216	4
GO:0035241	5
GO:0044020	5
GO:0045652	8
GO:0046985	6
GO:0106080	1
GO:0140939	7
GO:0021557	2
GO:0021558	1
GO:0021575	3
GO:0021870	2
GO:0035881	10
GO:0035910	4
GO:0043398	4
GO:0045608	4
GO:0045687	4
GO:0045977	1
GO:0046331	3
GO:0060122	25
GO:0060164	2
GO:0060675	3
GO:0061009	3
GO:0061106	2
GO:0071820	1
GO:0072049	3
GO:0072050	4
GO:0072141	1
GO:0072282	3
GO:0090281	8
GO:1902870	3
GO:1905934	1
GO:2000227	1
GO:2000974	3
GO:2000981	2
GO:0070370	6
GO:0003854	4
GO:0047022	1
GO:0070524	1
GO:0102196	2
GO:0070523	1
GO:0071248	3
GO:0072582	3
GO:0033989	1
GO:0036111	1
GO:0036112	2
GO:0106386	2
GO:0001162	8
GO:0061770	3
GO:0062029	7
GO:0071478	3
GO:0090084	11
GO:0090261	3
GO:0098847	2
GO:0101031	32
GO:1904843	1
GO:0000502	63
GO:0070628	18
GO:0090086	2
GO:0098554	18
GO:0140036	10
GO:0140318	16
GO:1903332	1
GO:0043508	8
GO:0051223	9
GO:0055131	5
GO:0070585	14
GO:1903748	2
GO:1905259	2
GO:0031249	2
GO:0070434	6
GO:0140545	6
GO:0002199	8
GO:0000795	28
GO:0036128	14
GO:0070194	2
GO:0030150	24
GO:0034663	11
GO:0035437	4
GO:0060904	1
GO:1903894	3
GO:1903895	6
GO:1903897	1
GO:0039531	2
GO:0051129	7
GO:0061635	16
GO:0061684	7
GO:0098575	2
GO:1902903	2
GO:1902904	2
GO:1904589	1
GO:1904764	1
GO:0001401	13
GO:0007007	20
GO:0140275	13
GO:1902037	5
GO:1903707	2
GO:0090038	1
GO:0007525	4
GO:0002134	2
GO:0002135	1
GO:0017098	2
GO:0030911	8
GO:0032564	1
GO:0043335	12
GO:0044294	8
GO:0051022	3
GO:1902988	2
GO:0022618	7
GO:0019062	5
GO:0043008	7
GO:0120293	20
GO:1990565	2
GO:0030135	3
GO:0034514	2
GO:0045041	3
GO:0048291	1
GO:0140494	6
GO:0008146	51
GO:0015016	4
GO:0050119	3
GO:0102140	3
GO:0009893	11
GO:0001586	6
GO:0007210	11
GO:0051378	10
GO:0099589	12
GO:0014063	2
GO:0098666	4
GO:0099154	2
GO:0014827	4
GO:0001587	3
GO:0010513	3
GO:0044380	2
GO:0050951	4
GO:0071886	2
GO:0031644	3
GO:0032098	9
GO:0043397	1
GO:0022850	7
GO:0140227	5
GO:1904602	5
GO:0120056	1
GO:0010647	2
GO:0023056	1
GO:0030896	5
GO:0044778	2
GO:0045545	5
GO:0090733	4
GO:0098965	2
GO:0098966	1
GO:0004415	8
GO:0052757	1
GO:0004822	2
GO:0006428	2
GO:0051046	7
GO:0097753	3
GO:0140090	4
GO:0001910	1
GO:0002291	8
GO:0002457	5
GO:0022614	6
GO:0072683	3
GO:0002273	2
GO:0032479	11
GO:0016150	1
GO:0070126	4
GO:0072344	37
GO:0061031	3
GO:0072750	1
GO:1901707	1
GO:0061682	1
GO:0010992	5
GO:0031597	5
GO:0031626	1
GO:0043559	5
GO:0004450	2
GO:0006097	2
GO:0006102	5
GO:0060696	1
GO:0071071	2
GO:0006741	7
GO:1904465	8
GO:0004449	3
GO:0045242	3
GO:0004452	2
GO:0009240	2
GO:0016860	2
GO:0050992	2
GO:0004423	1
GO:0003940	1
GO:0030211	1
GO:0140972	3
GO:0044827	2
GO:0019060	2
GO:0043657	9
GO:0071357	2
GO:0140610	4
GO:1904972	2
GO:0002323	18
GO:0005132	16
GO:0032714	8
GO:0004904	2
GO:0004905	2
GO:0008269	3
GO:0019962	2
GO:1901857	9
GO:0008811	1
GO:0045343	1
GO:0140123	1
GO:0005133	2
GO:0032834	2
GO:0038196	11
GO:0060552	1
GO:0060557	2
GO:0090312	3
GO:1903543	15
GO:1904440	3
GO:0004906	2
GO:0007518	2
GO:0035303	6
GO:0009441	1
GO:0010560	5
GO:0014896	1
GO:0014904	5
GO:0016942	3
GO:0032878	4
GO:0035630	6
GO:0035867	4
GO:0042567	4
GO:0060283	1
GO:0150079	10
GO:1904692	4
GO:0005009	3
GO:0005010	3
GO:0005899	4
GO:0031994	13
GO:1902911	3
GO:0046628	20
GO:0031995	8
GO:1905394	10
GO:1901862	1
GO:1904205	1
GO:0032874	21
GO:0042568	1
GO:0002041	1
GO:2000304	7
GO:0019814	164
GO:0042571	8
GO:0060267	7
GO:0071735	13
GO:0071745	7
GO:0071748	4
GO:0071751	5
GO:0071752	3
GO:0071738	6
GO:0071742	6
GO:0071744	1
GO:0090716	1
GO:0090720	1
GO:0071753	6
GO:0071756	3
GO:0071757	2
GO:0032574	2
GO:0036121	3
GO:0071750	1
GO:0002193	3
GO:0003157	5
GO:0003160	2
GO:0007221	7
GO:0009912	3
GO:0009957	5
GO:0043467	3
GO:0060844	1
GO:0061344	3
GO:0072554	2
GO:0097101	1
GO:1901186	1
GO:1901189	1
GO:2000138	4
GO:0038102	2
GO:0003413	4
GO:0016539	2
GO:0030704	1
GO:0034189	5
GO:0048074	1
GO:0060220	1
GO:0140853	3
GO:0071005	50
GO:0002479	3
GO:0034138	15
GO:0035666	11
GO:1903140	10
GO:1903347	7
GO:0001660	3
GO:0005149	14
GO:0002711	3
GO:0014805	4
GO:0031622	4
GO:0045917	2
GO:0050999	2
GO:0060355	4
GO:0070164	4
GO:0097398	8
GO:1902680	2
GO:1905075	5
GO:2000556	8
GO:0004908	7
GO:0004909	2
GO:2000661	1
GO:0002114	2
GO:0038172	8
GO:0099545	3
GO:0005150	2
GO:0005151	2
GO:0005152	3
GO:0045352	1
GO:0045353	1
GO:2000660	10
GO:0002366	3
GO:0031851	1
GO:0032740	27
GO:0034105	6
GO:0043208	6
GO:0046013	3
GO:0050672	7
GO:1900100	4
GO:1901327	2
GO:2000561	2
GO:0002664	1
GO:0004911	3
GO:0005893	2
GO:0019976	3
GO:0042010	3
GO:0002335	1
GO:0004913	2
GO:0004917	2
GO:0035771	7
GO:0038111	8
GO:0038113	8
GO:0005135	2
GO:0005136	3
GO:0045191	4
GO:0048295	3
GO:0005137	2
GO:0045645	2
GO:0032674	2
GO:0001781	2
GO:0002384	2
GO:0005896	3
GO:0010574	3
GO:0032745	2
GO:0061888	1
GO:0070091	1
GO:0070092	3
GO:0090091	11
GO:1903978	3
GO:1904894	9
GO:2000635	3
GO:0004915	2
GO:0019981	2
GO:0070119	1
GO:0072126	6
GO:0002821	8
GO:0004923	2
GO:0004924	3
GO:0005900	2
GO:0038165	4
GO:0045509	2
GO:0048861	4
GO:0070104	11
GO:0070106	8
GO:0005139	2
GO:0000018	5
GO:0005153	2
GO:0045091	1
GO:0045236	13
GO:0004918	2
GO:0038112	2
GO:0005140	1
GO:0042629	4
GO:0004919	1
GO:0019983	1
GO:0002439	2
GO:0002875	1
GO:0005141	1
GO:0032687	6
GO:0032701	4
GO:0034465	3
GO:0045347	5
GO:0051045	8
GO:0060302	1
GO:0140105	12
GO:1903034	1
GO:0004920	2
GO:0019969	1
GO:0032002	3
GO:0005142	1
GO:0002860	6
GO:0005143	5
GO:0031906	2
GO:0035722	9
GO:0042163	1
GO:0043514	2
GO:0045513	1
GO:0051135	5
GO:1903588	26
GO:0001912	2
GO:0002708	1
GO:0002827	10
GO:0042164	1
GO:0045519	2
GO:0051142	6
GO:0070743	2
GO:2000318	13
GO:0016517	1
GO:0038155	6
GO:0042019	2
GO:0042020	2
GO:0042022	3
GO:0072536	4
GO:0005144	1
GO:0035772	3
GO:1901247	1
GO:1901251	1
GO:2000231	1
GO:0005898	1
GO:0045062	1
GO:1902565	3
GO:0033084	1
GO:0002225	2
GO:0032739	1
GO:0038173	7
GO:0072537	7
GO:0097400	10
GO:0097530	2
GO:1903557	2
GO:1903882	4
GO:2000340	5
GO:0045515	1
GO:0160091	4
GO:0072697	3
GO:0006020	7
GO:0006021	3
GO:0008877	2
GO:0008934	2
GO:0031403	2
GO:0046854	43
GO:0047954	2
GO:0052832	2
GO:0052833	3
GO:0052834	3
GO:0103026	2
GO:0003938	2
GO:0006183	11
GO:0000801	8
GO:0051257	2
GO:1990385	1
GO:0002678	1
GO:0004833	3
GO:0006569	9
GO:0019441	5
GO:0019805	4
GO:0033754	2
GO:0034276	2
GO:0034354	9
GO:0070234	9
GO:0016602	5
GO:0035033	5
GO:0043512	2
GO:0043513	1
GO:0046880	2
GO:0046882	3
GO:0021773	4
GO:0042701	2
GO:0043509	1
GO:0060279	2
GO:0060936	1
GO:0070699	2
GO:0090650	4
GO:1903449	1
GO:0032686	2
GO:0044650	1
GO:0046789	1
GO:1904017	3
GO:0008603	7
GO:0010819	1
GO:0048248	5
GO:1901740	3
GO:0004441	2
GO:0052829	1
GO:0045818	2
GO:0045922	11
GO:0050708	11
GO:2000252	5
GO:0016316	2
GO:0017161	2
GO:0043647	17
GO:0052828	2
GO:0004445	7
GO:0046856	25
GO:0052658	7
GO:0052659	6
GO:0004439	10
GO:0052745	3
GO:0016314	6
GO:0034485	8
GO:0045659	2
GO:0006991	4
GO:0032933	9
GO:0032937	3
GO:0036315	3
GO:0070862	1
GO:1901303	1
GO:1901384	1
GO:0035270	1
GO:0048639	4
GO:0051446	2
GO:2000194	2
GO:0071469	2
GO:0071540	2
GO:0010157	2
GO:0043201	3
GO:0097050	3
GO:1904102	1
GO:0001959	3
GO:0008063	7
GO:0034134	6
GO:0034162	11
GO:0008305	27
GO:0010668	5
GO:0034675	2
GO:0034676	1
GO:0034124	2
GO:2000564	3
GO:0039530	4
GO:0097300	8
GO:0071225	10
GO:0019043	1
GO:0034127	1
GO:0045655	2
GO:0000175	33
GO:0008310	7
GO:0008859	3
GO:0030619	8
GO:0030620	6
GO:0034511	11
GO:0021524	3
GO:0021559	7
GO:0048880	3
GO:0048936	4
GO:0060913	4
GO:0060931	5
GO:0072201	6
GO:1901258	1
GO:0034665	2
GO:0098639	5
GO:0006971	3
GO:0034666	3
GO:0038064	4
GO:0038065	6
GO:0070442	3
GO:0031345	3
GO:0034667	2
GO:0002387	2
GO:0003366	2
GO:0033631	7
GO:0034668	3
GO:0034669	2
GO:0090074	1
GO:0098657	7
GO:1903039	4
GO:1990405	9
GO:1990771	1
GO:0001704	7
GO:0034674	2
GO:0071062	3
GO:1900748	15
GO:0034679	2
GO:0098640	5
GO:0030369	3
GO:0034687	2
GO:0035683	2
GO:0034688	2
GO:0043315	3
GO:0045963	3
GO:1904151	4
GO:1904643	2
GO:0001846	1
GO:0032369	4
GO:0034682	2
GO:0034683	2
GO:0034684	2
GO:0034685	2
GO:0034686	2
GO:0035866	3
GO:0050748	2
GO:0071604	2
GO:0085017	1
GO:2000536	2
GO:0034689	2
GO:1905956	2
GO:0034677	1
GO:0034678	2
GO:0034680	2
GO:0034681	2
GO:0048626	1
GO:0051951	2
GO:0060912	2
GO:0051611	1
GO:0098880	5
GO:0150054	3
GO:1900731	1
GO:0032290	3
GO:0000054	4
GO:0000460	15
GO:0000470	11
GO:0005638	5
GO:0043023	14
GO:1902626	1
GO:0061520	4
GO:0060674	14
GO:0004576	2
GO:0004579	5
GO:0006193	1
GO:0009204	1
GO:0035870	2
GO:0036220	1
GO:0036222	1
GO:0000825	2
GO:0032957	4
GO:0047325	1
GO:0052725	1
GO:0052726	1
GO:0052835	1
GO:0000828	8
GO:0008440	4
GO:0032958	10
GO:0033030	1
GO:0005220	3
GO:0005955	6
GO:0015278	9
GO:0070679	12
GO:0098695	1
GO:0043533	5
GO:0050913	7
GO:0050916	7
GO:0008470	1
GO:0018153	1
GO:0042492	8
GO:1990134	1
GO:0031730	8
GO:0019897	9
GO:0031959	1
GO:0034050	1
GO:0035401	1
GO:0038163	7
GO:0046634	3
GO:0060399	3
GO:0061180	11
GO:0070671	2
GO:0070757	1
GO:1902728	2
GO:1905539	2
GO:0002731	1
GO:0070232	5
GO:0070669	3
GO:0070670	5
GO:0070672	2
GO:0071104	2
GO:0032452	22
GO:0060044	14
GO:1902682	1
GO:2000319	2
GO:0071665	1
GO:0106006	4
GO:0002276	2
GO:0003877	1
GO:0004824	1
GO:0006430	1
GO:0005251	25
GO:0023041	7
GO:0033270	10
GO:0050976	4
GO:0086011	10
GO:0015271	20
GO:0021633	2
GO:0033010	9
GO:0034705	9
GO:0097623	15
GO:0099508	11
GO:1905030	3
GO:0005244	13
GO:0086050	1
GO:0086052	1
GO:0086087	1
GO:0086089	4
GO:0086090	1
GO:0098914	5
GO:0010701	3
GO:0045163	4
GO:2000671	2
GO:0021759	4
GO:0022836	5
GO:0032589	3
GO:0034767	3
GO:0051291	15
GO:0099605	3
GO:0005250	4
GO:0071193	2
GO:0071196	2
GO:0086008	4
GO:0099625	3
GO:1902282	12
GO:0031433	7
GO:0030551	1
GO:0003064	3
GO:0005242	26
GO:0086010	10
GO:1902937	5
GO:1903765	6
GO:0015272	6
GO:0014861	1
GO:0015693	15
GO:0015467	4
GO:1990566	2
GO:0003229	9
GO:0008282	4
GO:0031004	3
GO:0051124	3
GO:0060920	2
GO:0060922	1
GO:0061535	3
GO:0061762	6
GO:0022834	4
GO:0022841	16
GO:0003231	7
GO:0098782	4
GO:0099565	4
GO:1904551	3
GO:0003029	2
GO:0005252	1
GO:0015269	12
GO:0060072	2
GO:0060073	3
GO:0060083	3
GO:0016286	4
GO:0022894	1
GO:0001698	1
GO:0015705	8
GO:0022600	1
GO:0034237	26
GO:0035934	2
GO:0060453	3
GO:1903817	2
GO:1990794	2
GO:0097314	1
GO:0098977	3
GO:0099610	3
GO:0099611	1
GO:1903701	2
GO:0038085	5
GO:0060837	5
GO:0141150	1
GO:1901532	5
GO:1904881	3
GO:0031133	5
GO:0004454	1
GO:0007019	16
GO:0035253	11
GO:0098971	7
GO:0007028	6
GO:0035617	7
GO:0047497	10
GO:0072383	6
GO:0098987	2
GO:0101004	4
GO:0160040	6
GO:0006996	5
GO:0098964	3
GO:0150034	3
GO:0045218	3
GO:0002769	3
GO:0032394	7
GO:0023029	6
GO:0030110	1
GO:0030109	2
GO:0031773	1
GO:0002327	7
GO:0002732	5
GO:0005020	1
GO:0070662	5
GO:0070668	5
GO:0097324	3
GO:0097326	1
GO:0120072	1
GO:1904251	3
GO:1904343	1
GO:0042269	6
GO:0032814	6
GO:0062080	1
GO:0062082	2
GO:0062081	1
GO:0023030	2
GO:0007100	6
GO:0051231	3
GO:0046603	1
GO:0051294	6
GO:0008139	25
GO:0014841	5
GO:0042564	10
GO:0061608	20
GO:0099527	5
GO:0006404	3
GO:0006610	4
GO:0040001	5
GO:0071782	21
GO:0075506	2
GO:0075732	2
GO:0021897	3
GO:0030275	6
GO:0035900	4
GO:0051385	1
GO:0032980	2
GO:0045684	5
GO:0051546	6
GO:0045107	1
GO:0060706	6
GO:0043555	3
GO:0045110	7
GO:1990254	6
GO:0051798	7
GO:1990357	4
GO:0003796	11
GO:0032224	4
GO:0098637	9
GO:0110011	6
GO:0005608	4
GO:0005610	3
GO:0036484	4
GO:0043259	3
GO:0043260	3
GO:0098631	12
GO:0005606	3
GO:0005607	2
GO:0021812	1
GO:0043256	4
GO:0043257	1
GO:0048677	3
GO:0072249	2
GO:0072274	1
GO:0150043	2
GO:0000421	57
GO:0061474	3
GO:1902513	4
GO:0061742	1
GO:0098857	3
GO:0031110	15
GO:0070495	5
GO:1905098	3
GO:0060265	2
GO:0050613	2
GO:0003847	8
GO:0004607	1
GO:0004623	34
GO:0008374	30
GO:0047179	4
GO:0050856	8
GO:0015891	2
GO:0110090	1
GO:0033157	6
GO:0036398	3
GO:0000016	1
GO:0005990	1
GO:0080079	1
GO:0098591	6
GO:0140749	1
GO:1901733	1
GO:2000892	1
GO:0004457	3
GO:0004459	5
GO:0019661	3
GO:1990204	8
GO:0019244	1
GO:0001920	5
GO:0030229	4
GO:0061889	5
GO:0090118	2
GO:1905167	5
GO:1990666	2
GO:0032310	5
GO:0032817	2
GO:0046850	6
GO:0060587	1
GO:0071298	1
GO:0090335	4
GO:1900180	10
GO:1904651	1
GO:1990051	1
GO:1990460	4
GO:2000486	1
GO:0038021	1
GO:0006851	16
GO:0015369	2
GO:0034214	12
GO:0042407	16
GO:0051562	4
GO:0099093	3
GO:0140141	4
GO:1900069	4
GO:0007386	4
GO:0033829	3
GO:1902367	1
GO:0030395	3
GO:1990724	2
GO:0048030	2
GO:0048245	20
GO:0051132	7
GO:0051134	2
GO:0070492	14
GO:0071674	3
GO:1902041	6
GO:2000521	2
GO:2001189	3
GO:0002780	2
GO:0098792	7
GO:0002826	7
GO:0070241	1
GO:0071636	9
GO:2000670	4
GO:0004964	1
GO:0035472	1
GO:0038106	1
GO:0046544	3
GO:0090030	1
GO:0001705	1
GO:0021871	5
GO:0021937	2
GO:0032525	11
GO:0035847	2
GO:0035849	1
GO:0048793	7
GO:0060059	7
GO:0060067	2
GO:0061205	4
GO:0072077	1
GO:0072164	7
GO:0072177	6
GO:0072224	2
GO:0072278	2
GO:0072283	1
GO:0072284	4
GO:0097379	1
GO:2000744	2
GO:2000768	3
GO:0072307	5
GO:0140013	4
GO:0003909	3
GO:0003910	3
GO:0006273	3
GO:1903461	1
GO:0051053	4
GO:0070421	1
GO:0090298	1
GO:0097681	10
GO:0006297	6
GO:0032807	3
GO:0033152	6
GO:0033153	4
GO:0075713	1
GO:2001252	2
GO:0051650	8
GO:0002536	2
GO:0006638	2
GO:0006776	7
GO:0010878	5
GO:0030421	2
GO:0048871	6
GO:0072576	3
GO:0140354	2
GO:0140962	1
GO:1903409	7
GO:0004620	31
GO:0008970	22
GO:0034373	1
GO:0034638	13
GO:0046485	6
GO:0047376	3
GO:0120516	3
GO:0000248	2
GO:0016213	2
GO:0016717	7
GO:0045485	1
GO:0062076	1
GO:0015820	10
GO:0016332	3
GO:0032527	14
GO:0034498	17
GO:1903215	6
GO:0030951	4
GO:0051664	5
GO:0090435	8
GO:0160123	2
GO:1990683	2
GO:0002480	1
GO:0004720	5
GO:0016641	5
GO:0018057	3
GO:0035905	1
GO:0035906	1
GO:2000586	1
GO:0018277	2
GO:0034358	1
GO:0018969	1
GO:0036393	1
GO:0140825	4
GO:0006903	8
GO:0016964	1
GO:0030226	1
GO:0032370	2
GO:0070325	3
GO:1903064	2
GO:1904300	1
GO:2000587	4
GO:0034311	1
GO:0060982	9
GO:0070447	2
GO:1904447	3
GO:0097105	9
GO:0014029	8
GO:0019534	9
GO:1990851	4
GO:0060033	4
GO:0060042	14
GO:0061299	7
GO:0110135	4
GO:0048259	3
GO:1900116	2
GO:0000250	1
GO:0016104	1
GO:0016866	2
GO:0004463	1
GO:0019538	4
GO:0045148	1
GO:0002876	2
GO:0042361	5
GO:0097258	2
GO:0097259	2
GO:0140692	1
GO:2001302	2
GO:2001304	1
GO:0050436	6
GO:0048534	2
GO:0031665	14
GO:0032780	9
GO:0044793	2
GO:0097013	5
GO:0140912	5
GO:1900229	2
GO:2000308	1
GO:0032914	6
GO:0030550	8
GO:0002513	4
GO:0002576	5
GO:0002762	1
GO:0002774	5
GO:0030061	8
GO:0033003	3
GO:0034136	6
GO:0034144	21
GO:0038159	1
GO:0060369	5
GO:0070667	3
GO:0090025	2
GO:0090330	7
GO:0099091	5
GO:1900028	7
GO:0033299	5
GO:0106288	1
GO:0000407	31
GO:0070443	2
GO:0051783	1
GO:1990728	2
GO:0001710	1
GO:0071141	7
GO:0071142	2
GO:0071144	8
GO:0141091	11
GO:0003002	4
GO:0003140	10
GO:0007352	3
GO:0032444	3
GO:0048340	3
GO:0031962	1
GO:0032810	3
GO:0061767	1
GO:0003251	1
GO:0048859	4
GO:0051797	4
GO:0061040	1
GO:1905305	1
GO:1902045	2
GO:0070698	2
GO:0032984	4
GO:1903043	1
GO:1904886	1
GO:2000317	2
GO:0045604	4
GO:0043218	4
GO:0097453	2
GO:1905576	3
GO:1901984	3
GO:0035145	21
GO:1990501	3
GO:2000622	5
GO:1902856	2
GO:0002175	4
GO:0098737	1
GO:0120003	1
GO:0004571	8
GO:0015923	3
GO:0045047	15
GO:1904381	3
GO:1904382	1
GO:0004559	7
GO:0004572	2
GO:0016799	7
GO:0004567	1
GO:0006576	5
GO:0097621	3
GO:0031114	4
GO:0044307	3
GO:0150001	2
GO:1901588	3
GO:1902817	5
GO:0021700	1
GO:0051915	1
GO:0061162	2
GO:0097441	6
GO:0097457	3
GO:0043203	7
GO:0150002	2
GO:0150014	1
GO:1901953	2
GO:1903744	2
GO:1990769	3
GO:0051012	3
GO:0140778	2
GO:0030705	14
GO:0016072	5
GO:0045298	1
GO:0072386	1
GO:0090140	8
GO:0090258	5
GO:0099077	1
GO:0099609	1
GO:1900452	5
GO:1902474	4
GO:1904428	6
GO:0051654	4
GO:0004825	2
GO:0006431	2
GO:0001595	1
GO:0004478	2
GO:0006556	4
GO:0009087	1
GO:0048269	3
GO:0003429	1
GO:0120216	4
GO:0031104	2
GO:0071943	2
GO:0006369	13
GO:0098809	5
GO:0008366	7
GO:0033269	4
GO:1904685	1
GO:0004977	5
GO:0004980	3
GO:0004978	1
GO:1903998	2
GO:1990680	3
GO:0001517	7
GO:0006790	17
GO:0018146	16
GO:0045130	2
GO:1903378	4
GO:0000727	12
GO:0005664	8
GO:0030174	14
GO:0042555	11
GO:0071162	11
GO:1902975	4
GO:0005658	5
GO:0006271	8
GO:1902969	1
GO:0002079	6
GO:0035581	3
GO:0061367	2
GO:0061368	3
GO:0004470	4
GO:0016615	4
GO:0030060	4
GO:0047860	1
GO:0047995	1
GO:0046554	1
GO:0021681	3
GO:0106091	3
GO:0061663	4
GO:0071301	1
GO:0071494	6
GO:0072717	3
GO:1904404	1
GO:0004473	3
GO:0008948	4
GO:1902031	2
GO:0004471	1
GO:0032048	2
GO:0050432	2
GO:0099191	1
GO:0048311	8
GO:0070375	2
GO:0003138	3
GO:0003185	1
GO:0007521	2
GO:0060025	4
GO:0072102	3
GO:0072160	2
GO:2001013	5
GO:1904270	2
GO:0019100	2
GO:0043507	12
GO:0060718	6
GO:0004706	9
GO:1902170	1
GO:0048210	2
GO:0098887	9
GO:0098969	2
GO:0001757	5
GO:0061056	3
GO:0017090	2
GO:0010883	7
GO:0005008	1
GO:0017154	13
GO:0008176	1
GO:0036265	2
GO:0106143	2
GO:0160090	1
GO:0005684	29
GO:0010712	1
GO:0003827	1
GO:0006049	1
GO:0008455	1
GO:0003830	1
GO:1905166	5
GO:0030144	2
GO:0035459	12
GO:0070973	9
GO:0002763	2
GO:0005173	4
GO:0097531	3
GO:1902035	9
GO:0003908	1
GO:0006307	11
GO:0034635	2
GO:0071449	1
GO:0006692	1
GO:0045345	6
GO:0031348	3
GO:0050689	4
GO:0061078	1
GO:0061081	1
GO:0006627	5
GO:2001141	3
GO:0006515	22
GO:0010810	8
GO:0035520	9
GO:0042405	12
GO:1904327	1
GO:0098895	2
GO:0098968	2
GO:0099164	1
GO:0000289	20
GO:0002204	2
GO:0005712	2
GO:0005715	1
GO:0007060	3
GO:0016321	4
GO:0032300	8
GO:0032389	3
GO:0043060	1
GO:0045132	6
GO:0045143	7
GO:0045950	3
GO:0048298	6
GO:0031788	1
GO:0031435	17
GO:0042800	16
GO:0090310	2
GO:0140945	8
GO:0140999	10
GO:0140030	2
GO:0140044	2
GO:0140072	2
GO:0140119	3
GO:0034330	2
GO:0061951	5
GO:0046873	24
GO:0046449	2
GO:0061837	1
GO:0070012	2
GO:0002779	1
GO:0031293	14
GO:1904063	1
GO:2000697	1
GO:1904905	2
GO:0044354	7
GO:0071412	2
GO:0160145	1
GO:0004491	1
GO:0006574	5
GO:0018478	1
GO:0019859	1
GO:0006777	6
GO:0032324	4
GO:0061798	1
GO:0061799	1
GO:0030366	1
GO:1990140	1
GO:0051296	4
GO:1902103	1
GO:0010526	19
GO:0035194	14
GO:0035279	108
GO:0061014	14
GO:0141008	4
GO:0150011	6
GO:0140081	3
GO:0003905	1
GO:0019104	10
GO:0045007	4
GO:0004476	1
GO:0061611	1
GO:0061729	2
GO:0038164	1
GO:1905221	2
GO:1990960	1
GO:0002149	1
GO:0002679	4
GO:1990268	2
GO:0004792	3
GO:0009440	2
GO:0016783	6
GO:0016784	2
GO:1901858	2
GO:0098743	2
GO:0000019	2
GO:0030870	5
GO:0031860	4
GO:0042138	7
GO:0062176	9
GO:0097552	1
GO:0098687	4
GO:0015420	2
GO:0034040	2
GO:0046624	4
GO:0046943	5
GO:0070729	1
GO:1905039	10
GO:0016459	55
GO:0050693	7
GO:0071105	1
GO:0032139	3
GO:0032181	2
GO:0032302	2
GO:0005713	1
GO:0051026	8
GO:0070489	2
GO:1902115	5
GO:2000401	4
GO:0006555	6
GO:0008113	1
GO:0030091	6
GO:0033744	1
GO:0036456	1
GO:2000479	1
GO:0035880	4
GO:0042481	4
GO:0061311	2
GO:0090427	4
GO:1901330	1
GO:0051795	3
GO:0006829	26
GO:0032095	3
GO:0046870	5
GO:0071585	2
GO:0140487	2
GO:2000376	2
GO:0006738	2
GO:0009116	8
GO:0017061	2
GO:0019509	5
GO:0042773	7
GO:0019646	2
GO:0015990	4
GO:1904421	1
GO:0006152	1
GO:0008413	2
GO:0008828	1
GO:0035539	2
GO:0047693	3
GO:0106377	1
GO:0106378	1
GO:0106431	1
GO:0106433	1
GO:0140933	11
GO:0004329	2
GO:0004477	3
GO:0004487	3
GO:0004488	4
GO:0009257	2
GO:0035999	10
GO:0004489	1
GO:0106313	1
GO:0070124	2
GO:0004438	14
GO:0019215	6
GO:0044088	1
GO:0052629	12
GO:1902902	13
GO:0003954	10
GO:0008137	41
GO:0045271	48
GO:0016651	10
GO:0016461	7
GO:0008502	4
GO:0010754	6
GO:0034377	1
GO:0120014	3
GO:0140344	1
GO:1902388	7
GO:1902389	7
GO:1904121	3
GO:0000096	1
GO:0008705	1
GO:0009235	9
GO:0003958	3
GO:0010181	15
GO:0016723	1
GO:0030586	1
GO:0045040	12
GO:0070702	1
GO:0070703	1
GO:1903135	5
GO:0030197	4
GO:0070701	2
GO:0016558	14
GO:0070842	6
GO:0140862	4
GO:0008582	10
GO:2000541	1
GO:0004494	1
GO:0019678	1
GO:1901290	1
GO:0000701	2
GO:0032406	3
GO:0032408	3
GO:0034039	2
GO:0035485	1
GO:0004163	1
GO:0019287	3
GO:0004496	1
GO:0034340	10
GO:1904899	2
GO:2000845	3
GO:0140543	1
GO:0005863	3
GO:0014705	1
GO:0032036	7
GO:0032971	2
GO:0032986	2
GO:0060633	4
GO:0090096	1
GO:1904672	5
GO:1904699	1
GO:1905761	1
GO:1990863	1
GO:0045607	4
GO:0002238	1
GO:0002269	3
GO:0005121	1
GO:0009682	1
GO:0034146	2
GO:0034158	3
GO:0038124	4
GO:0070976	1
GO:0140674	1
GO:1902622	4
GO:2000338	1
GO:0005859	15
GO:0016460	25
GO:0030049	15
GO:0017018	4
GO:0007522	1
GO:0031449	2
GO:0032027	7
GO:0005826	4
GO:0032796	2
GO:0051295	4
GO:0060471	2
GO:0097513	3
GO:1903919	2
GO:1905684	3
GO:0021592	2
GO:0030241	3
GO:0042694	1
GO:0098735	5
GO:0032038	2
GO:0004687	4
GO:0014820	1
GO:0051648	2
GO:0060171	7
GO:1900078	2
GO:2000810	9
GO:0051641	1
GO:0061502	5
GO:0032593	7
GO:1903358	13
GO:0060001	1
GO:0001845	5
GO:0031477	1
GO:0042490	5
GO:0050957	7
GO:0051875	2
GO:0051904	2
GO:0060088	20
GO:0060113	9
GO:0090596	1
GO:0120044	7
GO:1990435	1
GO:0090651	4
GO:1904970	7
GO:0032011	1
GO:0048495	6
GO:0072673	7
GO:0060002	3
GO:0014734	1
GO:0045162	6
GO:0043415	3
GO:0043503	3
GO:1905382	4
GO:0014878	2
GO:1901739	2
GO:0019208	6
GO:0043086	11
GO:0072357	7
GO:0045682	5
GO:0016480	4
GO:0048742	3
GO:0008456	1
GO:0004561	1
GO:0030201	4
GO:0034285	1
GO:0099022	16
GO:1904389	2
GO:0140713	12
GO:0035034	2
GO:0004816	2
GO:0006421	2
GO:0031728	5
GO:0006335	7
GO:0016015	8
GO:0038098	4
GO:0048263	6
GO:0140663	3
GO:0001832	7
GO:0090737	2
GO:0005846	4
GO:0006370	7
GO:0006408	4
GO:0008334	4
GO:0016070	11
GO:0034518	3
GO:1905216	1
GO:0000164	14
GO:0036491	3
GO:1903679	3
GO:0044547	4
GO:0097601	2
GO:0071691	3
GO:0000036	1
GO:0009249	5
GO:0140978	4
GO:0019826	5
GO:0097168	2
GO:0010766	5
GO:0043162	31
GO:0044111	1
GO:0046755	8
GO:0046824	2
GO:0050816	3
GO:0002036	1
GO:0015934	21
GO:0022625	58
GO:0140131	1
GO:0033693	3
GO:0099160	4
GO:0099184	3
GO:0099185	3
GO:0045105	1
GO:0099182	2
GO:1903935	1
GO:1903937	2
GO:0051299	6
GO:1903126	1
GO:0004308	4
GO:0016997	2
GO:0003326	2
GO:0003329	2
GO:0060730	1
GO:2000297	3
GO:0007356	5
GO:0021650	5
GO:0048634	3
GO:0098583	3
GO:1905747	3
GO:1905748	3
GO:0033027	1
GO:0033034	2
GO:0035021	6
GO:0036135	3
GO:0045685	1
GO:0061534	2
GO:0098597	1
GO:1900148	3
GO:2000108	2
GO:0035330	7
GO:1905064	9
GO:0140742	4
GO:0021780	3
GO:0021781	3
GO:0042883	2
GO:1903353	1
GO:1905897	4
GO:0010499	4
GO:0046223	2
GO:1903788	1
GO:0021740	3
GO:0021960	7
GO:0031099	1
GO:0061141	1
GO:2000791	2
GO:2000795	1
GO:0033256	3
GO:0035525	2
GO:0141124	5
GO:0035101	4
GO:0005035	3
GO:0016048	3
GO:0035907	2
GO:0043121	4
GO:0048406	5
GO:0051799	2
GO:0021535	3
GO:0021888	2
GO:0060179	6
GO:0000492	10
GO:0001651	2
GO:0005690	3
GO:0030490	21
GO:0030621	9
GO:0030622	4
GO:0034512	1
GO:0046540	46
GO:0071011	20
GO:0097707	1
GO:0110050	1
GO:0002420	1
GO:0035710	4
GO:0016018	16
GO:0003327	1
GO:0060580	1
GO:0097162	1
GO:2000836	1
GO:0072560	4
GO:0031710	1
GO:0090290	4
GO:0160023	2
GO:0160024	2
GO:0004673	2
GO:0006720	4
GO:0009132	2
GO:0046042	2
GO:0047887	1
GO:0120226	1
GO:1905502	5
GO:0160204	3
GO:1990626	1
GO:0120010	1
GO:0140339	2
GO:0001512	1
GO:0016661	3
GO:1901662	1
GO:1904408	1
GO:1905594	1
GO:0004379	2
GO:0018008	2
GO:0018030	2
GO:0019107	1
GO:0150032	6
GO:0006769	5
GO:0008112	1
GO:0008757	36
GO:0030760	1
GO:0034355	17
GO:0001831	2
GO:0010085	1
GO:0033505	1
GO:0048327	1
GO:0060460	2
GO:0060802	1
GO:1901383	2
GO:0000027	12
GO:0001510	21
GO:0008173	23
GO:0009383	3
GO:0070475	8
GO:0004517	3
GO:0034617	3
GO:0034618	9
GO:0043271	3
GO:0099163	1
GO:1902307	1
GO:1905026	3
GO:0018119	2
GO:0043457	7
GO:0014740	2
GO:0004535	13
GO:0010606	6
GO:0030014	16
GO:0030015	6
GO:0003169	2
GO:0003182	1
GO:0003192	3
GO:0003213	2
GO:0003219	4
GO:0003241	2
GO:0003264	1
GO:0003270	1
GO:0003332	4
GO:0007440	1
GO:0017156	18
GO:0021515	2
GO:0035148	9
GO:0051152	11
GO:0060768	2
GO:0060842	4
GO:0060843	1
GO:0060948	3
GO:0060979	3
GO:0070986	14
GO:0071228	4
GO:0072044	4
GO:0072148	4
GO:0072538	5
GO:1902339	3
GO:0031841	4
GO:0032903	1
GO:0048572	1
GO:0035622	2
GO:0072014	4
GO:1990705	2
GO:2001204	3
GO:0048659	3
GO:1904057	3
GO:1990523	4
GO:1902667	6
GO:0002060	2
GO:0004731	2
GO:0006148	2
GO:0006149	2
GO:0006204	5
GO:0034418	2
GO:0047975	2
GO:0097504	12
GO:2000900	1
GO:0090251	2
GO:0036057	8
GO:0036060	2
GO:0000055	6
GO:0000056	7
GO:0010824	22
GO:0010825	5
GO:0032071	2
GO:0043516	7
GO:0046599	10
GO:0060699	1
GO:0060735	1
GO:1902629	1
GO:0071855	2
GO:1903766	4
GO:1903815	1
GO:0008613	1
GO:0001549	2
GO:0035483	2
GO:0061939	2
GO:1900194	4
GO:1904588	2
GO:0016941	3
GO:1990620	1
GO:0021647	1
GO:0034699	2
GO:0046068	3
GO:0060466	2
GO:0097107	9
GO:0001601	3
GO:0001602	4
GO:0031645	1
GO:0060112	1
GO:0003032	3
GO:0005381	9
GO:0005384	6
GO:0005385	26
GO:0006828	9
GO:0015086	3
GO:0015087	2
GO:0015093	6
GO:0015094	1
GO:0015099	1
GO:0015100	1
GO:0015675	2
GO:0015676	1
GO:0015692	1
GO:0030026	5
GO:0033212	3
GO:0035444	1
GO:0046915	2
GO:0070574	6
GO:0070826	1
GO:0070835	1
GO:0071421	9
GO:0071577	28
GO:0005927	4
GO:0051371	15
GO:0061133	18
GO:0012510	2
GO:0051031	1
GO:0071204	6
GO:0035494	3
GO:0045026	4
GO:0002953	3
GO:0009166	3
GO:0046086	1
GO:0005165	1
GO:0008052	1
GO:0061193	1
GO:0000703	2
GO:0008534	2
GO:0045008	8
GO:0140078	8
GO:0005166	1
GO:0010465	2
GO:0021553	3
GO:0048403	3
GO:0060175	1
GO:0099183	3
GO:0048691	1
GO:0014054	3
GO:0016492	2
GO:0032280	4
GO:0032960	1
GO:0071545	1
GO:0036449	7
GO:0051011	14
GO:0055028	1
GO:0055048	1
GO:0061673	5
GO:0097575	2
GO:1902365	1
GO:1902846	1
GO:1905720	1
GO:1905820	10
GO:0017056	25
GO:0000973	3
GO:0006999	8
GO:0031080	10
GO:0034398	1
GO:0051292	11
GO:0021986	3
GO:0051866	1
GO:0000176	16
GO:1990275	8
GO:0006726	2
GO:0032400	5
GO:0035643	1
GO:0072544	1
GO:0072545	2
GO:1902908	1
GO:1903056	2
GO:0001730	4
GO:0060700	3
GO:0071659	4
GO:2000342	6
GO:1903487	1
GO:0035395	1
GO:0039529	8
GO:0004587	1
GO:0010121	1
GO:0019544	1
GO:0055129	6
GO:0008073	3
GO:1902268	3
GO:0034593	2
GO:0034595	4
GO:0034596	5
GO:0043813	7
GO:0046488	37
GO:0004586	3
GO:0033387	3
GO:0002177	25
GO:0044782	41
GO:0004591	3
GO:0016903	1
GO:0022028	4
GO:0030976	8
GO:0061034	2
GO:1901291	1
GO:0140523	4
GO:0180020	1
GO:1990627	1
GO:0008038	5
GO:0042489	2
GO:0038046	1
GO:0097444	4
GO:0031635	1
GO:0038048	1
GO:0001626	1
GO:0004979	1
GO:0038047	1
GO:0061358	1
GO:0004984	432
GO:0005549	111
GO:0050907	4
GO:0000808	6
GO:0040038	5
GO:0015695	9
GO:0006686	11
GO:0032934	6
GO:0070273	31
GO:0120015	8
GO:1904411	1
GO:0005147	1
GO:0004585	1
GO:0006591	3
GO:0006593	1
GO:0097272	6
GO:0048852	1
GO:0035805	5
GO:0098595	1
GO:2000360	4
GO:0044771	1
GO:0051729	3
GO:1901994	1
GO:0141164	4
GO:0008260	2
GO:0008410	2
GO:0042182	1
GO:0031855	1
GO:0045925	3
GO:0060450	1
GO:0004990	1
GO:0001614	7
GO:0004931	7
GO:0007320	4
GO:0043924	2
GO:0099604	5
GO:0071318	19
GO:0050975	2
GO:0035381	1
GO:0036179	2
GO:0043416	2
GO:0099095	3
GO:0017121	18
GO:0043132	1
GO:0070230	3
GO:1904172	2
GO:0001621	3
GO:0030545	7
GO:0031686	2
GO:0045031	2
GO:0071415	2
GO:0090075	1
GO:0006873	4
GO:0045030	3
GO:0045029	2
GO:1905835	1
GO:0004656	5
GO:0016222	2
GO:0018401	2
GO:1902175	2
GO:0019058	4
GO:0019081	4
GO:0032902	2
GO:0032904	1
GO:0090472	1
GO:0097341	1
GO:0098791	2
GO:0007354	2
GO:1902491	1
GO:2000359	1
GO:0000235	4
GO:0001667	4
GO:0008247	3
GO:0021540	7
GO:0031023	13
GO:0046469	3
GO:0051656	6
GO:0051661	6
GO:0090176	3
GO:0090724	3
GO:0008379	6
GO:0051920	6
GO:0140824	5
GO:0004505	2
GO:0006571	1
GO:0016714	4
GO:0019293	2
GO:0035491	1
GO:0097180	5
GO:0031750	2
GO:0001519	2
GO:0004504	1
GO:0004598	1
GO:0062112	1
GO:0009896	8
GO:0010636	5
GO:0044828	13
GO:0051582	1
GO:0061734	5
GO:0099073	3
GO:0099074	3
GO:0140251	3
GO:1902803	3
GO:1903382	2
GO:1903542	4
GO:1903861	23
GO:1904049	1
GO:1905281	2
GO:1905366	2
GO:1990444	3
GO:1990452	3
GO:0010587	8
GO:0043487	1
GO:0071051	8
GO:0180035	2
GO:1990431	2
GO:1990432	2
GO:0039003	2
GO:0061360	1
GO:0072075	7
GO:0072162	5
GO:0072207	5
GO:0072289	4
GO:0072305	2
GO:1900212	3
GO:1900215	2
GO:1900218	2
GO:2000594	2
GO:2000597	1
GO:0003322	1
GO:0009786	4
GO:0021778	2
GO:0021905	1
GO:0014813	1
GO:1902605	1
GO:0007387	1
GO:0007388	1
GO:0004736	1
GO:0008124	2
GO:0039694	3
GO:0140585	7
GO:0140588	17
GO:0004658	2
GO:0016885	1
GO:0019626	3
GO:0032190	5
GO:0036024	1
GO:0036025	1
GO:0036026	1
GO:0036027	1
GO:0036028	1
GO:0036029	1
GO:0036030	1
GO:0070684	2
GO:0097181	1
GO:0097182	1
GO:0097183	1
GO:0004611	2
GO:0004613	2
GO:0017076	5
GO:0019543	2
GO:0046327	2
GO:0051365	3
GO:0106264	1
GO:0022027	4
GO:0035735	7
GO:0140706	2
GO:0004719	3
GO:0006272	4
GO:0019985	14
GO:0030337	2
GO:0030894	2
GO:0032077	1
GO:0043626	1
GO:1900264	9
GO:0000815	12
GO:0007034	19
GO:0007076	17
GO:0031468	19
GO:0032509	11
GO:0036258	32
GO:0039702	23
GO:0045324	9
GO:0046761	14
GO:0051469	11
GO:0061763	12
GO:0061952	24
GO:0071985	24
GO:0090148	41
GO:1902774	18
GO:1904903	10
GO:1904930	12
GO:0034231	1
GO:0004105	2
GO:0090407	7
GO:0002644	1
GO:1902482	1
GO:0004114	23
GO:0004115	22
GO:0004117	3
GO:0034391	2
GO:0046069	5
GO:0047555	23
GO:0048101	3
GO:0004118	3
GO:0010752	1
GO:0004119	1
GO:0060282	1
GO:0099130	1
GO:0006198	9
GO:0106070	5
GO:0141161	5
GO:0000930	11
GO:1901898	2
GO:0004112	5
GO:0010512	2
GO:0031954	6
GO:0035790	2
GO:0035793	3
GO:0060683	1
GO:0072124	1
GO:1990265	2
GO:1990270	2
GO:1990401	2
GO:0072255	1
GO:1905176	3
GO:2000591	1
GO:0005018	1
GO:0038091	3
GO:0072277	3
GO:2000739	4
GO:0004992	3
GO:0005017	2
GO:0005019	2
GO:1990009	3
GO:0035441	2
GO:0060981	1
GO:0071670	2
GO:0072262	1
GO:0004739	3
GO:0072522	1
GO:0004740	5
GO:0010510	7
GO:0010565	5
GO:0004551	3
GO:0036219	2
GO:0036221	3
GO:0050427	15
GO:0050656	10
GO:0106177	1
GO:1990787	1
GO:0047391	1
GO:2000394	7
GO:0034432	6
GO:0004676	1
GO:0015111	5
GO:0015698	17
GO:0001515	4
GO:0031628	4
GO:0072672	6
GO:0090673	2
GO:0002118	3
GO:0034592	1
GO:0102009	1
GO:0140633	5
GO:0016884	3
GO:0030956	3
GO:0050567	3
GO:0070681	3
GO:0006625	10
GO:0016562	10
GO:0060152	2
GO:0016561	4
GO:0005053	1
GO:0044721	6
GO:1990429	3
GO:0001561	7
GO:0016560	4
GO:0036250	1
GO:0004642	1
GO:0045958	3
GO:0098548	2
GO:0016272	7
GO:1990062	12
GO:1990113	1
GO:1990115	1
GO:0015247	4
GO:0015711	25
GO:0140331	7
GO:0140346	5
GO:1903729	1
GO:1990531	14
GO:0003873	4
GO:0004331	5
GO:0006003	5
GO:0043540	4
GO:1904539	4
GO:0003872	3
GO:0005945	3
GO:0061615	2
GO:0008443	1
GO:0093001	1
GO:0099140	6
GO:0000308	2
GO:0004616	1
GO:0019521	1
GO:0004618	2
GO:0047134	4
GO:0160218	2
GO:0004614	3
GO:0004610	1
GO:0006041	1
GO:0005914	1
GO:0009914	2
GO:0036146	2
GO:0043215	1
GO:0046865	1
GO:0097327	2
GO:1904148	1
GO:1904446	1
GO:1905231	1
GO:1905233	1
GO:1905235	1
GO:2001025	1
GO:0061092	4
GO:1901557	2
GO:0001850	1
GO:0035632	2
GO:0005315	6
GO:0015317	1
GO:1990547	1
GO:0006482	1
GO:0032454	14
GO:0035575	4
GO:0061188	2
GO:0004689	4
GO:0005964	5
GO:0019606	1
GO:0048244	1
GO:0097089	3
GO:0097731	12
GO:0021683	1
GO:0042628	1
GO:0061108	1
GO:0002448	3
GO:1902173	1
GO:0000506	7
GO:0006506	31
GO:0017176	4
GO:0004307	3
GO:0001790	2
GO:0001792	1
GO:0002415	2
GO:0035005	7
GO:0046934	7
GO:0001727	6
GO:0052742	13
GO:0034271	4
GO:0034272	4
GO:0035032	6
GO:0098830	8
GO:0098845	5
GO:1903061	4
GO:0005942	8
GO:0005943	9
GO:0005944	4
GO:0071464	3
GO:1903544	1
GO:2000369	12
GO:0022898	1
GO:0045737	3
GO:1905062	1
GO:0035747	2
GO:0032252	3
GO:0055118	4
GO:0019207	3
GO:0035014	6
GO:1990578	4
GO:0004430	4
GO:0140754	1
GO:0030867	9
GO:0000413	3
GO:0016859	1
GO:0003681	2
GO:0030684	4
GO:0016308	9
GO:0016309	3
GO:1902635	3
GO:0008525	6
GO:0008526	11
GO:0014707	3
GO:0021763	1
GO:0021855	2
GO:0060126	4
GO:0060127	2
GO:0060577	2
GO:0060578	1
GO:0061325	2
GO:1904935	2
GO:1990792	2
GO:0002133	2
GO:0036303	3
GO:0071941	2
GO:0072218	4
GO:0072237	3
GO:0072287	1
GO:0003127	3
GO:0045180	5
GO:0061441	2
GO:0071910	6
GO:0072208	2
GO:0072214	1
GO:0072219	1
GO:0072235	1
GO:0004743	2
GO:0042866	5
GO:1902912	1
GO:0090175	6
GO:1904054	1
GO:1902373	5
GO:0048496	5
GO:0099017	1
GO:1900024	5
GO:0047498	17
GO:1904635	2
GO:0036335	7
GO:0046337	5
GO:0046473	7
GO:1902563	1
GO:0006650	15
GO:0006663	4
GO:0010314	21
GO:0034478	2
GO:0046475	15
GO:0047499	9
GO:1902387	7
GO:0032009	12
GO:0090265	2
GO:1905036	3
GO:1905164	1
GO:0060468	6
GO:0038195	3
GO:2000097	1
GO:0030377	1
GO:0031680	1
GO:0120548	7
GO:0160135	1
GO:0043168	5
GO:0141212	6
GO:0050429	2
GO:0032959	3
GO:0070884	6
GO:1990858	2
GO:0031984	2
GO:0014866	2
GO:2000689	1
GO:0010920	2
GO:0033625	9
GO:0044089	6
GO:0060305	1
GO:0070560	1
GO:0048313	2
GO:1904776	2
GO:0010734	1
GO:0042030	6
GO:0050802	1
GO:0086023	1
GO:0086092	2
GO:1901077	3
GO:1901894	3
GO:1901895	3
GO:1902081	3
GO:1990629	1
GO:0008475	3
GO:0017185	7
GO:0033823	3
GO:0046947	2
GO:0001951	4
GO:0032532	7
GO:0060121	1
GO:1902896	3
GO:0098699	1
GO:0006659	3
GO:0017128	24
GO:0032791	2
GO:0045340	3
GO:0070782	7
GO:0010189	1
GO:0019992	15
GO:0120017	2
GO:0140337	1
GO:0140338	3
GO:0140340	1
GO:1990050	7
GO:0021628	2
GO:0021828	6
GO:0060666	4
GO:0021935	2
GO:0030215	24
GO:0043331	3
GO:0030354	2
GO:0031777	2
GO:0032227	3
GO:0010522	1
GO:0032183	11
GO:0032938	1
GO:0044790	17
GO:0061659	3
GO:1904816	3
GO:0004615	2
GO:0000177	14
GO:0000178	17
GO:0000467	7
GO:0004532	14
GO:0016075	17
GO:0034473	3
GO:0034475	8
GO:0034476	3
GO:0071035	7
GO:0071038	7
GO:0101019	10
GO:1905354	6
GO:0019219	2
GO:0071034	4
GO:0071036	2
GO:0071037	2
GO:0071039	2
GO:0071040	1
GO:1905746	4
GO:0032138	1
GO:0070570	1
GO:0061365	1
GO:0019376	1
GO:0047714	1
GO:0004603	1
GO:0042418	2
GO:0016080	4
GO:0072175	1
GO:0006261	41
GO:0006269	6
GO:1904161	3
GO:0016445	3
GO:0071707	2
GO:0043625	4
GO:0045004	3
GO:0070987	5
GO:0016035	4
GO:0042276	11
GO:0008622	5
GO:0000262	2
GO:0001172	3
GO:0003899	31
GO:0003968	3
GO:0005665	17
GO:0034062	8
GO:0032549	3
GO:0030880	2
GO:0005736	13
GO:0060213	13
GO:0001193	1
GO:0001018	3
GO:0006391	4
GO:0034245	1
GO:0033059	1
GO:0140668	1
GO:0004063	2
GO:0046434	1
GO:0102007	3
GO:1901335	3
GO:2001038	1
GO:0008941	1
GO:0043602	1
GO:0046210	2
GO:0047726	1
GO:0061913	1
GO:0070988	3
GO:0090031	1
GO:0021869	3
GO:0021979	5
GO:0021985	2
GO:0072227	1
GO:0072233	2
GO:0072236	2
GO:0072240	1
GO:0048934	1
GO:0051355	1
GO:0090259	1
GO:0001714	6
GO:0060795	1
GO:0046321	6
GO:0071332	4
GO:1904189	1
GO:2000191	2
GO:0070346	2
GO:0070539	1
GO:0004955	4
GO:0045834	6
GO:0050692	4
GO:0070165	3
GO:0141193	3
GO:1901202	12
GO:1904893	14
GO:0002154	3
GO:0042809	15
GO:0048822	2
GO:0070318	5
GO:0070562	3
GO:0070847	26
GO:0050906	2
GO:0004044	1
GO:0055056	16
GO:1904715	3
GO:0061944	2
GO:0006499	2
GO:0033192	5
GO:0032688	17
GO:0004729	1
GO:0005981	3
GO:0180007	2
GO:2000806	3
GO:0050115	1
GO:0004865	15
GO:2001069	9
GO:0008995	1
GO:1904290	1
GO:0000159	18
GO:0008287	9
GO:0090443	17
GO:0160232	17
GO:0180006	1
GO:0180008	1
GO:0051232	1
GO:0051306	5
GO:1903538	2
GO:0001754	4
GO:0090249	2
GO:0051388	5
GO:0023057	3
GO:0061006	1
GO:0090193	2
GO:0110062	1
GO:1905205	11
GO:1905949	8
GO:0030289	6
GO:1904550	1
GO:2000324	2
GO:0002084	6
GO:0008474	13
GO:0034164	5
GO:0098599	2
GO:0002155	5
GO:0001909	3
GO:0002418	3
GO:0051712	1
GO:0033371	1
GO:0033373	1
GO:0033382	1
GO:0002215	3
GO:0032553	1
GO:0071667	5
GO:0004679	6
GO:0004691	7
GO:0009631	3
GO:0031588	11
GO:0046318	1
GO:0047322	2
GO:0062028	2
GO:0140823	2
GO:1903109	3
GO:0005952	11
GO:0004862	10
GO:2000480	1
GO:0043609	3
GO:1903367	1
GO:0097332	2
GO:0004698	3
GO:0034351	9
GO:0035403	2
GO:0070528	4
GO:0071322	2
GO:0004699	4
GO:0036019	8
GO:0051490	5
GO:1900163	1
GO:2000303	6
GO:2000753	1
GO:2000755	2
GO:0009407	3
GO:0035669	3
GO:0032056	2
GO:0048194	4
GO:0062197	5
GO:0120157	6
GO:0014723	1
GO:0071873	1
GO:2000570	1
GO:0017177	2
GO:0016233	12
GO:0034462	3
GO:0004692	2
GO:0061308	3
GO:0061514	3
GO:0090170	4
GO:2000641	8
GO:1904417	8
GO:0032156	2
GO:0004705	3
GO:0007258	1
GO:0031343	1
GO:0061833	3
GO:0072709	2
GO:0005078	12
GO:0034111	2
GO:1903226	3
GO:0008545	2
GO:0004694	4
GO:1900225	2
GO:0036494	1
GO:1902010	3
GO:1903912	1
GO:2000696	1
GO:0038161	4
GO:1903489	2
GO:0004925	2
GO:0031805	1
GO:0004657	2
GO:0006560	3
GO:0010133	3
GO:0048850	2
GO:0002194	1
GO:0030910	3
GO:0043049	1
GO:0046619	2
GO:0060214	4
GO:0060838	3
GO:0061114	1
GO:0070858	4
GO:1901978	1
GO:2000979	1
GO:0045098	3
GO:0002189	2
GO:0004749	3
GO:0006015	5
GO:0006624	2
GO:1901185	3
GO:0021511	1
GO:0021800	4
GO:0097119	6
GO:0110157	1
GO:1902078	1
GO:0097209	4
GO:1903771	1
GO:1905572	1
GO:1905573	3
GO:1905574	1
GO:1905575	1
GO:1905577	1
GO:0032012	19
GO:0002038	2
GO:0007220	9
GO:0015871	11
GO:0042500	8
GO:0070765	7
GO:1904797	1
GO:0110097	3
GO:0002461	1
GO:0070021	3
GO:0005839	20
GO:0019773	8
GO:0035639	1
GO:0019774	11
GO:0004298	9
GO:0043248	12
GO:1990111	5
GO:0005838	12
GO:0008540	12
GO:0022624	17
GO:0036402	6
GO:0043921	1
GO:0031531	3
GO:0031595	2
GO:0034515	2
GO:0008541	8
GO:0070682	3
GO:0140492	12
GO:0008537	3
GO:0006564	6
GO:0036424	1
GO:0008187	2
GO:0033119	6
GO:1903312	1
GO:0033038	27
GO:0001841	11
GO:0008158	3
GO:0021532	8
GO:0021997	2
GO:0097108	3
GO:0010648	1
GO:0030351	2
GO:0051548	2
GO:0051717	2
GO:0051800	2
GO:0052866	5
GO:0060024	3
GO:1903690	5
GO:2000808	1
GO:0001785	2
GO:0004956	2
GO:0004667	3
GO:2000255	4
GO:0060455	3
GO:0033624	3
GO:2000420	1
GO:0004958	2
GO:0016501	1
GO:0008116	1
GO:0009059	1
GO:0031856	1
GO:0031857	1
GO:0071864	5
GO:0071866	3
GO:1900158	5
GO:0004666	3
GO:0019371	3
GO:0071471	1
GO:0090362	2
GO:0061182	4
GO:0004991	2
GO:0061099	3
GO:0003401	3
GO:0060026	4
GO:0007185	7
GO:0043932	3
GO:0060338	5
GO:1902202	2
GO:2000646	6
GO:0042532	3
GO:0060334	3
GO:1902206	1
GO:1902215	2
GO:1902227	3
GO:1902233	1
GO:0005001	17
GO:1905867	2
GO:0032528	2
GO:0051463	1
GO:0060125	1
GO:0061582	1
GO:1904890	2
GO:0002923	1
GO:0044770	6
GO:0044855	1
GO:0046641	6
GO:0050857	1
GO:2000473	2
GO:0099537	4
GO:0035373	2
GO:1900121	3
GO:1990502	3
GO:0090260	2
GO:0003874	1
GO:0001872	2
GO:0051598	3
GO:0042271	3
GO:0060370	2
GO:1902414	9
GO:0002891	3
GO:0030382	4
GO:0032989	1
GO:0033005	5
GO:0046596	6
GO:0046814	1
GO:0034388	5
GO:0016557	3
GO:0033328	2
GO:0036105	1
GO:0045046	6
GO:0072663	1
GO:1900131	1
GO:1903512	2
GO:0016593	7
GO:1990928	4
GO:0000268	3
GO:0005052	2
GO:0004735	4
GO:0004349	1
GO:0004350	1
GO:0006592	1
GO:0004306	1
GO:0008184	3
GO:0004819	2
GO:0006425	2
GO:0004155	1
GO:0051066	1
GO:0090110	18
GO:1903020	3
GO:0032485	2
GO:0048790	8
GO:0060201	3
GO:0060203	4
GO:0060478	6
GO:0061670	1
GO:0070083	5
GO:0099161	1
GO:1903307	5
GO:0048227	10
GO:0098559	4
GO:1902946	3
GO:0018125	1
GO:1903292	8
GO:0008349	6
GO:0044795	1
GO:0036257	1
GO:0043316	1
GO:1903435	1
GO:1990182	4
GO:0002093	6
GO:0010310	6
GO:0014041	3
GO:0021831	2
GO:0021894	2
GO:0032707	2
GO:0043131	5
GO:0048532	1
GO:0060091	10
GO:0060263	4
GO:0070376	2
GO:0086098	2
GO:2000386	2
GO:0060753	1
GO:0071593	3
GO:1902231	7
GO:0003689	9
GO:0031389	1
GO:0008278	8
GO:0030893	7
GO:0034087	7
GO:0034089	4
GO:0045841	3
GO:0140612	4
GO:0000150	2
GO:0000730	3
GO:0042148	4
GO:1904631	1
GO:0000707	1
GO:0007066	1
GO:0008821	9
GO:0033063	4
GO:0033065	2
GO:0010792	7
GO:0045002	1
GO:0071550	2
GO:0097519	2
GO:1905347	4
GO:1990238	1
GO:0051665	1
GO:0001928	1
GO:0060178	2
GO:0035281	2
GO:0042565	2
GO:0061015	2
GO:0070883	9
GO:0046604	3
GO:0046832	4
GO:0106068	4
GO:1990723	2
GO:1903697	1
GO:1904442	1
GO:0031034	1
GO:0080120	2
GO:1904464	2
GO:1903698	5
GO:0061097	2
GO:0098879	2
GO:1900075	3
GO:1901626	1
GO:1903540	1
GO:0002068	5
GO:0030852	1
GO:0044323	7
GO:0051099	2
GO:0060010	1
GO:0060534	4
GO:0071630	7
GO:0003430	3
GO:0004814	3
GO:0006420	3
GO:0050994	3
GO:0036152	12
GO:0070292	9
GO:0150074	1
GO:0031134	2
GO:0034088	4
GO:0043550	3
GO:0061793	3
GO:1904028	4
GO:1904761	7
GO:0032453	8
GO:0034647	5
GO:0033186	3
GO:0044666	12
GO:0002190	1
GO:0002192	1
GO:1904768	3
GO:0090658	1
GO:0060157	4
GO:0071939	2
GO:0106429	2
GO:0009645	1
GO:1903391	1
GO:0071159	4
GO:0071532	7
GO:0070305	2
GO:0006040	1
GO:0006051	2
GO:0019262	6
GO:0050121	1
GO:1903313	1
GO:0140015	4
GO:0140046	5
GO:1905454	1
GO:0099563	2
GO:2000706	1
GO:2000798	1
GO:0001838	2
GO:0005663	5
GO:0031391	3
GO:0061860	2
GO:0031390	7
GO:0032897	16
GO:0034314	18
GO:0141039	7
GO:0060287	13
GO:0071877	3
GO:1900924	2
GO:0044292	5
GO:0015200	1
GO:0022840	3
GO:0043052	2
GO:0050960	3
GO:0071800	8
GO:1990913	6
GO:0005786	16
GO:0006617	14
GO:0004522	4
GO:0072588	4
GO:0140011	2
GO:0140012	2
GO:0032184	6
GO:0090169	2
GO:0090234	3
GO:1990752	6
GO:0044390	7
GO:0008428	3
GO:0060698	2
GO:0060702	1
GO:0071569	9
GO:0140708	3
GO:1990116	9
GO:0000395	24
GO:0005685	33
GO:0030627	20
GO:0000348	2
GO:0005686	29
GO:0045131	2
GO:0021836	2
GO:0050925	3
GO:0070100	9
GO:0021891	3
GO:0061364	3
GO:0003383	5
GO:0051451	9
GO:0072518	2
GO:0090521	7
GO:0110061	2
GO:0072539	5
GO:0002066	1
GO:0005785	4
GO:1990075	6
GO:0097499	4
GO:0034502	6
GO:0004750	2
GO:0009052	6
GO:0016857	4
GO:0003834	3
GO:0050251	2
GO:0052884	1
GO:0052885	1
GO:1901827	1
GO:0000463	16
GO:0070180	6
GO:0044391	2
GO:0140236	1
GO:1902167	2
GO:1904803	1
GO:0033291	1
GO:0034463	1
GO:0048318	7
GO:0005763	32
GO:0032358	1
GO:0045738	2
GO:0061481	1
GO:1905053	2
GO:0006450	5
GO:0004711	6
GO:1990145	3
GO:0007000	5
GO:0000447	10
GO:0000461	1
GO:0004748	3
GO:0005971	3
GO:0009185	3
GO:0009263	3
GO:0009265	3
GO:0061731	1
GO:0009262	1
GO:0000915	4
GO:0031106	2
GO:0032243	1
GO:0071787	6
GO:1990809	8
GO:0002157	3
GO:0070644	3
GO:0036518	2
GO:0048843	10
GO:0005219	3
GO:0072599	1
GO:0030379	1
GO:0071624	2
GO:0140486	2
GO:0035662	5
GO:0070488	2
GO:1990660	2
GO:1990661	1
GO:0060264	2
GO:1990662	1
GO:0097490	6
GO:2001015	2
GO:0048611	1
GO:0004321	7
GO:0015645	7
GO:0016405	8
GO:0016878	7
GO:0018729	1
GO:0043759	1
GO:0050218	4
GO:0031129	1
GO:0072073	3
GO:0072092	2
GO:0004828	2
GO:0006434	2
GO:0098619	1
GO:1904046	28
GO:0004145	4
GO:0009447	2
GO:0019809	2
GO:0032918	3
GO:0000254	3
GO:0050046	1
GO:0031208	4
GO:0010950	4
GO:0004768	3
GO:0032896	2
GO:1903966	1
GO:0001518	14
GO:0034706	7
GO:0021966	1
GO:0086047	3
GO:0046684	1
GO:0086006	4
GO:0100001	1
GO:0086016	4
GO:0086043	2
GO:0086060	1
GO:0086061	1
GO:0086062	1
GO:0086063	1
GO:1990760	6
GO:0098870	1
GO:0050914	4
GO:0032385	1
GO:0033814	1
GO:0045940	1
GO:0050632	1
GO:1901373	2
GO:0046659	1
GO:0090187	2
GO:0090274	1
GO:1903640	1
GO:0015055	1
GO:0048020	27
GO:0031727	6
GO:0035684	1
GO:0038148	1
GO:2000502	3
GO:0031726	6
GO:2000503	5
GO:0002676	1
GO:0031729	1
GO:0035689	1
GO:0042379	10
GO:0046817	1
GO:0031732	2
GO:0031735	3
GO:2000549	1
GO:0038116	3
GO:0097026	1
GO:1903237	4
GO:2000529	2
GO:2000548	1
GO:0032642	3
GO:0070951	1
GO:0035782	1
GO:0071663	2
GO:2000412	2
GO:2000513	1
GO:2000518	1
GO:2000558	2
GO:0032690	5
GO:0045237	1
GO:0050902	2
GO:0051041	1
GO:0048627	4
GO:0055002	3
GO:1903553	4
GO:0005895	1
GO:0022029	6
GO:0038146	3
GO:0038160	6
GO:1904018	5
GO:1990478	2
GO:0006105	5
GO:0006121	5
GO:0008177	3
GO:0045273	4
GO:0050433	1
GO:0030127	16
GO:0061700	10
GO:0090114	5
GO:0039532	8
GO:0039552	3
GO:0006901	11
GO:0030008	15
GO:1990071	12
GO:1990072	12
GO:0000836	6
GO:0000839	2
GO:0030029	4
GO:0033623	3
GO:0021637	6
GO:0021785	7
GO:0036486	3
GO:0097491	4
GO:0050817	2
GO:1901318	3
GO:0001887	2
GO:0034390	2
GO:0036481	3
GO:0015074	13
GO:0044774	1
GO:0046975	11
GO:0140954	4
GO:2001251	1
GO:1902177	5
GO:0046851	2
GO:0090244	3
GO:0090246	1
GO:1904956	2
GO:0042662	3
GO:0048866	4
GO:0060028	5
GO:0061185	1
GO:2000051	5
GO:2000119	1
GO:0006376	20
GO:0050733	6
GO:0110012	2
GO:0160134	2
GO:0000375	30
GO:0016012	6
GO:0044381	6
GO:0060977	2
GO:0032411	3
GO:0016250	1
GO:0006620	11
GO:0072380	2
GO:1904293	7
GO:0140517	5
GO:0150007	2
GO:0097484	10
GO:1905604	3
GO:1900186	4
GO:0045624	2
GO:0009949	1
GO:0014858	2
GO:0021924	1
GO:0060458	1
GO:0060459	1
GO:0060516	1
GO:0060738	1
GO:0060782	1
GO:0060783	1
GO:0061189	1
GO:1905327	1
GO:2000062	1
GO:2000063	1
GO:2000357	1
GO:2000358	1
GO:2000729	2
GO:0004372	2
GO:0016832	1
GO:0019264	2
GO:1904482	1
GO:0006545	2
GO:0008732	1
GO:0015943	3
GO:0070129	7
GO:0070552	6
GO:0003172	1
GO:2000172	3
GO:0004574	2
GO:0004575	1
GO:0005987	1
GO:0046352	3
GO:0003835	2
GO:0006054	7
GO:0008373	21
GO:0097503	9
GO:0002319	1
GO:0003836	7
GO:0010706	6
GO:0047288	3
GO:1990675	1
GO:1990676	1
GO:1990743	2
GO:0009247	12
GO:0010707	1
GO:0008118	3
GO:0003828	6
GO:0033504	7
GO:0046601	5
GO:0120099	6
GO:0014857	2
GO:0061055	4
GO:0061197	2
GO:0061551	4
GO:0072095	3
GO:0072172	1
GO:0072193	2
GO:0072198	1
GO:1905243	2
GO:0003404	2
GO:0009946	1
GO:0021536	3
GO:0021797	4
GO:0061074	3
GO:1902692	5
GO:0046811	2
GO:0055087	3
GO:0070478	3
GO:0031467	4
GO:0031338	5
GO:2000349	2
GO:0005313	13
GO:0005314	5
GO:0015183	9
GO:0015501	5
GO:0015813	23
GO:0033229	3
GO:0070777	1
GO:0070778	7
GO:0090313	2
GO:0098877	1
GO:0140009	6
GO:0140010	1
GO:1903712	3
GO:0008509	11
GO:0015175	18
GO:0015804	22
GO:0098796	3
GO:0098810	4
GO:0015172	4
GO:0006868	9
GO:0015171	35
GO:0015180	9
GO:0015186	9
GO:0015193	7
GO:0015194	9
GO:0015195	1
GO:0015808	7
GO:0015824	11
GO:0015825	9
GO:0015826	1
GO:0034589	1
GO:0034590	1
GO:0035524	6
GO:0098718	1
GO:1903812	3
GO:1904273	4
GO:0010585	2
GO:1903803	5
GO:0015810	12
GO:0008068	2
GO:0015150	3
GO:0015756	3
GO:0033300	8
GO:0070837	13
GO:0098708	5
GO:1990350	1
GO:0005353	8
GO:0005354	3
GO:0015149	2
GO:0015755	10
GO:0015757	5
GO:0010021	1
GO:0015304	1
GO:0098694	1
GO:0003044	1
GO:0106001	2
GO:1990539	1
GO:0005774	18
GO:0015174	11
GO:0015802	1
GO:1990822	6
GO:0015173	4
GO:0015190	6
GO:0015818	4
GO:0015821	3
GO:0015823	4
GO:0015827	6
GO:0015828	3
GO:0015829	3
GO:0044225	1
GO:1902024	3
GO:1903801	3
GO:1990184	2
GO:0045852	1
GO:0043377	3
GO:2000565	2
GO:0000017	2
GO:0005367	2
GO:0005412	7
GO:0015146	2
GO:0015151	2
GO:0015370	16
GO:0015371	1
GO:0015750	2
GO:0015798	4
GO:0035623	3
GO:0005362	2
GO:0008645	14
GO:0005365	3
GO:0015166	2
GO:0015791	2
GO:1904679	1
GO:0008507	1
GO:0015373	2
GO:1904200	2
GO:1904401	2
GO:0003333	30
GO:0005283	8
GO:0005332	6
GO:0015185	6
GO:0015378	3
GO:0051936	4
GO:0051939	6
GO:0098658	2
GO:0005328	1
GO:0005330	3
GO:0005334	3
GO:0008504	10
GO:0015844	9
GO:0015874	6
GO:0051620	7
GO:0090493	1
GO:0043176	1
GO:0090494	7
GO:0005335	3
GO:0006837	8
GO:0014064	1
GO:0019811	1
GO:0021941	2
GO:0051610	9
GO:0090067	1
GO:0005368	2
GO:0005369	3
GO:0015734	8
GO:0022858	4
GO:0032328	7
GO:0089718	15
GO:0098739	4
GO:0005298	5
GO:1903804	5
GO:0005308	4
GO:0005309	1
GO:0015812	3
GO:0015881	4
GO:0015187	8
GO:0015375	3
GO:0015816	11
GO:0060092	1
GO:0061537	1
GO:0008028	16
GO:0015718	17
GO:0031460	3
GO:0000064	5
GO:0005290	5
GO:0015189	7
GO:0015807	6
GO:0015819	2
GO:0015822	4
GO:0061459	12
GO:0097638	5
GO:1903352	3
GO:1903401	9
GO:1903810	2
GO:0015179	18
GO:1902475	15
GO:0005432	4
GO:0015081	5
GO:0099608	1
GO:0106056	1
GO:1905060	2
GO:0044557	1
GO:0015368	2
GO:0015385	14
GO:0015386	14
GO:1990351	4
GO:0008508	6
GO:0002309	4
GO:0015707	1
GO:0045342	2
GO:0051139	1
GO:0098849	3
GO:0008511	3
GO:0015377	9
GO:0045795	1
GO:0070634	4
GO:0015379	6
GO:0015382	2
GO:0015333	4
GO:0015833	9
GO:0035673	2
GO:0042937	2
GO:0071916	4
GO:0140206	5
GO:0140207	2
GO:0015835	3
GO:0042938	1
GO:0015129	6
GO:0015130	1
GO:0015355	2
GO:0015650	2
GO:0015728	1
GO:0035873	6
GO:0035879	4
GO:0051780	1
GO:1901475	4
GO:0015349	8
GO:0070460	2
GO:0005436	12
GO:0006817	11
GO:0015747	11
GO:0044341	8
GO:0042431	1
GO:1901128	1
GO:1901684	1
GO:2000187	1
GO:0015311	4
GO:0015842	2
GO:0002552	1
GO:0051615	4
GO:0098700	6
GO:0099123	1
GO:0005277	4
GO:0005278	1
GO:0051630	2
GO:0008517	5
GO:0008518	1
GO:0015350	2
GO:0051958	2
GO:0061507	2
GO:0098838	3
GO:0140360	3
GO:0140361	8
GO:0005316	1
GO:0006843	1
GO:0015137	4
GO:0015142	2
GO:0071913	1
GO:0015132	12
GO:0015347	17
GO:0015732	12
GO:0043252	16
GO:0015101	13
GO:0015214	2
GO:0015234	6
GO:0015489	3
GO:0015606	4
GO:0015651	5
GO:0015697	5
GO:0015847	4
GO:0015848	4
GO:0015870	2
GO:0015888	4
GO:0048241	4
GO:0071934	5
GO:0072530	4
GO:1901235	3
GO:1902270	3
GO:1903711	4
GO:0051608	3
GO:0051625	2
GO:0005275	2
GO:0015220	9
GO:0000101	1
GO:0008513	1
GO:0015199	4
GO:0015226	4
GO:0015879	4
GO:0060731	1
GO:0070715	1
GO:1900749	1
GO:0021834	3
GO:0043242	4
GO:1901881	1
GO:0051851	2
GO:0035921	1
GO:0060693	3
GO:0070563	2
GO:0036310	5
GO:0090537	4
GO:0140750	5
GO:0001164	10
GO:0001188	11
GO:1902661	3
GO:0039692	1
GO:0034719	18
GO:0007371	1
GO:0072285	1
GO:1902140	4
GO:2000826	1
GO:0004767	7
GO:0006685	6
GO:0034480	1
GO:0061750	1
GO:0008215	2
GO:0016768	1
GO:0075512	1
GO:0016081	13
GO:0016082	19
GO:0070032	4
GO:0099525	4
GO:0019185	3
GO:0042796	9
GO:0009301	4
GO:0035493	12
GO:0035543	1
GO:0050812	1
GO:0051585	1
GO:0051622	1
GO:0060961	1
GO:1902957	3
GO:1903285	2
GO:1904307	1
GO:0044393	3
GO:0061084	2
GO:0071004	18
GO:1990446	7
GO:0097525	4
GO:0030532	17
GO:1903241	25
GO:0005682	25
GO:0005683	7
GO:0005687	12
GO:0036261	8
GO:0070990	3
GO:0071208	4
GO:1990447	2
GO:0000243	5
GO:0097526	7
GO:0071209	3
GO:0030905	4
GO:0004772	2
GO:0010742	5
GO:0004784	4
GO:0003069	1
GO:0010729	4
GO:0042743	6
GO:0048773	1
GO:0071000	1
GO:1902631	2
GO:1905932	3
GO:0000721	1
GO:0003939	1
GO:0006060	1
GO:0006062	1
GO:0019640	5
GO:0046526	1
GO:0047833	1
GO:0050255	1
GO:0051160	1
GO:0051164	1
GO:0045053	5
GO:0097356	5
GO:1902953	4
GO:1902955	1
GO:1902997	2
GO:1904693	3
GO:2000973	4
GO:0021521	4
GO:0048713	6
GO:1904520	2
GO:0021782	5
GO:0055059	3
GO:0003188	2
GO:0014036	2
GO:0060018	4
GO:0060517	1
GO:0060532	2
GO:0060784	1
GO:0061046	1
GO:0061138	4
GO:0061145	2
GO:0061323	1
GO:0072034	3
GO:0072170	2
GO:0072190	2
GO:1904864	2
GO:2000794	1
GO:0014015	2
GO:0071393	5
GO:0061386	2
GO:2000678	1
GO:1904568	1
GO:1904828	1
GO:0045185	1
GO:1902044	2
GO:0070286	17
GO:0003977	2
GO:0052630	1
GO:0070569	4
GO:0141090	1
GO:0034993	11
GO:0008568	9
GO:0031117	5
GO:0051013	13
GO:0051228	3
GO:0004176	7
GO:0005745	2
GO:0034982	6
GO:1902686	2
GO:0098508	3
GO:1905453	2
GO:0010751	2
GO:0001562	3
GO:0001808	2
GO:0048685	1
GO:0004757	1
GO:0021556	2
GO:0060390	2
GO:0021692	2
GO:0098918	1
GO:0099189	1
GO:0004506	1
GO:0034139	4
GO:2001286	1
GO:0003865	3
GO:0033218	3
GO:0047751	3
GO:1904015	3
GO:0018963	1
GO:0016229	6
GO:0030573	2
GO:0047787	2
GO:0003062	2
GO:0000247	2
GO:0010736	1
GO:0030038	1
GO:0046016	1
GO:0004766	1
GO:0005047	8
GO:0006614	10
GO:0008312	7
GO:0045900	1
GO:0048500	6
GO:0006613	10
GO:0030942	3
GO:0006616	8
GO:0001682	13
GO:0006409	3
GO:0042780	7
GO:0071045	1
GO:0051096	2
GO:0005784	6
GO:0038170	6
GO:0004994	5
GO:0060672	3
GO:1901387	3
GO:0070859	3
GO:0046725	2
GO:0061326	3
GO:0070721	3
GO:0072308	1
GO:1900037	7
GO:0046543	3
GO:0060376	2
GO:0060443	2
GO:0070666	1
GO:0003421	1
GO:1903403	1
GO:0004062	9
GO:0004304	1
GO:0006711	1
GO:0047894	3
GO:0050294	4
GO:0009922	7
GO:0019367	8
GO:0034625	7
GO:0034626	7
GO:0042761	13
GO:0097014	2
GO:0060215	4
GO:0060800	3
GO:1903945	2
GO:0007057	4
GO:0035175	4
GO:0044839	4
GO:0090068	7
GO:0140535	3
GO:1901610	1
GO:0009309	1
GO:0070016	8
GO:0010807	10
GO:0032028	2
GO:0070033	3
GO:0070044	4
GO:0090174	1
GO:0098967	2
GO:0016230	1
GO:0048284	4
GO:0007412	3
GO:0035542	12
GO:0106022	1
GO:1903296	2
GO:1903305	3
GO:2000367	1
GO:0030348	2
GO:0022615	5
GO:0001691	2
GO:0062026	2
GO:0047685	2
GO:0051922	2
GO:0004027	3
GO:0008482	1
GO:0030151	4
GO:0047704	2
GO:0032044	2
GO:0032785	4
GO:0006354	3
GO:0000958	3
GO:0000965	3
GO:0035945	1
GO:0035946	1
GO:0045025	2
GO:2000827	1
GO:0008281	2
GO:0061855	1
GO:1900721	1
GO:0097020	2
GO:0140353	2
GO:0000183	7
GO:0033553	5
GO:0046015	3
GO:0061773	3
GO:0140949	5
GO:1902259	2
GO:1903593	3
GO:1903595	4
GO:0000711	3
GO:0000802	1
GO:0007130	25
GO:0030849	4
GO:0051878	1
GO:0001820	1
GO:0016170	1
GO:0032752	1
GO:0032928	1
GO:0043313	2
GO:0090237	1
GO:0099504	4
GO:2000474	2
GO:0017158	18
GO:0048791	5
GO:0061669	6
GO:0061891	21
GO:0071911	1
GO:0098746	1
GO:0099502	13
GO:0048174	1
GO:0150035	2
GO:0150044	1
GO:1903531	4
GO:1905415	1
GO:1905433	1
GO:0009582	4
GO:0031835	2
GO:0031836	2
GO:0031837	3
GO:1902093	12
GO:1904058	4
GO:0004995	3
GO:0016497	1
GO:0070459	3
GO:0070472	3
GO:0033025	1
GO:0071403	3
GO:0003051	2
GO:0016496	1
GO:0070461	6
GO:0001181	8
GO:0006361	10
GO:0160207	1
GO:1905524	2
GO:1901562	1
GO:0046695	2
GO:0000296	2
GO:0045344	1
GO:0106140	4
GO:0070761	7
GO:0036285	1
GO:0007252	3
GO:1990450	3
GO:0060217	1
GO:0060375	1
GO:1905269	1
GO:0004801	1
GO:0019682	3
GO:0015433	2
GO:0015440	3
GO:0042287	12
GO:0042825	2
GO:0046967	2
GO:1904680	2
GO:0002489	1
GO:0046968	3
GO:0046980	1
GO:0002398	1
GO:0050823	1
GO:0016423	6
GO:0141100	1
GO:0030422	8
GO:0046782	1
GO:0070920	2
GO:0070921	1
GO:0098795	3
GO:1903798	1
GO:0004829	3
GO:0006435	3
GO:0004838	1
GO:0009074	1
GO:0021644	2
GO:0042471	5
GO:2000027	1
GO:2001037	2
GO:0071205	4
GO:0071206	1
GO:0097090	1
GO:0003841	21
GO:0047184	8
GO:1900210	2
GO:0005668	5
GO:0043474	2
GO:0060596	3
GO:0072105	2
GO:1901208	1
GO:1901211	1
GO:0003167	3
GO:0003218	2
GO:0060980	2
GO:1901846	2
GO:1903781	1
GO:0004960	1
GO:0004961	1
GO:0038193	1
GO:0004796	2
GO:0036134	3
GO:0031462	47
GO:0031466	17
GO:0070449	5
GO:0140958	5
GO:0030891	3
GO:0065004	3
GO:0021761	2
GO:0048332	1
GO:0061017	2
GO:2000137	1
GO:0035565	2
GO:0039020	1
GO:0060677	1
GO:0061296	1
GO:0072176	1
GO:0072181	2
GO:1900200	1
GO:0010464	1
GO:0042790	4
GO:1902490	3
GO:0002355	3
GO:0075521	1
GO:0075606	1
GO:0000700	1
GO:0008263	2
GO:0043739	1
GO:0141016	1
GO:0141167	1
GO:0038100	5
GO:0019442	1
GO:1904842	1
GO:0140552	3
GO:0001830	1
GO:0036483	1
GO:2000351	3
GO:0006278	9
GO:0000332	1
GO:0000333	2
GO:0003964	8
GO:0032214	2
GO:0070187	7
GO:1904792	1
GO:1904850	1
GO:1904911	1
GO:1904914	1
GO:1905839	2
GO:0000782	1
GO:0031627	2
GO:0032208	1
GO:0099088	1
GO:1903824	1
GO:1904430	3
GO:0022616	1
GO:0031379	1
GO:0042635	2
GO:0098680	1
GO:0140745	1
GO:1903620	1
GO:1990572	1
GO:0070966	6
GO:1903988	3
GO:0033108	6
GO:0003409	1
GO:0021877	2
GO:0030718	5
GO:0009956	1
GO:0031723	1
GO:0004998	2
GO:0140298	1
GO:1903319	1
GO:0045830	13
GO:0098944	6
GO:0002069	1
GO:0002460	1
GO:0014008	1
GO:0032667	1
GO:0034714	4
GO:0048642	4
GO:0060751	1
GO:1905005	2
GO:1905641	1
GO:1990402	2
GO:0010002	3
GO:0042704	2
GO:0051794	1
GO:0070237	1
GO:1902256	1
GO:1905006	1
GO:0043062	1
GO:0101023	3
GO:1905223	2
GO:0002651	1
GO:0002663	1
GO:0051138	4
GO:0060434	2
GO:1905315	1
GO:1905316	1
GO:1905317	1
GO:0060318	3
GO:0060939	1
GO:0070123	1
GO:0043163	2
GO:0050568	1
GO:0120294	1
GO:0120295	1
GO:0120296	1
GO:0120297	1
GO:0120298	1
GO:0120299	1
GO:2000425	1
GO:0004511	1
GO:0006585	1
GO:0002581	1
GO:0008050	2
GO:0033032	1
GO:2000143	2
GO:0070571	1
GO:1904338	3
GO:0060854	1
GO:1905049	2
GO:0031128	1
GO:0034334	4
GO:0004797	2
GO:0009157	2
GO:0046104	2
GO:0019206	1
GO:0043097	2
GO:0046092	1
GO:0004802	3
GO:0016744	1
GO:1901159	1
GO:0032493	2
GO:0035354	2
GO:0035663	4
GO:0042495	2
GO:0035355	2
GO:0042496	2
GO:0042497	1
GO:1903974	2
GO:0002730	3
GO:0009597	4
GO:0034343	1
GO:0034346	2
GO:0002537	1
GO:0016046	2
GO:0051606	3
GO:0070430	3
GO:0021872	1
GO:0051694	7
GO:0098670	3
GO:0003788	1
GO:1905273	2
GO:0036143	1
GO:0002037	2
GO:0031349	4
GO:0034250	3
GO:0045994	1
GO:0051222	2
GO:0061048	1
GO:0120190	2
GO:0140460	1
GO:0150129	1
GO:1905038	3
GO:1905242	1
GO:0005861	9
GO:0000145	17
GO:0051601	4
GO:0034148	1
GO:0035871	11
GO:0061043	1
GO:0070429	1
GO:0070433	4
GO:0070530	26
GO:0071947	8
GO:0072573	2
GO:0072666	1
GO:0090291	3
GO:1905590	2
GO:0002947	4
GO:0002718	4
GO:0150098	1
GO:0031013	4
GO:0031014	4
GO:0032972	1
GO:1990584	3
GO:0001980	1
GO:0030172	3
GO:0031444	1
GO:0045932	1
GO:0043462	2
GO:1903612	1
GO:0007290	4
GO:0035041	1
GO:0048692	2
GO:1905935	1
GO:0003916	7
GO:0003917	4
GO:0000819	3
GO:0003918	3
GO:0009330	1
GO:0045870	2
GO:0051304	4
GO:0051097	1
GO:0097252	2
GO:1902253	1
GO:1902749	7
GO:1903451	1
GO:1903799	3
GO:1904024	2
GO:2000269	3
GO:0110027	2
GO:0140005	6
GO:0140941	5
GO:0004510	2
GO:0006587	1
GO:1900046	1
GO:0004807	1
GO:0008929	1
GO:0019242	1
GO:0003065	1
GO:0005862	4
GO:0008119	1
GO:0004447	1
GO:0080144	3
GO:0010965	1
GO:0031990	1
GO:0043578	1
GO:2000384	1
GO:0031247	2
GO:0002700	1
GO:1905669	2
GO:1905670	1
GO:0032648	4
GO:0008437	1
GO:0004997	1
GO:0015279	10
GO:0005227	15
GO:1902630	2
GO:0032414	1
GO:0047631	6
GO:0071502	2
GO:0072571	1
GO:1902555	4
GO:0033596	4
GO:0043379	1
GO:0000813	12
GO:0006858	3
GO:0007175	10
GO:0043328	16
GO:0043405	9
GO:1903551	3
GO:1903774	3
GO:2000397	2
GO:0004996	2
GO:0038194	2
GO:1905229	1
GO:0035928	3
GO:0051029	1
GO:0009226	1
GO:0042356	1
GO:0047918	1
GO:0050577	1
GO:0006363	3
GO:0033316	1
GO:0098813	8
GO:0140273	2
GO:1903096	1
GO:0048769	3
GO:0097493	2
GO:1990733	2
GO:0090212	1
GO:0097500	5
GO:0120160	3
GO:0005827	5
GO:0140490	2
GO:0070125	5
GO:0061548	1
GO:0000417	1
GO:0035359	8
GO:0060900	2
GO:2000780	4
GO:2000793	1
GO:2000802	1
GO:0035709	2
GO:0035712	1
GO:0035713	1
GO:1900281	1
GO:2000572	1
GO:0004791	7
GO:0050137	1
GO:0004799	1
GO:0016741	1
GO:0004503	2
GO:0002222	2
GO:0002274	1
GO:0034241	5
GO:2001206	4
GO:0043438	1
GO:0030628	6
GO:0089701	6
GO:0004839	3
GO:0008641	10
GO:0019782	1
GO:0032020	6
GO:0019787	20
GO:0033503	5
GO:0010845	3
GO:0070193	3
GO:1901874	4
GO:0042296	4
GO:0032446	12
GO:1904153	9
GO:0044388	5
GO:0061656	1
GO:0031371	4
GO:0031372	3
GO:0042275	2
GO:0035037	1
GO:1905528	1
GO:0090204	3
GO:1901017	1
GO:0001165	2
GO:1902659	1
GO:0019784	6
GO:0101005	25
GO:0120001	3
GO:0032555	1
GO:1903495	1
GO:0015740	1
GO:0110099	3
GO:0140787	2
GO:0034098	9
GO:0036435	10
GO:0036501	2
GO:0005459	3
GO:0015165	6
GO:0072334	3
GO:0090481	6
GO:0097160	1
GO:0006679	2
GO:0008120	1
GO:0003979	1
GO:0006065	2
GO:0003983	1
GO:0019255	1
GO:0032557	1
GO:0051748	1
GO:0003851	1
GO:0006682	6
GO:0008489	3
GO:0002251	2
GO:0009414	2
GO:0046720	1
GO:0097709	5
GO:0097744	3
GO:0004849	4
GO:0044211	3
GO:0004588	1
GO:0004590	1
GO:0006222	3
GO:0005596	1
GO:0061050	1
GO:0000244	26
GO:0031685	2
GO:0090340	1
GO:0004850	2
GO:0006218	2
GO:0046108	2
GO:0047847	2
GO:0004853	1
GO:0006787	1
GO:0004852	1
GO:0006780	1
GO:0000430	2
GO:0000432	5
GO:0045990	1
GO:1904333	1
GO:0002141	4
GO:0002142	6
GO:1990696	4
GO:0098858	8
GO:0071558	5
GO:0000323	1
GO:0051684	3
GO:0071900	1
GO:0004832	2
GO:0006438	2
GO:0060945	1
GO:0071065	1
GO:0061826	1
GO:0090636	1
GO:0090637	1
GO:1904702	1
GO:0061857	2
GO:0072389	1
GO:0106300	9
GO:0140455	3
GO:1903006	2
GO:1903843	3
GO:1903862	3
GO:1905634	3
GO:1990730	2
GO:1903146	6
GO:0038185	2
GO:0038186	2
GO:1902098	1
GO:1902121	1
GO:0002575	1
GO:0031077	4
GO:0038033	1
GO:0038190	2
GO:0043183	3
GO:0097533	3
GO:1901492	4
GO:1990150	1
GO:0030947	6
GO:0033500	2
GO:0051125	2
GO:1902745	4
GO:0048242	1
GO:0038025	2
GO:0160133	3
GO:0050968	3
GO:0097603	1
GO:1901594	1
GO:0030576	4
GO:0072354	2
GO:0141003	1
GO:0031967	1
GO:2000659	2
GO:0020003	1
GO:0004830	2
GO:0006436	2
GO:0002625	1
GO:0032488	3
GO:2001032	8
GO:0042799	7
GO:0140955	6
GO:0032021	4
GO:0021588	1
GO:0022004	1
GO:0033278	5
GO:0060061	3
GO:0061184	3
GO:0048697	2
GO:0060064	1
GO:0003408	2
GO:0005115	1
GO:0007223	4
GO:0036517	1
GO:0048022	5
GO:0051885	2
GO:0060606	1
GO:0060809	3
GO:0099068	2
GO:1900020	4
GO:1904934	1
GO:0009798	2
GO:0072080	1
GO:0045167	1
GO:0061038	6
GO:1904891	3
GO:0032536	1
GO:0036516	1
GO:0060482	1
GO:0072060	1
GO:0072061	2
GO:0014835	2
GO:0048641	2
GO:0061196	1
GO:0060197	2
GO:0003339	1
GO:0035150	1
GO:0072003	1
GO:0072038	2
GO:0072078	2
GO:0072174	2
GO:0040009	2
GO:0051345	1
GO:0070337	1
GO:0098530	1
GO:0140097	4
GO:0003156	2
GO:0035802	2
GO:0061032	2
GO:0072166	2
GO:0072302	1
GO:2001076	2
GO:0035356	10
GO:0060691	1
GO:1900102	4
GO:0004854	1
GO:0004855	1
GO:0006147	2
GO:0006161	2
GO:0009114	1
GO:0009115	1
GO:0046055	6
GO:0070674	1
GO:0070675	1
GO:0000715	1
GO:0000111	1
GO:0000404	1
GO:1902075	1
GO:0010836	2
GO:0032356	1
GO:0072572	7
GO:0160002	3
GO:0045003	4
GO:0071140	5
GO:0090657	2
GO:0051351	3
GO:0070975	1
GO:0006403	3
GO:0006713	1
GO:0008039	2
GO:0090168	5
GO:0000389	6
GO:1901835	1
GO:1904246	1
GO:0043035	5
GO:0060746	2
GO:0098727	3
GO:0035283	1
GO:0035469	5
GO:0035545	2
GO:0071919	1
GO:0072707	1
GO:1901989	1
GO:0043076	2
GO:0006359	9
GO:0034247	2
GO:1990047	1
GO:0010312	2
GO:0062111	7
GO:0071584	1
GO:0099573	1
GO:0140826	5
GO:0140882	4
GO:0140914	1
GO:0140915	1
GO:0140916	4
GO:0140917	1
GO:0099180	2
GO:0035804	4
GO:0001809	1
GO:0035803	1
GO:2000368	2
GO:2000388	1
GO:0021503	1
GO:0036213	1
GO:1903119	5
GO:0021541	1
GO:0012502	1
GO:0097214	1
GO:0140646	1
GO:1904093	3
GO:0072001	1
GO:0070831	5
GO:0004573	1
GO:0015926	1
GO:0005879	41
GO:2000612	1
GO:0004910	2
GO:0038147	1
GO:0043995	11
GO:0043996	11
GO:0070776	7
GO:0061643	3
GO:0002014	1
GO:0070203	2
GO:1904353	1
GO:1905279	4
GO:0007174	2
GO:0034045	22
GO:0036466	1
GO:0090382	11
GO:0090383	7
GO:0098943	2
GO:0006398	6
GO:0062073	2
GO:0071207	2
GO:0032386	3
GO:0090158	7
GO:0004777	1
GO:0009013	1
GO:0036506	4
GO:0071818	3
GO:0000346	12
GO:0005688	11
GO:0006660	4
GO:1905344	2
GO:0110075	1
GO:0007618	2
GO:0034441	1
GO:0062234	2
GO:0010923	3
GO:0019203	1
GO:2001070	3
GO:0006393	2
GO:0090659	7
GO:0015095	19
GO:1903830	17
GO:0036408	10
GO:0046972	8
GO:0030548	9
GO:0099601	4
GO:0038097	1
GO:0060005	5
GO:0140017	1
GO:0140019	1
GO:0140038	1
GO:1990876	1
GO:0021526	2
GO:0033565	3
GO:0031232	2
GO:0015228	3
GO:0015939	7
GO:1990559	1
GO:0071378	1
GO:1903920	1
GO:0031461	16
GO:0052170	1
GO:0120184	3
GO:0010980	1
GO:1904837	1
GO:0003131	1
GO:0035501	1
GO:0045869	11
GO:0030992	19
GO:0035720	19
GO:1904247	1
GO:1990130	5
GO:0015196	3
GO:1903577	4
GO:1904556	2
GO:1905534	1
GO:2000403	2
GO:0035363	4
GO:0009368	2
GO:0051877	2
GO:0060027	2
GO:1902636	3
GO:0001543	1
GO:1990738	1
GO:0016411	4
GO:0051264	3
GO:0051265	3
GO:0061824	6
GO:0180017	1
GO:1905288	1
GO:1905459	1
GO:2000204	1
GO:0072423	2
GO:0004596	7
GO:0008999	2
GO:0031415	5
GO:1990189	3
GO:1990190	2
GO:2000719	1
GO:0099518	4
GO:0000408	5
GO:0072677	1
GO:0007284	4
GO:0002280	1
GO:0000812	13
GO:0033791	1
GO:0016402	1
GO:1904885	1
GO:0032423	1
GO:0061181	4
GO:0002574	1
GO:0035517	4
GO:0043363	1
GO:0140950	6
GO:0031261	2
GO:1902977	1
GO:0002302	1
GO:0061301	1
GO:0048105	4
GO:0042666	1
GO:1904394	1
GO:0001552	1
GO:0033906	2
GO:1902426	3
GO:1990706	1
GO:0001534	12
GO:0038022	2
GO:0000285	3
GO:0052810	3
GO:0046338	4
GO:0006658	7
GO:0051977	3
GO:0015139	6
GO:0015367	1
GO:0015742	6
GO:0034727	18
GO:1903349	2
GO:1990316	8
GO:0016189	3
GO:0098842	4
GO:0051640	4
GO:0030338	1
GO:0046381	1
GO:0008336	1
GO:0090210	2
GO:0097320	14
GO:0016287	1
GO:1903008	4
GO:0004651	2
GO:0140627	13
GO:0097535	2
GO:1902232	2
GO:0006478	1
GO:0008476	2
GO:0008623	4
GO:0016590	2
GO:0031010	2
GO:0031213	2
GO:0090535	2
GO:0090536	2
GO:0140751	2
GO:1905213	2
GO:0034587	21
GO:0017122	1
GO:0097363	3
GO:0160076	1
GO:0032746	1
GO:0000511	1
GO:0000972	4
GO:0010172	8
GO:2000314	2
GO:0021988	2
GO:0090663	2
GO:0099181	1
GO:0005304	1
GO:0015188	3
GO:0051956	2
GO:0098846	1
GO:1903785	1
GO:1905533	2
GO:0004649	2
GO:0009225	2
GO:0097106	2
GO:0098529	1
GO:1990227	2
GO:1990002	2
GO:1990031	1
GO:0002098	14
GO:0002926	3
GO:0033588	6
GO:0000768	14
GO:0060143	3
GO:0008445	1
GO:0047821	1
GO:0032304	1
GO:0042377	2
GO:0052871	1
GO:0042339	1
GO:0043393	3
GO:0051835	3
GO:0008609	1
GO:0098875	1
GO:0050865	1
GO:0008127	1
GO:0090152	2
GO:1902679	2
GO:0009994	4
GO:0000350	2
GO:0071021	1
GO:0042284	2
GO:0002188	4
GO:0000347	5
GO:0000445	6
GO:0004502	1
GO:0009435	13
GO:0019363	11
GO:0043420	3
GO:0097052	1
GO:0004831	2
GO:0006437	2
GO:0008478	1
GO:0009443	1
GO:0042817	1
GO:0042818	2
GO:0032483	7
GO:0010586	12
GO:0034777	1
GO:0090288	2
GO:0019119	1
GO:0044691	5
GO:0051466	3
GO:0071812	2
GO:0000472	5
GO:0000480	8
GO:0030686	10
GO:0030692	2
GO:0000514	2
GO:0000515	2
GO:0090671	7
GO:0097255	5
GO:0000810	3
GO:0006670	9
GO:0008195	14
GO:0042392	7
GO:0106235	3
GO:1902068	1
GO:0048211	1
GO:0048280	7
GO:1990504	2
GO:0030103	4
GO:0070253	2
GO:0160041	2
GO:0002945	2
GO:0019908	3
GO:0090032	1
GO:0036218	1
GO:0080129	1
GO:0007499	1
GO:0010481	1
GO:0030859	6
GO:1904674	2
GO:2000381	3
GO:0062175	1
GO:0005042	5
GO:0005043	1
GO:0003963	1
GO:1905592	1
GO:0033897	1
GO:0140060	1
GO:1900246	11
GO:0032185	4
GO:0072137	3
GO:0016488	2
GO:0036131	1
GO:0043170	1
GO:0045550	2
GO:0045703	1
GO:0047017	2
GO:0048385	4
GO:0071379	1
GO:0071384	1
GO:1900053	2
GO:0015126	1
GO:0015432	4
GO:0015722	1
GO:0120189	1
GO:0000435	1
GO:0071986	6
GO:1990877	10
GO:0021849	3
GO:0035721	14
GO:0003842	1
GO:0071541	7
GO:0075525	5
GO:0008510	6
GO:0098594	2
GO:0042996	1
GO:0098876	6
GO:0098954	2
GO:0006995	12
GO:0071275	1
GO:0003846	7
GO:0004144	7
GO:0050252	3
GO:0003356	8
GO:0120134	1
GO:0120229	5
GO:0001572	2
GO:0006643	2
GO:0008499	12
GO:0047915	1
GO:0047273	1
GO:0015164	1
GO:0015779	1
GO:0071714	1
GO:0070513	3
GO:0010324	6
GO:0034499	6
GO:0051224	6
GO:0070676	2
GO:2000642	2
GO:0002263	1
GO:0010256	4
GO:0048205	6
GO:0097111	2
GO:1903420	1
GO:0004482	1
GO:0031533	3
GO:0106005	3
GO:0160130	2
GO:0004484	1
GO:0008192	1
GO:0050355	1
GO:0140818	1
GO:0003923	3
GO:0006621	7
GO:0016255	6
GO:0042765	5
GO:0180046	5
GO:0097343	1
GO:1903800	1
GO:0045569	5
GO:0045585	2
GO:1902492	2
GO:0006655	4
GO:0046642	3
GO:1905675	2
GO:0098837	7
GO:0099532	1
GO:1902954	3
GO:1904779	3
GO:2001135	9
GO:0070673	2
GO:0140895	1
GO:2000454	1
GO:0005483	3
GO:1990786	2
GO:0036367	3
GO:1905912	1
GO:1990603	2
GO:0047341	1
GO:0072674	4
GO:0036463	1
GO:0044375	3
GO:0004775	3
GO:0004776	2
GO:0042709	2
GO:0045244	2
GO:1901289	6
GO:0009361	2
GO:0006781	1
GO:0140118	1
GO:0042008	2
GO:0045092	2
GO:0071351	1
GO:0042007	2
GO:0002944	2
GO:0004582	1
GO:0033185	3
GO:0043178	2
GO:0180047	4
GO:0009056	2
GO:1903479	3
GO:0021649	2
GO:1903375	2
GO:1904835	2
GO:0021636	2
GO:0048841	4
GO:0097102	2
GO:0150018	1
GO:0150020	3
GO:1905040	2
GO:0032685	1
GO:0003921	1
GO:0003922	1
GO:0034722	1
GO:0046900	1
GO:0071914	2
GO:0072139	2
GO:0070553	2
GO:0002101	2
GO:0006448	2
GO:0016706	21
GO:0035513	2
GO:0035515	5
GO:0035516	5
GO:0042245	3
GO:0141131	2
GO:1990983	1
GO:1990984	2
GO:2000233	2
GO:0021722	2
GO:0097229	3
GO:0009855	1
GO:1903518	1
GO:0022607	1
GO:0031704	2
GO:0019249	3
GO:0043812	4
GO:1904980	1
GO:0047291	1
GO:1905143	1
GO:1905833	1
GO:0017159	2
GO:0015938	4
GO:0008481	3
GO:0034248	2
GO:0046521	1
GO:0090520	2
GO:1900060	4
GO:1905364	1
GO:0044753	2
GO:1905719	9
GO:0008117	1
GO:0042023	1
GO:1990261	1
GO:0019781	2
GO:0008523	1
GO:0015225	3
GO:0015233	1
GO:0015498	1
GO:0015878	3
GO:0015887	1
GO:0140161	3
GO:1905135	2
GO:1905161	2
GO:1904562	2
GO:2000645	1
GO:0008332	2
GO:0086018	1
GO:0086027	1
GO:0031298	3
GO:0043111	4
GO:0002096	2
GO:0032449	5
GO:0048788	2
GO:0098683	2
GO:0098882	7
GO:1904071	3
GO:0021723	1
GO:0048894	1
GO:0061452	1
GO:0071244	2
GO:1904691	3
GO:1903925	2
GO:0098939	2
GO:2000601	8
GO:1905413	1
GO:0140225	2
GO:0140226	1
GO:0030429	1
GO:0072521	1
GO:0006623	14
GO:0000025	1
GO:0004339	2
GO:0005983	1
GO:0016160	1
GO:1901027	1
GO:0035523	4
GO:0044313	3
GO:0051653	5
GO:0050211	4
GO:0044022	2
GO:0071240	1
GO:0097604	2
GO:1903793	1
GO:0018549	1
GO:0042625	3
GO:0008745	4
GO:0009253	6
GO:0032827	3
GO:0051701	3
GO:2000508	1
GO:0014736	1
GO:0014876	1
GO:0062099	2
GO:0032901	1
GO:0000120	3
GO:0070860	1
GO:0019153	2
GO:0001567	1
GO:0090206	3
GO:1903914	1
GO:0060590	2
GO:1904152	1
GO:2000807	3
GO:1905445	1
GO:0018003	2
GO:0047198	1
GO:0140801	1
GO:0001581	2
GO:0009415	1
GO:0033040	2
GO:0050912	3
GO:1990256	1
GO:0001594	8
GO:1990081	1
GO:0019788	5
GO:0061654	2
GO:1903860	4
GO:0035562	2
GO:0036004	1
GO:0031071	1
GO:0097163	2
GO:0000022	2
GO:0106439	1
GO:0015138	1
GO:0015361	1
GO:0015741	2
GO:0017153	3
GO:0000103	2
GO:0004020	2
GO:0004781	2
GO:0050428	2
GO:1990926	3
GO:1990927	3
GO:0160187	6
GO:1903985	2
GO:1904729	3
GO:0061772	1
GO:0032399	3
GO:0110031	3
GO:0000481	1
GO:0106137	2
GO:2001287	2
GO:0060930	1
GO:0062030	2
GO:0004341	1
GO:0106018	3
GO:0016312	3
GO:0036186	3
GO:1902499	3
GO:0001827	3
GO:0001828	3
GO:0033181	2
GO:0015849	1
GO:0015727	3
GO:0050833	6
GO:0071001	3
GO:0008315	2
GO:0019776	3
GO:0034274	6
GO:1904973	2
GO:1903333	3
GO:0001680	4
GO:1904678	3
GO:1990112	3
GO:0008420	13
GO:0005415	3
GO:0045117	2
GO:1901474	2
GO:0180015	1
GO:0035312	4
GO:0045145	5
GO:0051908	1
GO:0002113	1
GO:1905492	1
GO:0030124	4
GO:0070939	3
GO:1990423	3
GO:1990298	1
GO:0008273	5
GO:0019867	3
GO:0140870	2
GO:1990466	1
GO:1901837	4
GO:0005477	1
GO:0008521	2
GO:0035348	1
GO:0102158	4
GO:0032466	7
GO:0044878	4
GO:1905116	1
GO:1990758	2
GO:0002172	1
GO:0002414	1
GO:0035129	1
GO:0035252	8
GO:0042285	2
GO:0051674	6
GO:0033149	3
GO:0061817	6
GO:0016416	1
GO:0047173	1
GO:0045186	2
GO:0000963	6
GO:0044528	7
GO:0090615	1
GO:0062044	3
GO:0097058	2
GO:0047225	1
GO:0044024	1
GO:0070094	2
GO:0140262	4
GO:0140990	1
GO:0140991	4
GO:0141006	5
GO:0042930	1
GO:0042931	1
GO:0050961	1
GO:0001010	1
GO:0120222	4
GO:1904998	1
GO:0141215	1
GO:0033696	2
GO:0099041	5
GO:0180022	3
GO:0030311	9
GO:0020018	3
GO:0030623	3
GO:0150019	1
GO:1903450	3
GO:0031799	2
GO:0021972	1
GO:0050929	1
GO:0070407	1
GO:0050780	2
GO:0097291	1
GO:1903402	1
GO:0031953	4
GO:0070994	2
GO:0090317	1
GO:2000467	1
GO:2000478	1
GO:2000481	3
GO:2000534	1
GO:2000584	2
GO:2000590	1
GO:0005873	3
GO:0016939	3
GO:0036372	2
GO:0120170	5
GO:1903423	1
GO:0098734	8
GO:0010908	1
GO:0043950	2
GO:0090126	1
GO:0097116	5
GO:0097117	2
GO:0098635	4
GO:1905520	1
GO:0008465	1
GO:0016618	1
GO:0030267	1
GO:0120509	1
GO:0000301	9
GO:0050746	3
GO:0032217	6
GO:0032218	6
GO:0015143	9
GO:0090416	1
GO:2001142	2
GO:0097361	5
GO:0033263	7
GO:0034058	15
GO:0017095	3
GO:0075733	3
GO:0045934	2
GO:0032581	1
GO:0106101	1
GO:0005732	8
GO:0022401	1
GO:0002538	1
GO:0016215	2
GO:1900409	2
GO:0000354	2
GO:0008396	2
GO:0033783	1
GO:0003144	1
GO:1903975	1
GO:0120094	1
GO:2000409	2
GO:0045649	2
GO:0060284	2
GO:0160089	1
GO:1990764	2
GO:2000626	2
GO:0042985	20
GO:0014810	1
GO:0045174	2
GO:0050610	2
GO:0032014	2
GO:1902235	3
GO:0033386	1
GO:0120531	1
GO:0035256	3
GO:0030160	4
GO:0043229	5
GO:2000257	1
GO:0045161	2
GO:1903929	2
GO:2001262	1
GO:0048302	4
GO:2000408	1
GO:0008459	2
GO:0050698	3
GO:0010739	5
GO:1904064	1
GO:0039689	3
GO:0048840	2
GO:0061908	3
GO:0032723	1
GO:0044302	1
GO:1905319	1
GO:1905322	3
GO:0016232	1
GO:0000225	1
GO:0000026	4
GO:0004376	3
GO:0008444	1
GO:0032049	5
GO:1905751	3
GO:0140892	3
GO:2000302	2
GO:0017087	2
GO:0001733	4
GO:0006681	1
GO:0010935	2
GO:0098560	3
GO:0004758	5
GO:0017059	8
GO:0046511	2
GO:1901558	2
GO:0034654	2
GO:0102758	2
GO:0051261	2
GO:0061738	2
GO:0061764	2
GO:0090611	5
GO:1903724	7
GO:0048219	2
GO:0030314	6
GO:0090083	2
GO:0090367	1
GO:0010658	1
GO:0098840	3
GO:0050220	3
GO:0034184	5
GO:0061187	1
GO:0072570	2
GO:0160004	5
GO:1902688	1
GO:1902750	2
GO:1902882	2
GO:1902884	2
GO:1904815	1
GO:0030906	4
GO:0097422	6
GO:0004446	1
GO:0008707	1
GO:0016158	1
GO:0030352	1
GO:0034417	1
GO:0046030	3
GO:0052827	1
GO:0017057	2
GO:0047934	1
GO:0047935	1
GO:0047936	1
GO:0071025	2
GO:0014886	1
GO:0042749	1
GO:0044355	6
GO:0070383	9
GO:0009150	2
GO:0009222	2
GO:0034656	2
GO:0046036	2
GO:0046712	2
GO:0036396	10
GO:0090036	1
GO:1900143	2
GO:0140869	7
GO:0160127	3
GO:0032812	1
GO:0008892	1
GO:0046098	2
GO:0034041	2
GO:0060488	2
GO:0060489	2
GO:0060490	2
GO:0036228	3
GO:0044611	3
GO:0032461	3
GO:0061881	1
GO:0019417	2
GO:0120501	3
GO:0070861	1
GO:0071955	2
GO:0004394	1
GO:0018095	6
GO:0018200	1
GO:0070739	2
GO:0070740	10
GO:0106437	5
GO:0097699	2
GO:0062063	2
GO:1903754	2
GO:1905762	3
GO:0015658	1
GO:0015803	3
GO:0120161	2
GO:0110078	3
GO:2000003	4
GO:0000827	5
GO:0000829	5
GO:0000832	5
GO:0033857	2
GO:0052723	2
GO:0051864	10
GO:0140681	1
GO:0140684	6
GO:0004526	12
GO:0019933	5
GO:0042406	1
GO:0045050	11
GO:0072546	10
GO:1904154	4
GO:0120219	2
GO:0060964	5
GO:0045875	2
GO:0051307	1
GO:0140268	12
GO:0160038	1
GO:1904292	2
GO:1901097	5
GO:0035526	2
GO:0008381	12
GO:0160069	2
GO:0035368	4
GO:0035212	1
GO:1990244	1
GO:1904694	4
GO:0005691	2
GO:0030624	2
GO:0061574	4
GO:0071002	1
GO:0031078	1
GO:0032129	2
GO:0034739	1
GO:0051153	1
GO:1903394	1
GO:1990172	2
GO:0030991	8
GO:0044232	13
GO:0106106	3
GO:0160078	1
GO:1904889	1
GO:1905704	3
GO:1901529	1
GO:1903904	1
GO:1905872	1
GO:2001107	2
GO:0002362	2
GO:0002364	1
GO:0015444	1
GO:0160176	1
GO:0071006	12
GO:0072715	1
GO:1904570	1
GO:0140135	4
GO:0005787	6
GO:0000479	4
GO:0106245	2
GO:0106258	1
GO:0061863	1
GO:0090541	3
GO:0005742	9
GO:0015450	1
GO:0016031	2
GO:0030943	5
GO:0140596	7
GO:0070004	4
GO:0052836	3
GO:0052839	3
GO:1990393	5
GO:0034517	2
GO:0034066	2
GO:0031591	6
GO:0000811	5
GO:1902983	1
GO:0061373	1
GO:1904330	1
GO:1905603	1
GO:0010387	5
GO:0036399	1
GO:0160179	1
GO:1904040	1
GO:0098592	3
GO:0141005	11
GO:1990390	2
GO:0120043	2
GO:0000466	5
GO:0031339	2
GO:0051083	3
GO:0140285	3
GO:0035853	1
GO:0044599	4
GO:0099152	2
GO:0140613	2
GO:0000796	8
GO:0010032	6
GO:1905821	8
GO:0003400	5
GO:0099147	5
GO:0031251	2
GO:0036148	9
GO:0036149	6
GO:0047144	9
GO:0047190	1
GO:0071617	4
GO:0071618	1
GO:0021685	1
GO:0021693	2
GO:1903429	1
GO:0044091	5
GO:0010835	4
GO:0021572	1
GO:0004856	1
GO:0005997	2
GO:0005998	1
GO:0042732	3
GO:0030834	2
GO:0042247	1
GO:0008467	7
GO:1902238	2
GO:1905035	2
GO:1990167	4
GO:0140936	4
GO:0072376	1
GO:0008520	2
GO:0015229	2
GO:0015882	3
GO:0090245	2
GO:0010988	3
GO:0034255	1
GO:1902122	1
GO:1905695	1
GO:2000213	1
GO:2001250	1
GO:0018342	2
GO:0071586	3
GO:0050129	1
GO:0003986	4
GO:0004778	2
GO:0016289	1
GO:0043649	2
GO:0047603	1
GO:0047994	1
GO:0048858	6
GO:0004342	2
GO:0006043	2
GO:0006046	4
GO:1905025	1
GO:1903003	3
GO:2000158	1
GO:0002153	2
GO:0010727	1
GO:0035967	1
GO:0036479	2
GO:0042903	2
GO:0047611	2
GO:0070845	1
GO:0098732	2
GO:0106047	2
GO:0106048	2
GO:1904056	2
GO:1905336	2
GO:0097734	2
GO:0097140	1
GO:0097141	1
GO:1900235	2
GO:0006045	2
GO:0006055	5
GO:0008761	1
GO:0009384	2
GO:0046380	3
GO:0086041	1
GO:0045829	1
GO:0140804	5
GO:0070853	2
GO:0060717	3
GO:0051383	5
GO:0019948	2
GO:0031510	2
GO:0015216	3
GO:0015865	2
GO:0022884	1
GO:0035351	2
GO:0070730	2
GO:0070731	1
GO:1901505	1
GO:0015439	1
GO:0033013	1
GO:0090149	2
GO:1900063	3
GO:1903532	1
GO:1903578	2
GO:0003018	1
GO:1904880	1
GO:0090188	5
GO:0090341	1
GO:1904960	1
GO:0140852	3
GO:1904106	2
GO:0035621	3
GO:0120012	1
GO:0034482	1
GO:0050651	9
GO:0102142	1
GO:0005885	9
GO:0045010	9
GO:0061850	1
GO:0036284	1
GO:0016344	3
GO:0033206	2
GO:0016482	3
GO:0051043	3
GO:0010849	1
GO:0036195	3
GO:0051438	2
GO:0005869	8
GO:0000961	2
GO:0097222	4
GO:1905638	2
GO:0030427	3
GO:0009386	2
GO:1901856	2
GO:0047280	1
GO:0060212	3
GO:0045523	2
GO:0004753	1
GO:0004754	1
GO:0019477	1
GO:0047130	1
GO:0047131	1
GO:0048069	1
GO:0030258	7
GO:0036150	9
GO:0106262	4
GO:0106263	4
GO:1905885	3
GO:0006477	3
GO:1990575	3
GO:0016854	1
GO:0016076	3
GO:1905516	5
GO:0045619	3
GO:0000030	18
GO:0000033	2
GO:0052925	1
GO:0034457	3
GO:0010138	1
GO:0001605	3
GO:0071329	1
GO:1903143	3
GO:1990406	2
GO:1990409	2
GO:0044613	6
GO:1901890	2
GO:1901346	1
GO:0021512	1
GO:0031399	2
GO:0055106	5
GO:0008493	1
GO:0015904	1
GO:0008682	1
GO:0031314	7
GO:0110142	8
GO:0160224	1
GO:0062177	3
GO:0005460	2
GO:0015786	3
GO:0008940	3
GO:0061598	1
GO:0061599	1
GO:0072579	1
GO:0016892	1
GO:0019518	1
GO:0120241	1
GO:0120242	1
GO:0120243	1
GO:0000172	9
GO:0005655	7
GO:0030681	10
GO:0033204	10
GO:0047961	5
GO:0047962	1
GO:1901787	1
GO:0150013	1
GO:0060940	3
GO:0060437	2
GO:0001409	2
GO:1903790	2
GO:1990407	1
GO:0038041	1
GO:0086103	1
GO:0030327	3
GO:0043007	2
GO:0070302	1
GO:1903463	1
GO:2000730	1
GO:0090101	4
GO:0031943	2
GO:0090035	1
GO:0008626	1
GO:0002578	1
GO:0023025	2
GO:0032396	11
GO:2000524	2
GO:0047323	1
GO:0140096	4
GO:0034657	5
GO:0000835	1
GO:0008352	5
GO:0010272	1
GO:0097188	1
GO:0001607	2
GO:0042924	2
GO:0140943	2
GO:1900249	1
GO:2000291	2
GO:0032561	1
GO:1990131	4
GO:0042840	1
GO:0047941	1
GO:0120053	1
GO:0008532	5
GO:0047223	3
GO:0042498	1
GO:1901076	2
GO:0070183	1
GO:0044284	8
GO:1903852	3
GO:1990246	6
GO:0016247	8
GO:0098970	8
GO:2000311	11
GO:0060082	1
GO:1904510	1
GO:0021602	2
GO:0008441	2
GO:0047359	1
GO:1904950	1
GO:1990147	1
GO:0009595	3
GO:0045575	1
GO:2001125	2
GO:0000773	1
GO:0004608	1
GO:0031262	4
GO:0140483	1
GO:0034242	2
GO:0030687	15
GO:1903703	1
GO:0008469	3
GO:0035243	4
GO:0035246	1
GO:1904992	1
GO:0003881	1
GO:0046341	1
GO:0090178	1
GO:1901301	1
GO:0160063	9
GO:0160064	9
GO:1902151	1
GO:0017126	2
GO:0070037	1
GO:0016667	2
GO:0016671	4
GO:0061845	1
GO:0061846	1
GO:0002208	4
GO:0042772	1
GO:0031393	5
GO:1905458	1
GO:1903900	2
GO:0005347	9
GO:0015217	4
GO:0015230	2
GO:0035349	2
GO:0035350	1
GO:0035352	3
GO:0044610	1
GO:0051724	5
GO:0080121	2
GO:0080122	2
GO:1901679	1
GO:0042272	7
GO:0090045	1
GO:0007624	2
GO:0010808	1
GO:0061789	3
GO:0099011	2
GO:0035642	2
GO:0070611	2
GO:0031344	6
GO:0070486	1
GO:0140074	1
GO:0098867	1
GO:0008427	3
GO:2000256	1
GO:0032777	4
GO:0043998	3
GO:0043999	1
GO:0019778	1
GO:0019779	1
GO:0031401	2
GO:0032299	3
GO:0019797	3
GO:0043604	2
GO:1904649	1
GO:0005456	1
GO:0015782	1
GO:0009229	5
GO:0031923	3
GO:0042723	4
GO:0002518	1
GO:0031724	1
GO:0035768	1
GO:2000545	4
GO:0000386	1
GO:0005175	1
GO:0019747	1
GO:0032366	5
GO:0004169	7
GO:0031502	1
GO:0000305	1
GO:0015942	2
GO:0030272	1
GO:0046657	2
GO:0006195	3
GO:0009159	2
GO:0090070	1
GO:0005519	1
GO:0004638	1
GO:0004639	1
GO:0001665	6
GO:0120259	4
GO:0071797	4
GO:0032089	2
GO:0061851	3
GO:1904328	1
GO:1904825	2
GO:0000217	4
GO:0062037	1
GO:0010070	1
GO:0090522	9
GO:0010610	1
GO:0022013	1
GO:0043489	5
GO:0004631	1
GO:2000287	1
GO:0046831	1
GO:0070618	1
GO:0042835	2
GO:0120007	1
GO:1905962	1
GO:0140587	1
GO:0031296	3
GO:1900480	1
GO:0031682	1
GO:1902773	1
GO:0047750	2
GO:0010496	1
GO:0036445	2
GO:0051008	1
GO:0003050	2
GO:0050291	7
GO:0072721	1
GO:0010092	1
GO:0061938	1
GO:0098541	1
GO:0021842	1
GO:0102571	1
GO:0098535	5
GO:0098536	6
GO:0120098	3
GO:0072028	1
GO:0072161	2
GO:0002334	1
GO:0002447	1
GO:0030844	1
GO:2000864	1
GO:1990533	2
GO:0032412	1
GO:0030677	5
GO:0141106	2
GO:0045175	2
GO:0000171	1
GO:0001631	2
GO:0070554	2
GO:0099145	1
GO:0009258	3
GO:0016155	2
GO:0030409	1
GO:0030412	1
GO:0010921	2
GO:0009841	1
GO:0030305	2
GO:1904974	1
GO:1905809	1
GO:0033781	1
GO:1903044	3
GO:0030107	1
GO:2001193	1
GO:0015383	2
GO:0098953	1
GO:0031839	1
GO:0031840	1
GO:0042922	1
GO:0120061	1
GO:0120069	1
GO:1903999	4
GO:0002617	1
GO:0043381	2
GO:0007321	1
GO:0044301	2
GO:0097051	3
GO:0002699	1
GO:0002824	1
GO:2000321	4
GO:0018455	1
GO:1990817	12
GO:0018027	5
GO:0036166	2
GO:0140759	1
GO:0033867	1
GO:0031431	2
GO:1900753	1
GO:0102039	1
GO:0072753	2
GO:0160007	2
GO:0009608	2
GO:0072487	5
GO:0005046	3
GO:0046923	5
GO:0099044	2
GO:0140284	4
GO:0031205	1
GO:0140032	1
GO:0072595	1
GO:1902743	2
GO:0034766	3
GO:0035964	1
GO:0048199	1
GO:0106272	1
GO:0106273	1
GO:0000214	4
GO:0005849	6
GO:0046404	4
GO:0051731	2
GO:0051734	2
GO:0051736	2
GO:0035650	5
GO:0035651	3
GO:0036461	2
GO:0140469	4
GO:0170011	4
GO:0004239	5
GO:0061617	9
GO:0005295	5
GO:0006867	4
GO:0015182	4
GO:0015817	2
GO:0140830	2
GO:0140831	1
GO:0140832	1
GO:1903811	1
GO:2000487	1
GO:0003941	3
GO:0004794	2
GO:0003984	1
GO:0005948	1
GO:0015245	7
GO:0047747	2
GO:0001579	2
GO:0099188	2
GO:0002787	1
GO:0030293	1
GO:0045584	1
GO:0009107	1
GO:0016992	1
GO:0030719	6
GO:0071546	10
GO:0071547	6
GO:0002220	1
GO:1990715	5
GO:0070235	1
GO:0097528	3
GO:2000452	1
GO:0120181	2
GO:0140312	4
GO:0031499	5
GO:0043221	1
GO:0043634	2
GO:0070568	2
GO:0005338	2
GO:0005461	2
GO:0005462	5
GO:0005463	2
GO:0015780	2
GO:0015787	2
GO:0015789	2
GO:1990569	5
GO:0110104	4
GO:2000975	1
GO:0035061	4
GO:1990448	1
GO:0140625	2
GO:0046464	5
GO:0051792	6
GO:0032410	4
GO:0002943	4
GO:0017150	4
GO:0102266	1
GO:0102267	1
GO:0031960	1
GO:0120211	2
GO:0090619	2
GO:0140571	4
GO:0141112	2
GO:0051418	1
GO:0150051	2
GO:0030047	3
GO:0005171	2
GO:1902204	1
GO:0140004	1
GO:0140109	2
GO:0160110	2
GO:0009673	1
GO:0004057	1
GO:0016598	2
GO:0071596	5
GO:0008442	1
GO:0050866	2
GO:1904027	3
GO:1990971	2
GO:1990917	3
GO:0002857	1
GO:0032397	1
GO:1900280	1
GO:0031619	2
GO:0180019	2
GO:1905325	1
GO:0140007	4
GO:0180009	1
GO:1990889	1
GO:0036409	2
GO:0043994	1
GO:0044016	1
GO:0072708	2
GO:0072710	1
GO:0072716	1
GO:0072720	1
GO:0072739	1
GO:0140889	3
GO:0030397	1
GO:1904177	1
GO:0060973	2
GO:0051126	2
GO:0044804	5
GO:0018117	2
GO:0044602	1
GO:0044603	1
GO:0070733	2
GO:0120115	7
GO:0035529	4
GO:0047884	2
GO:0000298	5
GO:0008486	5
GO:0034431	5
GO:0052845	2
GO:0052848	2
GO:0071543	5
GO:0106211	1
GO:1901907	5
GO:1901909	5
GO:1901911	5
GO:0009191	1
GO:0019144	2
GO:0019303	2
GO:0019693	2
GO:0044715	3
GO:0015961	1
GO:0052840	1
GO:0052842	1
GO:0071544	1
GO:0110154	2
GO:0140932	2
GO:0031445	1
GO:0002130	2
GO:0004555	1
GO:0005991	1
GO:0005993	1
GO:0004790	1
GO:0030748	1
GO:0062157	2
GO:0044773	3
GO:2000002	2
GO:0042816	1
GO:0010933	1
GO:0043244	1
GO:0060297	2
GO:1905042	1
GO:0031207	1
GO:0031084	3
GO:0004668	5
GO:0140794	2
GO:0140798	2
GO:1901624	1
GO:0000444	4
GO:0004953	1
GO:0036508	1
GO:0001761	1
GO:0001762	2
GO:0015374	1
GO:0015657	2
GO:0015801	2
GO:0071528	1
GO:0022406	1
GO:0000814	3
GO:0019785	2
GO:0002253	2
GO:0002383	1
GO:0004529	2
GO:0032197	3
GO:0032558	1
GO:0097281	1
GO:0009644	3
GO:0040040	2
GO:0044299	1
GO:0060004	1
GO:1990770	1
GO:0008454	3
GO:0046403	2
GO:0046525	1
GO:0034125	2
GO:0060101	1
GO:1902567	1
GO:2000417	1
GO:0002866	1
GO:0032679	1
GO:0036470	1
GO:0036471	1
GO:0036478	1
GO:0036524	1
GO:0046295	1
GO:0050787	1
GO:0061691	1
GO:0061727	1
GO:0106044	1
GO:0106045	1
GO:0106046	1
GO:0140041	1
GO:1902958	3
GO:1903073	1
GO:1903094	2
GO:1903122	3
GO:1903181	2
GO:1903189	1
GO:1903190	1
GO:1903197	1
GO:1990422	1
GO:0140035	1
GO:0141185	3
GO:0098800	4
GO:1900208	2
GO:1904959	2
GO:0036114	4
GO:0036116	1
GO:1900535	1
GO:0098654	3
GO:0140462	3
GO:1905355	1
GO:1900149	3
GO:0001147	2
GO:0004534	4
GO:0043175	2
GO:1990269	4
GO:2000805	2
GO:0098983	4
GO:0098985	6
GO:0004168	1
GO:0006489	5
GO:0043048	5
GO:0106423	3
GO:1900248	2
GO:0047238	6
GO:0050510	4
GO:0016524	2
GO:0140632	2
GO:0097629	2
GO:0097632	1
GO:0072578	2
GO:0099084	2
GO:1902775	8
GO:0048789	1
GO:0097115	1
GO:0030120	2
GO:0046130	1
GO:0031161	2
GO:0035658	5
GO:0140719	5
GO:0042988	1
GO:2000176	1
GO:0021687	1
GO:0033566	3
GO:0110026	1
GO:0071031	2
GO:0140634	1
GO:0033889	1
GO:2001019	2
GO:0071348	1
GO:0070336	1
GO:0120168	1
GO:1990972	2
GO:0030981	3
GO:1902480	2
GO:1902888	1
GO:1905721	3
GO:0046587	1
GO:0033743	3
GO:0033745	3
GO:1900139	1
GO:1903893	1
GO:0004756	2
GO:0016259	1
GO:0016260	2
GO:0061646	2
GO:1903373	3
GO:0017136	5
GO:0034979	7
GO:0034983	3
GO:0046970	2
GO:0061433	1
GO:0062013	2
GO:0070446	1
GO:0140773	2
GO:0140774	2
GO:0004751	1
GO:0006014	2
GO:0032936	1
GO:0042663	1
GO:0045813	1
GO:1904723	1
GO:1904958	1
GO:1905607	1
GO:0032440	1
GO:0035798	1
GO:0036102	1
GO:0036185	1
GO:0047522	3
GO:0097257	1
GO:0007014	1
GO:1903883	1
GO:1903886	1
GO:0006202	1
GO:0050146	1
GO:0061945	1
GO:0140680	4
GO:1905198	11
GO:1990953	2
GO:0032034	1
GO:0000388	1
GO:0097750	3
GO:0140457	4
GO:0140682	2
GO:0160217	3
GO:0055082	1
GO:0140670	2
GO:2000627	7
GO:0000309	3
GO:0140768	4
GO:0140083	1
GO:0060566	1
GO:0010265	2
GO:0004483	2
GO:0062069	1
GO:0016444	1
GO:0033633	2
GO:0106438	7
GO:0061689	4
GO:0003953	1
GO:0019677	3
GO:0034128	1
GO:0050135	1
GO:0099243	1
GO:0001025	1
GO:0031549	1
GO:0048670	1
GO:0048698	1
GO:0097212	1
GO:0140351	3
GO:0099187	1
GO:1904261	2
GO:0140683	5
GO:0000803	2
GO:0030915	9
GO:0032182	5
GO:2000436	5
GO:0032173	1
GO:2000234	10
GO:0004835	2
GO:1905694	1
GO:0032596	2
GO:0033227	2
GO:0040010	3
GO:0003987	4
GO:2000758	2
GO:2000393	2
GO:0016237	3
GO:0019786	4
GO:0031173	1
GO:0051697	5
GO:0033919	1
GO:0106407	1
GO:1903371	2
GO:1900424	2
GO:1905171	2
GO:0047484	2
GO:0018395	1
GO:0032463	3
GO:0033746	1
GO:0033749	1
GO:0070815	1
GO:0071027	2
GO:0110064	2
GO:0140744	2
GO:0014846	2
GO:0021817	3
GO:0031022	2
GO:0140444	5
GO:0002337	2
GO:0080154	5
GO:1905631	1
GO:2000438	2
GO:0170047	1
GO:0060187	2
GO:0000448	2
GO:0070545	3
GO:0097035	6
GO:0033043	2
GO:0097355	2
GO:0036066	6
GO:0046922	4
GO:0035608	3
GO:0035609	4
GO:0035610	6
GO:0098957	2
GO:0098958	3
GO:0141053	1
GO:0140117	4
GO:1905526	2
GO:0050265	3
GO:1990074	3
GO:0031870	1
GO:0052767	1
GO:0140591	1
GO:0140894	4
GO:1903783	4
GO:1900044	1
GO:1902498	1
GO:0031592	1
GO:1901668	1
GO:0031443	1
GO:0060053	2
GO:0030897	14
GO:1902501	2
GO:0090292	3
GO:0071629	3
GO:0141191	2
GO:0070197	5
GO:0010968	10
GO:0070652	8
GO:0048687	1
GO:0062104	1
GO:0061666	1
GO:0071568	2
GO:0140501	3
GO:1990592	5
GO:0003363	1
GO:0021816	2
GO:0032116	2
GO:0061775	2
GO:0090694	2
GO:0036032	1
GO:0042983	1
GO:0016409	25
GO:0019705	6
GO:0051386	2
GO:0140240	1
GO:0140439	7
GO:0004823	2
GO:0006429	2
GO:0051309	2
GO:0071595	2
GO:0015203	4
GO:0015417	1
GO:0140358	5
GO:1902047	5
GO:1903710	1
GO:0004525	3
GO:0016891	5
GO:0061980	1
GO:0010566	1
GO:0036046	1
GO:0036047	1
GO:0036048	1
GO:0036049	1
GO:0036054	1
GO:0036055	2
GO:0061697	2
GO:0061698	2
GO:0000820	1
GO:0061690	1
GO:0106419	1
GO:0106420	1
GO:0140803	6
GO:1903217	2
GO:0141208	2
GO:1901671	1
GO:1902553	1
GO:0010868	6
GO:0032041	1
GO:0042595	2
GO:0046969	2
GO:0051658	1
GO:0106230	2
GO:0106231	2
GO:0140937	1
GO:0141050	1
GO:0160011	1
GO:0160012	1
GO:1902424	1
GO:2000655	1
GO:2000757	2
GO:0050080	1
GO:2001294	4
GO:0035003	3
GO:0061159	2
GO:1900108	5
GO:1901621	1
GO:0071765	1
GO:0034228	4
GO:0034229	4
GO:0034693	1
GO:0170037	1
GO:0015421	1
GO:0036304	2
GO:0003880	2
GO:0004671	1
GO:0006481	2
GO:0046498	2
GO:0046499	1
GO:0006567	1
GO:0008890	1
GO:0050313	1
GO:0070813	1
GO:0004514	1
GO:0034213	1
GO:0046874	2
GO:0140055	1
GO:0140132	1
GO:1904439	1
GO:0071261	1
GO:0008460	1
GO:0003195	2
GO:2000723	1
GO:0000334	1
GO:0005225	8
GO:0070202	1
GO:0015296	1
GO:0055071	2
GO:0071578	10
GO:0140410	7
GO:1901194	1
GO:0003957	1
GO:0008750	1
GO:0043829	1
GO:0046958	1
GO:0034156	1
GO:1903317	1
GO:0051377	3
GO:1902824	1
GO:0016403	2
GO:0140795	1
GO:0140796	1
GO:0140797	1
GO:0070268	8
GO:0017065	1
GO:0034344	2
GO:0032476	2
GO:0032478	2
GO:0052923	2
GO:0097269	2
GO:0005656	2
GO:0008111	1
GO:0034423	1
GO:2000424	1
GO:1990790	2
GO:0008798	2
GO:0070931	1
GO:0000706	1
GO:0036159	18
GO:0031087	5
GO:0032058	1
GO:0021501	1
GO:0021547	1
GO:0015327	1
GO:0033029	1
GO:0140924	1
GO:0140926	1
GO:1901494	1
GO:1903786	1
GO:1904717	4
GO:2000211	1
GO:1990726	5
GO:0006651	7
GO:0045720	1
GO:0043090	3
GO:0050277	1
GO:0033477	1
GO:0061627	1
GO:0001918	1
GO:0030368	6
GO:0003345	1
GO:0061343	1
GO:0140063	1
GO:0010635	2
GO:0002128	2
GO:0106050	2
GO:0106340	1
GO:0017190	2
GO:0018002	2
GO:0000390	2
GO:0036368	2
GO:0061966	8
GO:0160112	13
GO:0045620	1
GO:0097409	1
GO:0097414	1
GO:0097462	1
GO:1990038	1
GO:0016603	2
GO:0017186	2
GO:0010454	3
GO:0010455	6
GO:0002395	2
GO:0019178	1
GO:0102757	1
GO:0039585	2
GO:0070899	2
GO:0160236	2
GO:0001016	1
GO:0072541	1
GO:2001057	1
GO:0031347	2
GO:0035261	1
GO:0061010	2
GO:0035272	1
GO:0001734	4
GO:0018708	2
GO:0006850	3
GO:1904158	6
GO:1990716	4
GO:2000095	5
GO:1904750	2
GO:0003431	3
GO:0061931	1
GO:1902838	1
GO:0018022	6
GO:0016180	16
GO:0034472	14
GO:0032202	3
GO:0060383	1
GO:1905840	1
GO:1990955	1
GO:0160117	1
GO:0160118	1
GO:0062208	1
GO:0098826	5
GO:0034455	3
GO:0031718	1
GO:2000272	2
GO:0060648	1
GO:0034718	1
GO:0061357	4
GO:1903387	1
GO:0006203	2
GO:0008832	1
GO:0009264	4
GO:0016793	1
GO:0032567	1
GO:0106375	1
GO:0051595	1
GO:0072736	1
GO:0010609	3
GO:0070889	2
GO:0071014	8
GO:1902073	1
GO:0000210	3
GO:0010943	2
GO:0033787	1
GO:0000140	1
GO:0036156	6
GO:0018230	15
GO:0035594	1
GO:0061511	4
GO:0004371	1
GO:0034012	1
GO:0050354	1
GO:0032093	2
GO:0140128	1
GO:0032474	4
GO:0047464	1
GO:0070139	5
GO:0070646	1
GO:1900245	4
GO:0150037	2
GO:1905303	2
GO:1905450	1
GO:0106359	1
GO:0106376	1
GO:0019166	2
GO:0001536	3
GO:0051255	2
GO:0140454	2
GO:0071166	1
GO:0018094	3
GO:0070735	3
GO:0070736	2
GO:0160111	31
GO:0120519	1
GO:0001560	3
GO:0032379	1
GO:0097234	1
GO:0030690	1
GO:0030691	1
GO:0030990	2
GO:0061525	1
GO:0097598	3
GO:0044065	3
GO:0034474	1
GO:0035644	1
GO:0004617	1
GO:0006566	1
GO:1904140	1
GO:0015018	3
GO:0055080	4
GO:0072156	2
GO:0002936	1
GO:0042745	1
GO:0050942	2
GO:0032876	1
GO:0003860	1
GO:0099023	4
GO:0010370	2
GO:1904356	1
GO:0002864	1
GO:0006173	1
GO:0047277	1
GO:0120034	1
GO:0005351	4
GO:0015136	1
GO:0015538	1
GO:0015739	1
GO:0034219	4
GO:0042874	1
GO:0042880	1
GO:0050683	1
GO:0042721	7
GO:0090625	4
GO:0008607	3
GO:0005692	2
GO:0000353	9
GO:0052851	4
GO:0017168	1
GO:0160148	3
GO:0004788	1
GO:0030975	1
GO:0141200	1
GO:1902683	1
GO:0021767	1
GO:0061374	1
GO:0061377	1
GO:0061379	2
GO:0061381	1
GO:0071908	1
GO:0071909	1
GO:0097543	3
GO:0032468	2
GO:0032472	2
GO:0098629	2
GO:0008169	1
GO:0030697	2
GO:0031580	3
GO:0031332	1
GO:0098814	2
GO:0099627	1
GO:0099630	1
GO:0036038	13
GO:1901256	1
GO:0021539	1
GO:0021548	1
GO:0047290	2
GO:0045993	1
GO:0046986	1
GO:0015275	3
GO:0061170	1
GO:1902613	1
GO:1904108	1
GO:0070685	1
GO:0044727	4
GO:0160246	1
GO:0006030	1
GO:0070551	1
GO:0090624	2
GO:0047412	1
GO:0070291	5
GO:0000916	1
GO:0072319	1
GO:1904896	1
GO:0034317	2
GO:0050262	3
GO:0061769	3
GO:0017174	1
GO:1901052	1
GO:0008412	1
GO:1905280	1
GO:1903723	2
GO:1901031	3
GO:0019964	1
GO:0030629	2
GO:0036458	1
GO:0000154	7
GO:0000179	4
GO:0052909	1
GO:0042843	1
GO:0047837	1
GO:0009360	1
GO:0010611	3
GO:0002143	4
GO:0032447	4
GO:0034227	4
GO:0042292	1
GO:0061604	1
GO:0061605	1
GO:0070566	2
GO:0090318	2
GO:0045992	1
GO:0032545	3
GO:0034456	3
GO:0098935	1
GO:0032377	1
GO:0034763	5
GO:1903784	1
GO:0180026	3
GO:0019742	1
GO:1905090	2
GO:0048270	1
GO:1904427	1
GO:0032484	4
GO:0021688	1
GO:0048631	1
GO:0060853	1
GO:0150116	1
GO:0110156	3
GO:0032013	1
GO:0097037	3
GO:0001100	1
GO:0018013	1
GO:0018016	1
GO:0035572	1
GO:0035573	1
GO:0071885	2
GO:0042278	3
GO:0061463	4
GO:0140291	3
GO:0140293	3
GO:0008988	3
GO:0016263	3
GO:0018023	7
GO:0010257	1
GO:0101006	1
GO:0070877	2
GO:2000628	3
GO:0001405	5
GO:0009007	2
GO:0018364	2
GO:0018872	2
GO:0030791	2
GO:0035657	1
GO:0036009	2
GO:0140984	1
GO:0002588	2
GO:0017024	1
GO:0032090	2
GO:0140738	2
GO:0032803	2
GO:1903556	1
GO:1905399	1
GO:1905404	1
GO:0141055	1
GO:0019783	5
GO:0120031	3
GO:1903604	5
GO:0002517	2
GO:0004581	1
GO:0071501	1
GO:0042509	1
GO:0031313	1
GO:0000709	1
GO:0010774	1
GO:0120230	1
GO:0120231	1
GO:0180012	1
GO:0004686	1
GO:0031037	1
GO:0071454	1
GO:0140245	1
GO:0070695	5
GO:0009233	1
GO:0009234	1
GO:0042371	1
GO:1902615	1
GO:0004475	2
GO:0120508	2
GO:0045936	1
GO:0140299	3
GO:0039019	1
GO:0004583	2
GO:0042281	1
GO:0033260	4
GO:0047757	2
GO:0050655	3
GO:0044726	4
GO:0016920	2
GO:1905045	1
GO:0140987	3
GO:0140988	2
GO:0047865	1
GO:0000451	3
GO:0008650	2
GO:0004648	1
GO:0008615	2
GO:1904021	2
GO:1901340	1
GO:0098833	1
GO:1990173	2
GO:1905609	1
GO:0060345	1
GO:0006677	2
GO:0008252	2
GO:0009223	2
GO:0019103	1
GO:0097323	2
GO:0071561	1
GO:0055107	3
GO:0010876	1
GO:1990046	2
GO:1990811	1
GO:0009200	1
GO:0042335	3
GO:0009590	2
GO:0001537	5
GO:0033037	1
GO:0047756	4
GO:0050659	2
GO:0045517	1
GO:0045518	2
GO:0001532	1
GO:0038114	1
GO:0032023	1
GO:0061588	1
GO:0005356	2
GO:0008506	4
GO:0015517	1
GO:0015770	4
GO:0048561	1
GO:1903527	3
GO:0046041	1
GO:0046051	1
GO:0097298	1
GO:0000252	1
GO:0102175	1
GO:0008527	15
GO:0002470	1
GO:0002851	1
GO:0032792	4
GO:0031877	1
GO:0050894	1
GO:0046963	2
GO:0046964	2
GO:1902558	2
GO:1902559	2
GO:0061668	6
GO:1903108	8
GO:0002949	5
GO:0106364	1
GO:0120538	1
GO:0008448	1
GO:0047419	1
GO:0106279	1
GO:0045006	4
GO:0050163	3
GO:0008794	1
GO:1905395	1
GO:2000192	1
GO:0071796	2
GO:1904855	2
GO:1903026	1
GO:0043376	1
GO:0051141	1
GO:2000640	4
GO:0031861	1
GO:0071163	2
GO:2000104	2
GO:0097541	1
GO:0098827	1
GO:1990674	4
GO:0070184	1
GO:0004139	1
GO:0046121	1
GO:0046386	1
GO:0046570	1
GO:0042126	3
GO:0062213	1
GO:0055029	2
GO:0031763	1
GO:0031764	1
GO:0031765	2
GO:0031766	2
GO:1902608	1
GO:0050104	1
GO:0035538	1
GO:0086069	1
GO:1904298	1
GO:0001717	1
GO:0098621	1
GO:0051032	1
GO:0051033	2
GO:0004810	1
GO:0106354	1
GO:0160016	1
GO:0010891	3
GO:0042171	12
GO:0060229	2
GO:1903778	1
GO:1905668	3
GO:0140034	3
GO:0106370	1
GO:0102354	3
GO:0140944	6
GO:1905342	2
GO:0002178	3
GO:0043849	1
GO:0120539	1
GO:0017192	1
GO:0031416	2
GO:0120518	4
GO:0140785	2
GO:0009923	2
GO:0141040	1
GO:0070625	1
GO:0000292	1
GO:0008419	1
GO:0047315	2
GO:0047536	1
GO:0047958	1
GO:0050094	1
GO:1901605	1
GO:0047834	1
GO:0003944	1
GO:0021873	2
GO:0003973	2
GO:0050038	1
GO:0090222	2
GO:1904719	2
GO:2001311	2
GO:0000215	2
GO:0062078	3
GO:0008115	1
GO:0033514	1
GO:0050031	1
GO:2000156	2
GO:1900036	1
GO:0034154	5
GO:0021686	1
GO:0021933	1
GO:0061852	2
GO:0030656	1
GO:0051341	1
GO:0015647	2
GO:0002121	2
GO:0008387	1
GO:0044873	1
GO:2000859	1
GO:0031883	1
GO:0048250	2
GO:0006931	2
GO:0032029	1
GO:2000677	4
GO:0019319	1
GO:1905505	1
GO:0004068	2
GO:0004782	2
GO:0019449	1
GO:0019452	1
GO:0051723	1
GO:0102559	1
GO:0003365	3
GO:2000232	3
GO:0097243	2
GO:1905396	1
GO:0001735	2
GO:0016670	2
GO:0030328	2
GO:0102149	1
GO:0018423	1
GO:0017125	1
GO:0048635	1
GO:0140500	1
GO:0004512	1
GO:0070042	2
GO:0016886	1
GO:0170057	1
GO:0043528	2
GO:0070476	2
GO:0061657	1
GO:0097752	4
GO:0070453	2
GO:0089715	1
GO:0009000	1
GO:0016261	1
GO:0070279	1
GO:0005731	1
GO:0097372	2
GO:1901836	1
GO:0042181	1
GO:0140765	1
GO:0042175	3
GO:0019740	1
GO:0046635	1
GO:1902107	1
GO:0036317	1
GO:0070259	1
GO:0070260	1
GO:0006580	1
GO:0008889	5
GO:0047395	1
GO:1990438	1
GO:0042978	2
GO:1902269	2
GO:0060887	2
GO:1904274	2
GO:0017118	1
GO:0031515	3
GO:0141133	1
GO:0170036	2
GO:1903541	2
GO:0035596	2
GO:0035597	1
GO:0035600	2
GO:0045903	1
GO:0070900	3
GO:2000812	2
GO:2001040	1
GO:0033862	3
GO:0046705	2
GO:0003837	1
GO:0019482	2
GO:0033396	1
GO:0046135	1
GO:0031768	1
GO:0032097	1
GO:0040013	1
GO:0043400	1
GO:1903012	3
GO:1904306	2
GO:1904346	1
GO:0000732	1
GO:1904506	1
GO:1904535	1
GO:0060629	3
GO:0003011	1
GO:0150115	1
GO:0034594	1
GO:2001153	1
GO:0070303	1
GO:1904291	1
GO:0160228	1
GO:0010420	1
GO:0061542	1
GO:0120537	1
GO:0001067	2
GO:1904800	1
GO:2000173	1
GO:1990462	2
GO:0004594	4
GO:0022832	6
GO:0072345	5
GO:0075509	3
GO:0097682	3
GO:1902117	3
GO:0010436	2
GO:0016121	2
GO:0035238	1
GO:1901810	1
GO:0046588	1
GO:0042015	3
GO:0160165	1
GO:0090675	2
GO:0060589	1
GO:0070481	1
GO:0070651	1
GO:0001576	1
GO:0050512	1
GO:1990829	1
GO:0071863	1
GO:0031751	1
GO:1902350	1
GO:1905300	1
GO:0047444	1
GO:0050462	1
GO:1904565	1
GO:0032499	1
GO:0034151	1
GO:0045960	1
GO:0070392	1
GO:0071640	1
GO:0110089	1
GO:1903082	1
GO:1905805	1
GO:1905808	1
GO:2000350	1
GO:0160214	1
GO:0030237	1
GO:0061369	1
GO:0072273	1
GO:2000019	1
GO:2000066	1
GO:2000180	1
GO:0046296	1
GO:0047969	1
GO:0048239	1
GO:0015655	3
GO:0015800	1
GO:1903294	1
GO:1903841	1
GO:1904271	3
GO:0001681	1
GO:0106330	1
GO:0000454	3
GO:0000921	1
GO:0071409	1
GO:1905795	1
GO:0070444	1
GO:2000633	2
GO:0006598	2
GO:0046208	2
GO:0046592	2
GO:0052901	1
GO:0070285	1
GO:0031119	5
GO:0106029	6
GO:0160150	1
GO:2000380	1
GO:1905584	3
GO:0042984	3
GO:0044357	1
GO:0051552	5
GO:0031543	2
GO:0031545	3
GO:0160082	4
GO:1902072	2
GO:1903568	1
GO:0002081	4
GO:0060857	1
GO:0071795	1
GO:0006789	2
GO:0043337	1
GO:2000142	1
GO:0004741	5
GO:0045253	2
GO:0015838	2
GO:1903806	1
GO:1905647	1
GO:1903093	1
GO:0022414	2
GO:1990168	5
GO:1990718	1
GO:0070911	2
GO:0036090	1
GO:0070579	3
GO:1903949	1
GO:1904199	1
GO:0052381	1
GO:0030862	1
GO:0035844	1
GO:0039008	1
GO:0065001	2
GO:0060243	1
GO:0070171	2
GO:0005217	1
GO:0008967	2
GO:0033699	1
GO:0120108	1
GO:1990165	1
GO:0042669	1
GO:0047394	1
GO:0046530	3
GO:0141084	1
GO:0150023	1
GO:1905381	1
GO:0051267	1
GO:0140261	1
GO:0051786	1
GO:0033313	1
GO:0062152	2
GO:0046630	1
GO:1990931	2
GO:0038018	2
GO:0089709	3
GO:0035598	1
GO:0003271	1
GO:0140946	1
GO:0140952	1
GO:0060147	1
GO:0102264	1
GO:1905709	3
GO:2000299	2
GO:0008254	1
GO:0097657	1
GO:0000964	2
GO:0052905	3
GO:0090646	3
GO:0160106	1
GO:0071451	1
GO:0140290	1
GO:0140292	1
GO:0070158	1
GO:0045016	2
GO:0061768	2
GO:0047159	2
GO:0047192	3
GO:0018293	1
GO:0034553	4
GO:0140260	2
GO:0008193	1
GO:0099116	1
GO:1904983	1
GO:0042313	1
GO:0051790	1
GO:0051410	2
GO:0060620	1
GO:0016426	1
GO:0016433	1
GO:0061953	2
GO:0160107	2
GO:1903939	2
GO:1902726	2
GO:0002495	2
GO:2001169	2
GO:0008265	1
GO:0043545	1
GO:0102522	1
GO:1990175	1
GO:1902369	1
GO:0006501	1
GO:0120095	1
GO:0048203	2
GO:0045911	1
GO:0006771	5
GO:1900408	5
GO:0002590	1
GO:1904557	2
GO:0008418	2
GO:0070773	1
GO:0031144	2
GO:0140965	3
GO:1990923	3
GO:0032203	1
GO:0034337	1
GO:0140691	1
GO:0140101	1
GO:0106261	1
GO:0070278	2
GO:0006399	7
GO:0106217	2
GO:0050560	1
GO:0070145	1
GO:0004733	1
GO:0016638	1
GO:0042823	1
GO:0000493	2
GO:0141054	1
GO:0070612	1
GO:0070039	2
GO:0140445	1
GO:0006862	4
GO:0006864	2
GO:0015218	2
GO:1990519	2
GO:0003952	1
GO:1900077	3
GO:1905451	1
GO:0140450	3
GO:0002505	1
GO:0002747	1
GO:0046754	1
GO:0090117	2
GO:0034967	2
GO:0070210	2
GO:0019511	2
GO:0050353	1
GO:0051391	1
GO:0051392	1
GO:0106162	1
GO:1904812	1
GO:1990883	1
GO:0019780	1
GO:0140901	1
GO:0140902	1
GO:0018126	5
GO:0031544	1
GO:0008823	3
GO:0140968	2
GO:1904931	1
GO:0102521	2
GO:0010308	1
GO:0010309	1
GO:0043189	1
GO:0004795	1
GO:0009071	1
GO:0046360	1
GO:0009217	1
GO:1901292	1
GO:0008973	1
GO:0019150	1
GO:0019321	2
GO:0061632	1
GO:0030626	2
GO:2000639	1
GO:0046520	1
GO:0008531	1
GO:0009231	1
GO:0009398	1
GO:0033864	1
GO:0072388	3
GO:0015144	1
GO:0071567	2
GO:0071869	1
GO:0071602	1
GO:0022883	2
GO:2000654	1
GO:0034342	3
GO:0005457	1
GO:0036085	1
GO:0042352	3
GO:0102390	1
GO:0008812	1
GO:0097213	1
GO:0035838	1
GO:1990611	1
GO:0141180	2
GO:0019918	1
GO:1901264	1
GO:0015774	1
GO:0061751	1
GO:1900125	1
GO:0042781	2
GO:0160166	1
GO:0031867	1
GO:0034597	2
GO:0140048	1
GO:0140983	1
GO:0050023	1
GO:0045127	1
GO:0160047	1
GO:0019310	1
GO:0050113	1
GO:0180034	1
GO:0051638	1
GO:2000813	4
GO:0051886	1
GO:0002940	2
GO:0160104	1
GO:0009895	1
GO:0150106	1
GO:1904544	2
GO:0050290	1
GO:0106219	1
GO:0003226	1
GO:0061711	2
GO:0000009	2
GO:0031501	1
GO:0140357	1
GO:0036139	3
GO:0036140	1
GO:0098799	1
GO:0071579	1
GO:1904257	3
GO:1904055	1
GO:0061708	1
GO:0070772	1
GO:0000349	2
GO:0070762	1
GO:0010025	4
GO:0080019	2
GO:0102965	2
GO:0018009	1
GO:0099639	1
GO:1902823	2
GO:2000331	1
GO:0047453	1
GO:0110051	2
GO:0097466	3
GO:0044779	1
GO:0001729	2
GO:0047620	1
GO:0003980	2
GO:0097359	2
GO:0000224	1
GO:0017005	1
GO:2000208	1
GO:0120550	1
GO:0008955	1
GO:0046398	1
GO:1905457	1
GO:0016427	1
GO:0052735	4
GO:0099174	1
GO:0110059	2
GO:0071890	1
GO:0106135	1
GO:0120206	3
GO:1903621	1
GO:0070898	1
GO:0046293	1
GO:0000256	1
GO:0004037	1
GO:0036502	2
GO:0080164	1
GO:0008275	1
GO:0030954	1
GO:0035751	6
GO:0004492	1
GO:1903699	1
GO:1903709	1
GO:0003236	1
GO:0003259	1
GO:0003260	1
GO:0042664	1
GO:0060921	1
GO:0060975	1
GO:0070368	1
GO:0019413	2
GO:0019427	2
GO:0019542	2
GO:0008781	1
GO:0009826	2
GO:0051666	1
GO:0030228	1
GO:0009789	1
GO:0034506	1
GO:0072356	1
GO:0030860	1
GO:1904780	2
GO:0008643	4
GO:0042946	1
GO:0042947	1
GO:0051119	4
GO:0004578	1
GO:0060989	1
GO:0043063	1
GO:0006311	3
GO:0030504	1
GO:0031780	2
GO:0031783	2
GO:2001185	1
GO:0140850	1
GO:0016073	1
GO:0040031	1
GO:1990276	1
GO:0047389	2
GO:0042941	1
GO:0042942	1
GO:0060094	1
GO:0106289	1
GO:0106019	1
GO:0045967	1
GO:1905810	1
GO:0070654	1
GO:0003352	4
GO:2000872	1
GO:1905586	1
GO:0051758	1
GO:0070649	3
GO:0002336	1
GO:1902623	1
GO:2000509	1
GO:0006669	1
GO:0033008	1
GO:0098998	1
GO:0099158	1
GO:1903910	1
GO:0097505	1
GO:1902866	1
GO:0002264	1
GO:0016617	1
GO:0019290	1
GO:0004075	1
GO:0004485	2
GO:1905202	2
GO:0102265	1
GO:0106414	1
GO:0160129	1
GO:0071819	2
GO:0016278	4
GO:0018026	7
GO:0006528	1
GO:0050152	1
GO:0106008	1
GO:0035262	1
GO:0097380	1
GO:0010844	1
GO:0048232	4
GO:0061982	1
GO:0035251	3
GO:0140561	3
GO:0140562	3
GO:0008663	1
GO:0047734	1
GO:0016432	2
GO:0002528	3
GO:0019840	1
GO:0032361	1
GO:0140788	3
GO:2000515	2
GO:0090199	1
GO:0003175	1
GO:0036306	1
GO:0048370	1
GO:1905326	1
GO:0061589	4
GO:0061590	5
GO:0006254	1
GO:0046052	1
GO:0061956	1
GO:0043456	1
GO:1902153	1
GO:1903301	1
GO:0036155	4
GO:0031260	1
GO:0031268	1
GO:0071622	1
GO:0010360	2
GO:1990221	1
GO:0015410	1
GO:0140567	2
GO:0140569	1
GO:0120078	1
GO:1905580	1
GO:2001213	1
GO:0061736	1
GO:0055024	1
GO:0060316	1
GO:0008592	3
GO:0031380	2
GO:0047874	1
GO:0090135	1
GO:0005550	6
GO:0016503	6
GO:0019236	8
GO:0035787	1
GO:0090177	2
GO:0097442	2
GO:1901148	1
GO:0010952	2
GO:0016814	1
GO:0051957	2
GO:1905737	2
GO:0002757	5
GO:0120330	1
GO:0090361	1
GO:0031125	4
GO:0071020	1
GO:0051962	1
GO:1990030	2
GO:0060262	1
GO:0061832	1
GO:1902809	1
GO:0003017	2
GO:0055017	1
GO:0009064	2
GO:0072590	2
GO:0072591	1
GO:0045844	1
GO:1904197	1
GO:1990739	1
GO:0070143	1
GO:0071660	1
GO:0160079	1
GO:1904491	7
GO:0047378	1
GO:0007630	1
GO:1904034	1
GO:0106089	1
GO:0031651	1
GO:0098928	1
GO:0002939	3
GO:0052906	1
GO:0035499	1
GO:0047730	1
GO:0102102	1
GO:0005228	2
GO:0003330	1
GO:0098817	1
GO:1902525	1
GO:0106335	2
GO:0043370	1
GO:0010428	1
GO:0007509	2
GO:0048319	1
GO:1903580	1
GO:0120323	1
GO:0004366	4
GO:0071821	4
GO:0061163	1
GO:0061573	1
GO:0060249	1
GO:0070841	2
GO:0098544	2
GO:0140888	1
GO:0017042	1
GO:1903017	1
GO:0044609	2
GO:0090311	1
GO:0034760	1
GO:0097690	1
GO:1904039	1
GO:1904479	1
GO:0070224	1
GO:0106436	1
GO:0043874	1
GO:0070876	4
GO:0004309	1
GO:0016645	1
GO:0043417	1
GO:0042018	2
GO:0140865	2
GO:0060668	1
GO:0045751	2
GO:0005034	1
GO:0042538	1
GO:0097497	1
GO:0032875	1
GO:0050486	1
GO:0060658	1
GO:0000959	2
GO:0030233	1
GO:0030302	1
GO:0030974	2
GO:0090422	2
GO:0090721	1
GO:0005307	1
GO:0097283	1
GO:0160102	1
GO:0008829	1
GO:0004633	1
GO:0071513	1
GO:0008897	1
GO:0035611	1
GO:0031417	3
GO:0070586	1
GO:0008721	1
GO:0018114	1
GO:0030378	1
GO:0070179	1
GO:0002127	1
GO:0141013	1
GO:0160042	1
GO:0061314	1
GO:1905899	1
GO:1990026	2
GO:0016422	1
GO:1905553	1
GO:0141107	1
GO:0061591	3
GO:0071976	1
GO:0120117	1
GO:0015390	1
GO:0015864	1
GO:0004747	1
GO:0090164	2
GO:0050694	3
GO:0031849	6
GO:0120158	1
GO:0015694	1
GO:0061757	1
GO:0097080	1
GO:0098711	2
GO:0140412	1
GO:1990540	1
GO:0102262	1
GO:0102263	1
GO:0030389	1
GO:0030393	1
GO:0036525	1
GO:0102193	2
GO:0102194	1
GO:0032498	1
GO:0032500	1
GO:0046645	1
GO:0030158	2
GO:0042586	1
GO:1901317	5
GO:0032663	2
GO:0048520	1
GO:0061143	1
GO:1902669	2
GO:0010949	2
GO:0045796	2
GO:0003142	1
GO:2000043	1
GO:0033135	1
GO:1903025	1
GO:0002285	1
GO:0060300	1
GO:0035750	1
GO:0019777	2
GO:0141046	1
GO:0001179	1
GO:0060378	1
GO:0047102	1
GO:0001879	2
GO:0009756	2
GO:0032491	1
GO:1903431	1
GO:0042144	2
GO:0035822	1
GO:0035442	1
GO:0141204	1
GO:0160178	1
GO:0140777	1
GO:0035299	1
GO:0033925	1
GO:0097036	1
GO:0150063	1
GO:0030380	1
GO:0016938	1
GO:0045234	1
GO:0061355	2
GO:1990698	1
GO:0004343	1
GO:0015362	1
GO:0015746	3
GO:0050459	1
GO:1905372	1
GO:0034477	2
GO:0048264	1
GO:0090296	1
GO:0106347	1
GO:0120049	2
GO:0016223	1
GO:0019481	1
GO:0047305	1
GO:2001299	1
GO:0071678	1
GO:0047186	1
GO:1903180	1
GO:0015499	1
GO:0015724	1
GO:0015797	1
GO:1901571	1
GO:0106156	1
GO:1904595	1
GO:0003951	2
GO:0062050	1
GO:0035932	1
GO:2000651	2
GO:0030729	1
GO:1905706	3
GO:1903721	1
GO:0120153	1
GO:0016728	2
GO:0017187	2
GO:0047057	2
GO:0047058	1
GO:0033557	3
GO:0003839	3
GO:0061730	1
GO:0000213	2
GO:0000379	3
GO:0042283	1
GO:0120048	1
GO:0070350	1
GO:0034421	3
GO:0006253	1
GO:0046076	1
GO:0047840	1
GO:0052917	1
GO:0061928	2
GO:0019519	1
GO:0036058	1
GO:0098723	1
GO:0080132	1
GO:0120520	1
GO:0120521	1
GO:1904002	1
GO:1904697	1
GO:0016256	2
GO:0031511	1
GO:0042357	1
GO:0050333	1
GO:0060932	1
GO:0072047	1
GO:0072086	4
GO:0072272	2
GO:0043012	1
GO:0070247	1
GO:0015594	1
GO:0062124	1
GO:1901028	2
GO:0021956	1
GO:0004803	2
GO:0032196	1
GO:0098038	1
GO:1905324	1
GO:0009259	1
GO:0008983	1
GO:0051998	1
GO:0097023	1
GO:1901184	1
GO:1904902	1
GO:0016095	1
GO:0102389	1
GO:0160198	1
GO:1990838	1
GO:0050196	2
GO:0032074	1
GO:0002099	2
GO:0008479	2
GO:0120507	2
GO:0061710	1
GO:0004569	1
GO:0016438	1
GO:0062156	1
GO:0004632	1
GO:0006313	1
GO:0035859	2
GO:0045686	1
GO:1901724	1
GO:2000632	4
GO:0032877	2
GO:0033301	1
GO:0006392	1
GO:0005280	5
GO:0120114	1
GO:0047369	1
GO:0052918	1
GO:0052926	1
GO:0035801	1
GO:0140253	1
GO:1905799	2
GO:0008783	1
GO:0033389	1
GO:0047971	1
GO:0047972	1
GO:0097055	2
GO:0051643	2
GO:0106333	4
GO:0140089	5
GO:0140094	5
GO:0140095	5
GO:0018025	1
GO:0008174	1
GO:0106157	1
GO:0030251	1
GO:0004577	1
GO:0044716	1
GO:0044717	1
GO:0046057	1
GO:0046067	1
GO:0160054	1
GO:0071566	1
GO:0004140	2
GO:0034126	1
GO:0005818	1
GO:1902412	3
GO:0047191	1
GO:2001246	1
GO:0060755	1
GO:0033215	1
GO:0017196	1
GO:0016435	3
GO:0002756	2
GO:0047545	1
GO:0016094	1
GO:0045547	2
GO:1904423	2
GO:0019799	1
GO:0071929	1
GO:0090132	1
GO:0070041	1
GO:0003013	1
GO:1990879	3
GO:0047820	1
GO:0086038	1
GO:1901623	1
GO:0050185	1
GO:0160215	1
GO:0001117	1
GO:0033678	1
GO:0042134	3
GO:0033320	1
GO:0048040	1
GO:0004067	2
GO:0033345	1
GO:0071692	1
GO:0047402	1
GO:0034642	1
GO:0061910	1
GO:0097711	2
GO:1905349	3
GO:2000374	1
GO:0016889	1
GO:0048257	1
GO:0048476	4
GO:0072429	4
GO:0090301	1
GO:0090389	1
GO:0071962	3
GO:0070159	1
GO:0047016	1
GO:0003919	1
GO:0006747	1
GO:0070902	2
GO:0160147	1
GO:0036153	1
GO:0004595	1
GO:0060232	1
GO:0060234	1
GO:0032475	2
GO:0035675	1
GO:0061526	1
GO:0160230	1
GO:0002761	1
GO:0035814	1
GO:0001582	2
GO:0033041	2
GO:1903767	2
GO:0071788	1
GO:0008747	1
GO:1904105	2
GO:0003692	1
GO:0032683	1
GO:1902729	1
GO:1902730	2
GO:0015215	1
GO:1990548	1
GO:0051685	1
GO:0003882	1
GO:0001535	5
GO:1905199	1
GO:1904211	2
GO:0006668	1
GO:0070780	2
GO:2000209	1
GO:0160192	1
GO:1904677	1
GO:2000103	1
GO:0001770	1
GO:0034367	1
GO:1990427	1
GO:0007112	1
GO:0160248	1
GO:0120510	2
GO:0061485	1
GO:1902203	1
GO:2001113	1
GO:0140231	1
GO:0140300	3
GO:2001178	1
GO:0090730	1
GO:0008903	1
GO:0018773	1
GO:0034545	1
GO:0047621	1
GO:0070463	1
GO:0043843	1
GO:0061620	1
GO:1903434	1
GO:0008612	1
GO:0019135	1
GO:0160154	1
GO:1905041	2
GO:0120228	3
GO:1902444	1
GO:0050571	1
GO:0006742	2
GO:0034655	1
GO:0110153	2
GO:0140098	1
GO:1990174	3
GO:0060330	1
GO:0140802	1
GO:0032542	2
GO:0090138	1
GO:0030034	1
GO:0098862	1
GO:0034708	1
GO:0061651	1
GO:0090085	1
GO:0038035	2
GO:0010437	1
GO:0016116	1
GO:0016119	1
GO:0016122	1
GO:0016124	1
GO:0062172	1
GO:0102076	1
GO:1901176	1
GO:1901826	1
GO:0047609	1
GO:0042720	2
GO:0061300	1
GO:0035445	1
GO:0046713	1
GO:0046715	1
GO:0010705	2
GO:0047256	1
GO:0035544	2
GO:1903445	3
GO:0120045	4
GO:1901568	1
GO:0060007	1
GO:0018021	1
GO:0018064	2
GO:0019200	1
GO:0000994	1
GO:2000254	1
GO:0046523	1
GO:0008425	1
GO:0031930	2
GO:0021899	1
GO:0001099	1
GO:0008768	2
GO:0052751	1
GO:1903259	1
GO:0016077	2
GO:1903452	1
GO:0031151	1
GO:0140956	1
GO:0060682	1
GO:1903569	1
GO:0033002	1
GO:0036298	2
GO:0070716	2
GO:0097362	2
GO:0070622	1
GO:0009128	1
GO:0061890	2
GO:0021993	1
GO:0016847	1
GO:0044326	1
GO:1904372	1
GO:1904386	1
GO:1990780	1
GO:0048137	2
GO:0004493	1
GO:0046491	1
GO:0042851	1
GO:0045137	1
GO:0070274	1
GO:0050585	1
GO:0002652	1
GO:0002838	1
GO:0032712	1
GO:0071656	1
GO:0051978	1
GO:0140329	1
GO:0140348	1
GO:0150175	1
GO:0150178	1
GO:1990400	1
GO:0097639	1
GO:0097640	1
GO:0047800	1
GO:0140570	1
GO:0005464	1
GO:0015790	1
GO:0106073	2
GO:0160177	2
GO:0099575	1
GO:0071254	1
GO:0015098	1
GO:0015689	1
GO:0007225	1
GO:0097712	1
GO:0005458	1
GO:1990570	1
GO:2000212	1
GO:0004378	1
GO:0102704	1
GO:0010009	1
GO:0032458	2
GO:0071654	1
GO:0004654	1
GO:0035927	1
GO:0071042	1
GO:0042219	1
GO:0061929	1
GO:1905667	1
GO:0120336	3
GO:0120338	3
GO:2000241	1
GO:0021874	1
GO:0048337	1
GO:0090676	1
GO:0042827	1
GO:0048075	1
GO:0005996	2
GO:0030309	1
GO:0003025	1
GO:0021563	1
GO:0021564	1
GO:2000465	1
GO:0019075	2
GO:0007343	2
GO:0060470	1
GO:1990550	1
GO:0021814	2
GO:0021822	1
GO:0098725	1
GO:1904777	1
GO:0017178	1
GO:0051429	2
GO:0002078	1
GO:0002144	1
GO:0034439	1
GO:0090077	1
GO:2000609	2
GO:0015292	2
GO:0090616	1
GO:0070070	2
GO:0002112	1
GO:0010186	1
GO:0120042	1
GO:0010795	2
GO:0003972	1
GO:0021793	1
GO:0050923	1
GO:0042078	1
GO:0043461	1
GO:0032661	1
GO:0048792	1
GO:0046490	1
GO:0070176	1
GO:0016300	2
GO:0034202	1
GO:0034203	1
GO:0051254	1
GO:0060097	1
GO:0140112	2
GO:1990549	2
GO:0047946	2
GO:0090069	1
GO:0008297	1
GO:0051499	2
GO:0051500	2
GO:0106026	2
GO:0061685	1
GO:0032329	1
GO:0032973	1
GO:0140893	1
GO:1903713	1
GO:1903775	1
GO:0120234	1
GO:0004516	1
GO:1905174	1
GO:0051751	1
GO:0180041	1
GO:1990529	1
GO:0006505	2
GO:0005880	1
GO:0043954	1
GO:1900239	4
GO:0120154	1
GO:1990264	1
GO:1905707	1
GO:0021757	1
GO:0021758	1
GO:0090153	2
GO:0071444	1
GO:0072703	1
GO:0022613	1
GO:0071164	1
GO:1901003	1
GO:1905513	1
GO:0032919	1
GO:0032920	1
GO:0046204	1
GO:0106105	1
GO:0032645	1
GO:1903422	1
GO:1904050	1
GO:1905302	1
GO:0008700	1
GO:0033609	1
GO:0106009	1
GO:0018112	1
GO:0050346	1
GO:0140211	1
GO:0008792	1
GO:1990005	1
GO:0003242	1
GO:0008881	1
GO:0090486	2
GO:0005366	1
GO:0015913	2
GO:0032738	1
GO:0035665	1
GO:0047888	1
GO:0141118	1
GO:0042748	1
GO:0001178	1
GO:0120325	3
GO:0097722	1
GO:0140343	2
GO:0008962	1
GO:0061501	1
GO:0035429	1
GO:1903850	1
GO:0000095	1
GO:0015805	1
GO:0043414	1
GO:0180003	1
GO:1990543	1
GO:0034163	1
GO:0070130	1
GO:0090071	1
GO:0003308	1
GO:0047881	1
GO:0106388	1
GO:0034338	1
GO:0018858	3
GO:0018874	1
GO:0019605	2
GO:0102391	4
GO:0160044	1
GO:0042017	1
GO:1902410	2
GO:0015312	1
GO:0061756	2
GO:1990595	1
GO:0062105	2
GO:0005302	1
GO:0015192	2
GO:0000831	1
GO:1904731	1
GO:0043915	1
GO:0032798	2
GO:0010164	1
GO:1902271	1
GO:0034211	1
GO:0035564	2
GO:0099400	1
GO:1904644	1
GO:1904713	2
GO:1904887	1
GO:0062064	1
GO:0033023	1
GO:0089708	1
GO:0051747	1
GO:0043160	1
GO:0032788	1
GO:0032789	1
GO:0048560	1
GO:0005289	1
GO:0005292	1
GO:0006667	1
GO:0102772	1
GO:0004479	1
GO:0071951	1
GO:0019202	1
GO:0047992	1
GO:0050561	1
GO:0070127	1
GO:0060404	1
GO:0070462	1
GO:0035677	1
GO:0015191	1
GO:0048073	1
GO:0004061	1
GO:1901845	1
GO:1903780	2
GO:0097196	2
GO:0015761	1
GO:0140929	1
GO:0140930	1
GO:0010446	1
GO:1990070	1
GO:1905456	1
GO:1990755	1
GO:1903818	4
GO:0047220	1
GO:0061831	1
GO:0150147	1
GO:0160087	2
GO:0001962	1
GO:0047276	1
GO:0070856	1
GO:0052856	2
GO:0010945	5
GO:0030730	1
GO:0036115	1
GO:0102524	1
GO:0001112	1
GO:0019866	1
GO:0001760	1
GO:0019748	1
GO:1904985	1
GO:1905004	1
GO:1905012	1
GO:0048389	1
GO:0072143	1
GO:0072168	1
GO:0072169	1
GO:0072183	1
GO:0072184	1
GO:0072234	1
GO:0072259	1
GO:0090094	1
GO:0097410	1
GO:0004034	1
GO:0014906	1
GO:0051308	1
GO:0045299	3
GO:0002618	1
GO:0016153	1
GO:0035863	1
GO:0097383	1
GO:0008887	1
GO:0035695	1
GO:0043041	1
GO:0047390	1
GO:0010348	1
GO:0010351	1
GO:0070060	1
GO:0010879	1
GO:0090364	1
GO:0002100	1
GO:0052717	1
GO:0008227	1
GO:0098674	1
GO:0071713	1
GO:1990324	1
GO:0046027	1
GO:0019552	1
GO:0047988	1
GO:0015019	1
GO:0030735	1
GO:0035498	1
GO:0062000	2
GO:0015495	1
GO:0044316	1
GO:0140799	1
GO:0140800	1
GO:0031475	1
GO:0050124	1
GO:0008579	1
GO:0016877	1
GO:0033188	3
GO:0047493	3
GO:0060631	2
GO:1902915	1
GO:0047408	2
GO:0031254	1
GO:0061865	1
GO:1905070	1
GO:2000691	1
GO:0050480	1
GO:0052548	1
GO:0016682	1
GO:1900542	1
GO:0061339	1
GO:0030662	1
GO:0141125	1
GO:0140776	1
GO:1990697	1
GO:1990699	1
GO:0160131	1
GO:0034397	1
GO:0090220	1
GO:0045623	1
GO:1900151	1
GO:0006480	1
GO:0141065	1
GO:1904109	1
GO:2000193	1
GO:0038182	1
GO:0038184	1
GO:0021509	1
GO:0141000	1
GO:0140560	1
GO:0098852	1
GO:1904791	1
GO:0060051	1
GO:0047385	1
GO:0141101	1
GO:0032935	1
GO:0005297	2
GO:1902225	1
GO:1902213	1
GO:0015024	1
GO:0097649	1
GO:0060431	1
GO:1900054	1
GO:0007146	1
GO:0042140	1
GO:0046611	1
GO:0047196	2
GO:0062237	1
GO:0048537	1
GO:0048621	1
GO:0005343	3
GO:1903825	3
GO:0006846	1
GO:0006848	1
GO:0015552	1
GO:0015730	1
GO:0160081	1
GO:1904775	1
GO:0036325	1
GO:0062154	1
GO:0002295	1
GO:0060377	1
GO:0061172	1
GO:0004042	1
GO:0052731	1
GO:0042636	1
GO:0035039	1
GO:0050646	1
GO:0050647	1
GO:0050648	1
GO:0051494	2
GO:0140858	1
GO:0140082	1
GO:0051728	1
GO:0002950	2
GO:1905373	1
GO:0097742	1
GO:0016896	1
GO:0097476	1
GO:2000298	1
GO:0043228	1
GO:0070255	1
GO:0140739	1
GO:0004474	1
GO:0047777	1
GO:0106064	1
GO:0106121	1
GO:0047224	1
GO:0071424	2
GO:1990477	1
GO:0097045	1
GO:0009446	1
GO:0052903	1
GO:1901307	1
GO:0010607	2
GO:0004458	1
GO:0008720	1
GO:1903457	1
GO:0050201	1
GO:0090409	1
GO:0090410	1
GO:0038101	1
GO:0030473	1
GO:0052722	1
GO:0005402	1
GO:1903100	1
GO:0021830	1
GO:0033560	1
GO:0060386	2
GO:0110070	1
GO:0016846	4
GO:1901723	1
GO:0035755	1
GO:0015411	1
GO:0160196	1
GO:0160197	1
GO:0051401	1
GO:0034107	1
GO:1904031	1
GO:1904120	1
GO:0014717	1
GO:0048086	1
GO:1903965	1
GO:0002468	1
GO:0002478	1
GO:0140499	2
GO:0170027	3
GO:1902336	1
GO:0140827	1
GO:0002946	1
GO:1990930	1
GO:0007604	1
GO:0047407	1
GO:1902811	1
GO:0160234	1
GO:0051961	1
GO:0070290	1
GO:0090104	1
GO:0140484	1
GO:0140485	1
GO:0005342	1
GO:1905188	1
GO:0051631	1
GO:0045625	1
GO:0000823	1
GO:0000824	1
GO:0047326	1
GO:0051765	1
GO:0180030	1
GO:1904736	1
GO:0047166	1
GO:0044580	3
GO:1902859	2
GO:0047826	1
GO:0014812	1
GO:0032799	1
GO:0032802	1
GO:0010780	1
GO:1903343	1
GO:0051235	1
GO:0062054	1
GO:1903424	1
GO:0032826	1
GO:1904240	1
GO:1902349	1
GO:0045769	1
GO:0001716	1
GO:0019440	1
GO:0106329	1
GO:0098705	1
GO:0032003	1
GO:0036373	1
GO:0060180	1
GO:0047933	1
GO:0035382	1
GO:0046373	2
GO:0046556	2
GO:0055127	1
GO:0033842	2
GO:0140563	2
GO:0034486	1
GO:0015876	1
GO:0000121	1
GO:0043136	1
GO:1902858	2
GO:0061792	1
GO:0003353	1
GO:0032216	1
GO:0006842	1
GO:0015744	1
GO:0035674	1
GO:0098661	1
GO:0016888	1
GO:1901625	1
GO:0042494	1
GO:0160021	4
GO:0103002	1
GO:0140981	1
GO:0070378	2
GO:0072529	1
GO:1903059	1
GO:1903564	1
GO:0120147	1
GO:0141217	1
GO:0106341	1
GO:0106342	1
GO:0070287	1
GO:0055111	1
GO:0099500	1
GO:0042478	1
GO:0008817	1
GO:0035478	1
GO:0090319	1
GO:0090321	1
GO:0090275	1
GO:0032829	1
GO:1903302	1
GO:0120274	1
GO:0061896	1
GO:0061897	1
GO:0061898	1
GO:0061899	1
GO:0009066	2
GO:0017188	1
GO:0035438	1
GO:1990231	1
GO:1904997	1
GO:0180000	1
GO:0036345	1
GO:0031283	1
GO:0036379	1
GO:0070089	1
GO:0060280	1
GO:0043250	1
GO:0043251	1
GO:0061739	1
GO:0120221	1
GO:0120337	1
GO:0031854	1
GO:0019172	1
GO:0097545	2
GO:1990297	1
GO:0140232	1
GO:0043143	1
GO:0008893	1
GO:0007291	2
GO:0016262	1
GO:0021528	1
GO:1905048	1
GO:1905702	1
GO:0009751	1
GO:0120249	1
GO:0045887	1
GO:0110030	1
GO:0009124	1
GO:0009133	1
GO:2000293	1
GO:1900864	1
GO:0043383	1
GO:0050207	1
GO:0033819	1
GO:0005700	1
GO:1902633	1
GO:0031259	1
GO:0038123	1
GO:1901207	1
GO:1905033	1
GO:0034345	2
GO:0030533	7
GO:0060118	1
GO:0140616	1
GO:1904206	1
GO:0080048	1
GO:0021858	1
GO:0035788	1
GO:0050479	1
GO:0097279	1
GO:0033383	1
GO:0045339	1
GO:0106405	1
GO:1902247	1
GO:0006294	1
GO:1903231	298
GO:1904995	8
GO:1901343	1
GO:1903287	3
GO:0110023	3
GO:1903769	1
GO:0090677	1
GO:1905032	2
GO:1905700	13
GO:1905904	1
GO:0032699	2
GO:0010985	2
GO:0140076	2
GO:1901257	1
GO:1904187	1
GO:2001039	1
GO:1905209	1
GO:0150152	1
GO:0044663	2
GO:1905111	4
GO:1903063	3
GO:0032965	1
GO:1904673	1
GO:1904676	1
GO:1905175	2
GO:0120132	1
GO:1905651	1
GO:1904848	2
GO:0110081	1
GO:1902461	3
GO:1904598	1
GO:1905101	1
GO:1905149	1
GO:0110015	1
GO:0032716	1
GO:1901646	1
GO:0106108	1
GO:2001024	1
GO:0032705	5
GO:0061766	2
GO:1905180	2
GO:1904747	1
GO:1905095	1
GO:1905061	1
GO:0150128	3
GO:1903847	2
GO:1905027	1
GO:1904639	1
GO:1904728	1
GO:1904827	1
GO:1904830	1
GO:1905955	1
GO:0034152	1
GO:1905046	2
GO:0160028	1
GO:1902046	2
GO:0055022	1
GO:0106090	1
GO:0150159	2
GO:0061754	4
GO:0150190	1
GO:1905299	1
GO:0061886	1
GO:1905884	1
GO:0097468	2
GO:0110058	1
GO:1904989	1
GO:0046316	1
GO:0070002	1
GO:0099629	1
GO:0004377	1
GO:0051415	1
GO:0010998	1
GO:0071264	1
GO:0060192	1
GO:0009256	1
GO:0002727	1
GO:0047886	1
GO:1905001	1
GO:0110119	1
GO:0106128	1
GO:0035038	1
GO:0160164	1
GO:0033735	1
GO:1905608	1
GO:1905652	4
GO:1901188	1
GO:0016412	1
GO:0018191	1
GO:0035992	1
GO:0140541	1
GO:0009593	1
GO:0019628	1
GO:0051997	1
GO:0021936	1
GO:0052373	1
GO:0150138	1
GO:0170064	1
GO:0051990	1
GO:1901275	1
GO:0010789	1
GO:0035705	1
GO:0035715	1
GO:0035716	1
GO:0043310	1
GO:0071675	1
GO:2000451	1
GO:2000464	1
GO:0047349	1
GO:0070567	1
GO:0106040	1
GO:0047613	1
GO:0032711	1
GO:0050337	1
GO:0032597	1
GO:0032600	1
GO:0032913	1
GO:0106155	1
GO:0090133	1
GO:1900101	1
GO:1902416	1
GO:0160193	1
