GO:0002020	158
GO:0004866	49
GO:0004867	131
GO:0005576	2165
GO:0005615	1717
GO:0007566	67
GO:0030414	158
GO:0031012	429
GO:0044877	674
GO:0048403	5
GO:0048406	9
GO:0004059	1
GO:0004060	4
GO:0005737	7505
GO:0005829	4308
GO:0006474	4
GO:0007623	102
GO:0008080	25
GO:0009416	35
GO:0009648	2
GO:0010043	26
GO:0016740	1897
GO:0016746	181
GO:0016747	49
GO:0030187	2
GO:0032868	94
GO:0034097	85
GO:0034695	13
GO:0046688	16
GO:0048471	852
GO:0048511	154
GO:0051412	23
GO:0051591	46
GO:0051592	64
GO:0071320	58
GO:0071889	52
GO:1901652	20
GO:0000166	1860
GO:0004672	537
GO:0004674	433
GO:0004713	127
GO:0005515	5653
GO:0005524	1514
GO:0005783	1741
GO:0006915	620
GO:0007420	238
GO:0012505	273
GO:0016020	8780
GO:0016301	659
GO:0030424	552
GO:0030425	662
GO:0030426	195
GO:0042995	1369
GO:0051402	81
GO:0106310	364
GO:0002790	3
GO:0005102	445
GO:0005548	10
GO:0005768	778
GO:0005794	1439
GO:0005886	6331
GO:0006911	38
GO:0007040	68
GO:0007186	2073
GO:0007189	144
GO:0007584	68
GO:0008035	11
GO:0008203	119
GO:0008320	19
GO:0009306	57
GO:0009410	296
GO:0009897	529
GO:0009986	834
GO:0010875	29
GO:0015914	46
GO:0016197	69
GO:0016323	310
GO:0016887	394
GO:0019905	62
GO:0023061	3
GO:0030139	79
GO:0030301	25
GO:0031210	29
GO:0031267	296
GO:0031667	104
GO:0032367	14
GO:0032489	12
GO:0033344	34
GO:0033552	3
GO:0033700	14
GO:0034185	17
GO:0034186	5
GO:0034188	2
GO:0034204	6
GO:0034380	6
GO:0034616	5
GO:0038027	5
GO:0042157	33
GO:0042158	6
GO:0042626	38
GO:0042632	104
GO:0043231	185
GO:0043691	16
GO:0045121	237
GO:0045332	31
GO:0045335	92
GO:0046623	1
GO:0051117	102
GO:0051649	252
GO:0055085	561
GO:0055091	17
GO:0060155	21
GO:0071222	264
GO:0071300	64
GO:0071345	49
GO:0071397	20
GO:0071403	5
GO:0071466	77
GO:0071806	19
GO:0090108	2
GO:0090554	9
GO:0090556	8
GO:0097708	21
GO:0099039	2
GO:0120020	24
GO:0140115	11
GO:0140326	22
GO:0140328	5
GO:0140359	49
GO:0001523	33
GO:0001750	81
GO:0003924	317
GO:0005501	8
GO:0005502	6
GO:0005503	4
GO:0006649	3
GO:0006869	187
GO:0007601	154
GO:0016787	1844
GO:0031410	920
GO:0042574	16
GO:0045494	47
GO:0046872	3971
GO:0090555	7
GO:0120202	1
GO:0140327	1
GO:0140347	1
GO:0001573	5
GO:0005319	25
GO:0005764	508
GO:0005765	327
GO:0005815	106
GO:0006684	5
GO:0006687	9
GO:0007626	126
GO:0010008	224
GO:0010559	4
GO:0019218	6
GO:0032289	8
GO:0032383	4
GO:0032384	1
GO:0032805	3
GO:0042986	4
GO:0045939	1
GO:0046512	16
GO:0048545	38
GO:0051247	25
GO:0061135	1
GO:0071072	1
GO:0090155	2
GO:0090156	6
GO:0090370	8
GO:0099038	3
GO:0099040	3
GO:1901873	1
GO:1902004	20
GO:1902993	11
GO:1904375	1
GO:1905601	2
GO:2000008	11
GO:0005739	1901
GO:0005743	538
GO:0006879	73
GO:0016226	24
GO:0034755	10
GO:0042802	2077
GO:0042803	825
GO:0070455	3
GO:0140466	1
GO:0140481	1
GO:1903331	1
GO:1903427	19
GO:0000139	588
GO:0005654	3535
GO:0005789	1144
GO:0010745	10
GO:0010888	17
GO:0019534	10
GO:0033993	27
GO:0034041	2
GO:0034374	14
GO:0034375	18
GO:0034436	3
GO:0035774	54
GO:0042908	38
GO:0042987	15
GO:0043531	46
GO:0045542	25
GO:0046982	372
GO:0050714	62
GO:0055037	153
GO:0090181	16
GO:1904411	2
GO:0001756	60
GO:0001764	152
GO:0005634	6485
GO:0005856	1490
GO:0014069	358
GO:0017124	129
GO:0030027	210
GO:0030175	90
GO:0030296	15
GO:0031209	12
GO:0031252	79
GO:0032433	20
GO:0035591	80
GO:0035855	26
GO:0043005	378
GO:0045202	1056
GO:0048813	48
GO:0048858	9
GO:0072673	7
GO:0098858	11
GO:0098978	907
GO:0099527	14
GO:0000287	246
GO:0000400	18
GO:0000405	7
GO:0001726	115
GO:0001784	48
GO:0001843	104
GO:0001922	6
GO:0002252	5
GO:0002322	6
GO:0002333	2
GO:0002429	2
GO:0003677	2109
GO:0003779	404
GO:0004715	44
GO:0005080	61
GO:0005730	2174
GO:0006281	413
GO:0006468	130
GO:0006897	227
GO:0006909	85
GO:0006914	229
GO:0006974	570
GO:0006979	156
GO:0007155	622
GO:0007173	64
GO:0007204	174
GO:0007229	92
GO:0007249	65
GO:0007611	87
GO:0008047	66
GO:0008306	53
GO:0009791	113
GO:0010595	62
GO:0015629	276
GO:0016604	381
GO:0018108	26
GO:0019899	471
GO:0019901	559
GO:0019904	343
GO:0021587	8
GO:0022408	18
GO:0030035	4
GO:0030036	243
GO:0030041	31
GO:0030145	70
GO:0030182	212
GO:0030514	63
GO:0030516	14
GO:0030845	2
GO:0031113	13
GO:0032729	84
GO:0032743	41
GO:0032956	103
GO:0032991	929
GO:0033554	36
GO:0033690	15
GO:0034446	48
GO:0034599	108
GO:0034976	111
GO:0035556	445
GO:0035791	5
GO:0038189	3
GO:0038191	18
GO:0042100	32
GO:0042127	205
GO:0042169	45
GO:0042770	20
GO:0043025	664
GO:0043065	385
GO:0043123	195
GO:0043525	100
GO:0043539	75
GO:0043542	42
GO:0045580	17
GO:0045595	49
GO:0045907	53
GO:0045930	27
GO:0045931	37
GO:0046632	13
GO:0046875	32
GO:0048008	39
GO:0048013	43
GO:0048146	74
GO:0048536	52
GO:0048538	60
GO:0050798	10
GO:0050852	113
GO:0050853	42
GO:0050885	68
GO:0051015	222
GO:0051019	30
GO:0051049	22
GO:0051281	36
GO:0051450	13
GO:0051496	58
GO:0051726	246
GO:0051894	35
GO:0060020	12
GO:0060038	21
GO:0060563	16
GO:0065008	55
GO:0070064	19
GO:0070097	12
GO:0070301	82
GO:0070373	83
GO:0070374	219
GO:0071103	2
GO:0071560	75
GO:0071871	2
GO:0072359	25
GO:0090050	23
GO:0098609	216
GO:0099150	8
GO:0120031	4
GO:0141214	7
GO:1900006	23
GO:1900026	45
GO:1900272	14
GO:1901701	14
GO:1902532	17
GO:1903053	13
GO:1903055	4
GO:1903210	2
GO:1903905	4
GO:1904157	4
GO:1904518	1
GO:1905244	3
GO:1905555	6
GO:1990837	575
GO:2000042	29
GO:2000096	8
GO:2000352	35
GO:2000406	24
GO:2000772	13
GO:2000773	26
GO:0001891	31
GO:0002118	5
GO:0006930	8
GO:0007015	157
GO:0007200	121
GO:0007612	74
GO:0007628	49
GO:0008104	217
GO:0008542	79
GO:0010976	181
GO:0016322	18
GO:0031223	6
GO:0035024	27
GO:0035264	164
GO:0035640	35
GO:0043197	209
GO:0051017	43
GO:0060074	21
GO:0097062	12
GO:0098794	418
GO:0005496	52
GO:0008150	4886
GO:0001659	28
GO:0003995	12
GO:0004466	4
GO:0005759	292
GO:0006629	794
GO:0006631	221
GO:0009062	14
GO:0009409	37
GO:0016042	129
GO:0016491	676
GO:0016627	25
GO:0019254	3
GO:0031966	225
GO:0033539	12
GO:0042413	1
GO:0042758	5
GO:0045717	21
GO:0046322	12
GO:0050660	72
GO:0120162	101
GO:0001889	108
GO:0005978	18
GO:0006082	23
GO:0006111	16
GO:0006635	52
GO:0007507	321
GO:0009437	10
GO:0016853	167
GO:0042594	42
GO:0045329	4
GO:0051791	7
GO:0051793	4
GO:0055007	47
GO:0070991	3
GO:0000062	18
GO:0017099	2
GO:0030855	98
GO:0042645	51
GO:0016937	3
GO:0046359	1
GO:0071949	47
GO:0008521	2
GO:0035348	1
GO:0003026	1
GO:0005216	187
GO:0005261	53
GO:0005272	40
GO:0006811	631
GO:0006812	64
GO:0006814	151
GO:0007602	25
GO:0007605	271
GO:0009612	64
GO:0010447	15
GO:0015280	11
GO:0019229	19
GO:0022839	3
GO:0034220	356
GO:0034765	22
GO:0035418	23
GO:0035725	138
GO:0042391	101
GO:0043066	620
GO:0050915	8
GO:0050974	10
GO:0051965	82
GO:0071468	21
GO:0098839	153
GO:0150052	62
GO:0160125	2
GO:0001662	47
GO:0001975	38
GO:0006816	163
GO:0007269	28
GO:0007613	131
GO:0022890	6
GO:0043198	73
GO:0045211	318
GO:0046929	7
GO:0070588	147
GO:0071467	10
GO:0098655	62
GO:0098662	23
GO:0098793	366
GO:0160128	4
GO:0001822	184
GO:0002003	13
GO:0002034	7
GO:0002446	9
GO:0003081	7
GO:0003084	16
GO:0004175	119
GO:0004180	39
GO:0004181	30
GO:0004222	119
GO:0005516	204
GO:0006508	633
GO:0006518	14
GO:0007283	579
GO:0008217	83
GO:0008233	560
GO:0008237	182
GO:0008238	6
GO:0008240	3
GO:0008241	3
GO:0008270	1976
GO:0008584	136
GO:0009792	22
GO:0009925	83
GO:0010608	42
GO:0010629	396
GO:0010814	3
GO:0010815	7
GO:0014910	7
GO:0031100	35
GO:0031404	12
GO:0031434	20
GO:0031526	85
GO:0031711	3
GO:0031982	171
GO:0032496	184
GO:0038166	19
GO:0042310	22
GO:0042311	67
GO:0042445	20
GO:0042447	5
GO:0042755	38
GO:0043171	17
GO:0045777	33
GO:0046325	23
GO:0048167	77
GO:0048286	62
GO:0050435	16
GO:0050482	26
GO:0050769	46
GO:0060047	24
GO:0060177	3
GO:0060978	6
GO:0070062	109
GO:0070573	9
GO:0071838	2
GO:0086091	38
GO:0090281	7
GO:0097225	62
GO:1901363	35
GO:1902033	4
GO:1903522	5
GO:1903597	2
GO:0001919	8
GO:0002076	20
GO:0003990	2
GO:0004104	2
GO:0005518	77
GO:0005604	120
GO:0005635	240
GO:0005788	130
GO:0006581	2
GO:0007416	68
GO:0008291	1
GO:0017171	10
GO:0019695	5
GO:0031594	110
GO:0031623	52
GO:0042166	12
GO:0042734	212
GO:0043083	31
GO:0043236	26
GO:0050772	36
GO:0050775	40
GO:0052689	64
GO:0060041	103
GO:0095500	38
GO:0098552	151
GO:0019915	36
GO:0034361	30
GO:0034364	35
GO:0070328	35
GO:0001707	41
GO:0005198	144
GO:0005509	705
GO:0005874	367
GO:0005882	198
GO:0005938	208
GO:0006620	13
GO:0007163	44
GO:0008017	269
GO:0010632	7
GO:0015630	282
GO:0016055	238
GO:0016477	308
GO:0022603	19
GO:0030177	45
GO:0030334	122
GO:0031344	6
GO:0032587	103
GO:0032886	13
GO:0042060	78
GO:0043001	36
GO:0045104	21
GO:0045773	46
GO:0051011	15
GO:0051239	32
GO:0051893	21
GO:0150011	6
GO:0000900	14
GO:0003723	960
GO:0003994	3
GO:0006099	35
GO:0006101	5
GO:0006417	163
GO:0006740	8
GO:0010040	8
GO:0010468	490
GO:0016829	174
GO:0030350	3
GO:0048027	26
GO:0050892	17
GO:0051536	72
GO:0051538	3
GO:0051539	44
GO:0005506	188
GO:0006102	7
GO:0043209	188
GO:0000038	21
GO:0003997	5
GO:0005504	45
GO:0005777	146
GO:0005778	58
GO:0005782	36
GO:0006091	18
GO:0006636	28
GO:0006693	43
GO:0016559	11
GO:0019395	22
GO:0030165	124
GO:0033540	9
GO:0036109	15
GO:0042759	27
GO:0050665	11
GO:0055088	57
GO:0120524	3
GO:0140493	1
GO:1901570	15
GO:0003993	9
GO:0004721	143
GO:0004725	94
GO:0004726	10
GO:0009898	118
GO:0016791	81
GO:0042383	147
GO:0001501	132
GO:0043202	27
GO:0048102	8
GO:0070305	4
GO:0007162	55
GO:0008198	35
GO:0008199	18
GO:0010936	14
GO:0030335	279
GO:0032691	33
GO:0032695	19
GO:0032720	71
GO:0032929	4
GO:0045019	20
GO:0045453	31
GO:0050728	140
GO:0050830	178
GO:0060349	39
GO:0001669	184
GO:0002077	1
GO:0004040	2
GO:0004252	204
GO:0005537	32
GO:0005798	22
GO:0007190	1
GO:0007338	114
GO:0007339	52
GO:0007340	20
GO:0007341	17
GO:0008236	184
GO:0030163	137
GO:0042806	8
GO:0043159	5
GO:0003009	28
GO:0004888	214
GO:0005230	44
GO:0005231	12
GO:0005892	17
GO:0007271	24
GO:0007274	31
GO:0007528	41
GO:0015464	15
GO:0019228	54
GO:0022848	16
GO:0035094	44
GO:0046716	27
GO:0048630	6
GO:0050881	7
GO:0050905	58
GO:0051899	41
GO:0060078	64
GO:0060079	68
GO:0070050	37
GO:0099171	60
GO:0099634	44
GO:1904315	49
GO:0001666	198
GO:0007165	2767
GO:0007585	24
GO:0014059	18
GO:0019233	59
GO:0034703	26
GO:0035095	12
GO:0042113	39
GO:0050877	96
GO:0050890	66
GO:0050997	4
GO:0060080	16
GO:0097060	103
GO:0098691	22
GO:0098878	14
GO:0098981	22
GO:0140658	20
GO:1905144	10
GO:0051952	2
GO:0001540	67
GO:0001988	1
GO:0007268	155
GO:0008179	16
GO:0010628	578
GO:0014061	6
GO:0015643	15
GO:0016324	471
GO:0017081	5
GO:0030317	183
GO:0030673	20
GO:0032094	39
GO:0032225	4
GO:0032279	24
GO:0032715	52
GO:0042110	84
GO:0042698	10
GO:0043124	105
GO:0044853	44
GO:0045471	137
GO:0048149	16
GO:0050727	103
GO:0050804	150
GO:0050808	83
GO:0050893	1
GO:0051823	6
GO:0060084	4
GO:0060112	3
GO:0097061	10
GO:0097110	91
GO:0098690	18
GO:0098815	14
GO:0098897	2
GO:0140059	13
GO:1900016	41
GO:1900273	31
GO:1904645	11
GO:1905906	3
GO:1990806	16
GO:2000463	41
GO:2001023	3
GO:0001941	2
GO:0006936	52
GO:0015267	39
GO:0015276	29
GO:0055001	33
GO:0001661	7
GO:0006939	17
GO:0021562	4
GO:0021631	5
GO:0021771	1
GO:0021952	13
GO:0021955	11
GO:0030890	51
GO:0032226	4
GO:0033603	11
GO:0035176	73
GO:0042053	9
GO:0042220	48
GO:0042320	2
GO:0045188	5
GO:0048814	26
GO:0051963	36
GO:0051969	6
GO:1904456	4
GO:0005179	134
GO:0005201	100
GO:0005581	81
GO:0006006	85
GO:0009617	280
GO:0009749	77
GO:0009967	27
GO:0010467	411
GO:0010642	10
GO:0010804	29
GO:0010906	32
GO:0030336	152
GO:0030853	9
GO:0032757	88
GO:0032869	108
GO:0033034	3
GO:0033211	8
GO:0033691	16
GO:0034115	11
GO:0034383	14
GO:0034612	34
GO:0038002	1
GO:0042593	168
GO:0043407	7
GO:0045599	54
GO:0045650	7
GO:0045721	28
GO:0045776	40
GO:0045892	651
GO:0045923	5
GO:0046326	46
GO:0046888	14
GO:0048261	7
GO:0050765	23
GO:0050805	15
GO:0050873	46
GO:0060621	3
GO:0071639	22
GO:0071872	11
GO:0071944	129
GO:0072659	163
GO:0090317	1
GO:0120163	48
GO:0141163	28
GO:1904706	34
GO:1904753	15
GO:2000279	14
GO:2000467	1
GO:2000534	1
GO:2000584	2
GO:2000590	1
GO:0001725	100
GO:0005865	14
GO:0005884	97
GO:0030017	55
GO:0030240	6
GO:0044297	122
GO:0048741	30
GO:0090131	5
GO:0000776	166
GO:0000785	525
GO:0000786	135
GO:0001738	9
GO:0002102	47
GO:0005903	85
GO:0005911	232
GO:0005912	182
GO:0005925	203
GO:0006338	308
GO:0006357	1514
GO:0007010	139
GO:0007409	118
GO:0008284	570
GO:0016363	133
GO:0016514	28
GO:0016586	15
GO:0019894	52
GO:0030071	33
GO:0030235	8
GO:0030863	34
GO:0030957	9
GO:0034333	12
GO:0035060	15
GO:0035267	28
GO:0036464	89
GO:0042981	239
GO:0043296	29
GO:0044305	37
GO:0045176	15
GO:0045582	43
GO:0045596	104
GO:0045597	78
GO:0045663	53
GO:0045893	779
GO:0048870	41
GO:0050998	23
GO:0051621	2
GO:0070160	43
GO:0070316	24
GO:0071257	14
GO:0071564	13
GO:0071565	16
GO:0071896	5
GO:0072749	1
GO:0097433	7
GO:0098685	158
GO:0098871	21
GO:0098973	8
GO:0098974	27
GO:0140092	9
GO:0140288	14
GO:0141108	4
GO:0150111	4
GO:1900242	31
GO:1902459	49
GO:1903076	29
GO:1905168	46
GO:1990904	408
GO:2000045	61
GO:2000779	29
GO:2000781	46
GO:2000819	27
GO:0000146	38
GO:0017022	29
GO:0030048	20
GO:0031032	31
GO:0031674	28
GO:0033275	2
GO:0055003	13
GO:0055008	17
GO:0060048	50
GO:0060327	5
GO:0001525	291
GO:0005200	70
GO:0005522	12
GO:0030016	55
GO:0031625	332
GO:0031941	36
GO:0043034	20
GO:0045177	146
GO:0045214	46
GO:0051492	15
GO:0071346	97
GO:0090303	31
GO:0099143	2
GO:0120192	9
GO:0120220	1
GO:1902396	7
GO:0032982	23
GO:0071354	19
GO:1905641	4
GO:0001673	88
GO:0001675	42
GO:0007286	188
GO:0009566	65
GO:0030154	1057
GO:0031514	272
GO:0003713	274
GO:0005546	97
GO:0008092	82
GO:0030018	150
GO:0030054	207
GO:0030274	8
GO:0030674	225
GO:0030864	65
GO:0031432	12
GO:0043267	14
GO:0043268	12
GO:0044325	184
GO:0048041	31
GO:0051373	5
GO:0051695	1
GO:0055013	32
GO:0070080	2
GO:0086097	4
GO:0099092	57
GO:0099103	8
GO:2000009	12
GO:2001137	6
GO:0001649	109
GO:0014728	3
GO:0014732	4
GO:0014883	10
GO:0014894	10
GO:0031448	3
GO:0045820	21
GO:0048633	6
GO:0048743	8
GO:0070885	16
GO:0090257	4
GO:0090324	8
GO:1900159	4
GO:1901078	3
GO:1903715	9
GO:1904025	1
GO:0009615	113
GO:0014829	4
GO:0030485	5
GO:0061870	3
GO:0061874	2
GO:0072051	6
GO:0072144	4
GO:2000491	11
GO:0001569	41
GO:0001655	17
GO:0001701	353
GO:0001702	26
GO:0001755	50
GO:0002526	13
GO:0003143	10
GO:0003148	30
GO:0003181	17
GO:0003183	11
GO:0003203	19
GO:0003272	12
GO:0003274	5
GO:0003289	5
GO:0004675	13
GO:0005025	5
GO:0007178	36
GO:0007179	98
GO:0007281	84
GO:0007368	86
GO:0007369	41
GO:0007498	30
GO:0009953	54
GO:0009968	72
GO:0016361	7
GO:0019838	54
GO:0030278	22
GO:0030501	46
GO:0030509	91
GO:0032924	21
GO:0032926	14
GO:0045296	68
GO:0045669	80
GO:0045944	1313
GO:0046332	57
GO:0048179	7
GO:0048185	11
GO:0050431	24
GO:0050793	35
GO:0051145	20
GO:0060037	21
GO:0060391	42
GO:0060412	48
GO:0060923	6
GO:0061445	1
GO:0062043	5
GO:0070724	4
GO:0071363	81
GO:0071773	33
GO:0098821	8
GO:1902533	43
GO:1990782	55
GO:2000017	3
GO:2000134	45
GO:2001237	47
GO:0000082	81
GO:0001942	55
GO:0006355	1358
GO:0007166	273
GO:0007399	485
GO:0009966	104
GO:0017002	4
GO:0018107	9
GO:0030279	38
GO:0030308	124
GO:0032927	7
GO:0032967	39
GO:0034711	5
GO:0038092	12
GO:0043235	210
GO:0045648	31
GO:0060936	2
GO:0070411	16
GO:0097191	47
GO:1901165	7
GO:0007154	53
GO:0007389	61
GO:0009952	127
GO:0015026	51
GO:0016362	3
GO:0023052	31
GO:0034673	3
GO:0042475	66
GO:0042713	6
GO:0043084	1
GO:0045428	11
GO:0046881	5
GO:0048706	65
GO:0060011	10
GO:0060395	28
GO:0090650	6
GO:0000122	1005
GO:0001946	15
GO:0001974	52
GO:0004712	28
GO:0019209	14
GO:0030073	45
GO:0030324	140
GO:0031016	35
GO:0035265	21
GO:0048617	11
GO:0048705	56
GO:0060021	81
GO:0060836	7
GO:0060840	18
GO:0060841	5
GO:0061298	24
GO:0061450	7
GO:0001937	33
GO:0001938	77
GO:0005024	8
GO:0008015	22
GO:0008285	389
GO:0010596	24
GO:0030513	40
GO:0030858	18
GO:0035313	16
GO:0035912	8
GO:0042118	10
GO:0043537	22
GO:0045602	8
GO:0045603	12
GO:0045747	44
GO:0045766	158
GO:0048514	37
GO:0051895	20
GO:0061154	8
GO:0090500	3
GO:1903348	10
GO:0004046	5
GO:0006083	2
GO:0006531	9
GO:0016788	37
GO:0016811	16
GO:0019807	1
GO:0048714	34
GO:0000255	12
GO:0001821	6
GO:0001829	23
GO:0001883	4
GO:0001890	60
GO:0002314	9
GO:0002636	5
GO:0002686	8
GO:0002906	5
GO:0004000	9
GO:0006154	7
GO:0006157	6
GO:0006196	12
GO:0009117	28
GO:0009168	4
GO:0010460	29
GO:0014074	9
GO:0019239	7
GO:0032261	1
GO:0032263	10
GO:0032264	9
GO:0032839	41
GO:0033081	9
GO:0033089	12
GO:0033197	10
GO:0033632	4
GO:0042323	2
GO:0043103	2
GO:0043605	14
GO:0044209	8
GO:0045187	9
GO:0045987	21
GO:0046059	7
GO:0046061	2
GO:0046085	10
GO:0046101	3
GO:0046103	3
GO:0046111	1
GO:0046638	10
GO:0046936	1
GO:0048541	10
GO:0048566	17
GO:0050850	43
GO:0050862	20
GO:0050870	39
GO:0060169	1
GO:0060205	4
GO:0060407	1
GO:0070161	423
GO:0070244	12
GO:0070256	2
GO:0140928	10
GO:0005802	221
GO:0006509	28
GO:0007219	124
GO:0007220	10
GO:0008021	183
GO:0008593	24
GO:0010820	15
GO:0016485	98
GO:0030136	82
GO:0030307	93
GO:0032760	122
GO:0034205	12
GO:0034332	34
GO:0038004	2
GO:0038135	8
GO:0042117	5
GO:0046930	13
GO:0046931	13
GO:0051089	1
GO:0061001	24
GO:0090102	39
GO:0097038	24
GO:0097197	10
GO:0098696	28
GO:0099173	22
GO:0099175	56
GO:0140249	5
GO:0140448	7
GO:1901342	2
GO:1902945	4
GO:1903265	15
GO:0033555	18
GO:0043204	222
GO:0045184	61
GO:0061367	2
GO:0061368	5
GO:0001953	19
GO:0002418	2
GO:0005178	145
GO:0005929	648
GO:0030574	41
GO:0034987	19
GO:0042246	21
GO:0045087	616
GO:0060317	14
GO:1904628	13
GO:1990910	4
GO:0002467	7
GO:0002532	10
GO:0005112	25
GO:0005138	7
GO:0010977	92
GO:0019955	39
GO:0030183	79
GO:0030512	98
GO:0032722	58
GO:0033025	1
GO:0033077	43
GO:0033627	27
GO:0038134	9
GO:0043120	7
GO:0043491	79
GO:0043536	45
GO:0045742	31
GO:0048679	10
GO:0060168	4
GO:0071679	15
GO:0140447	5
GO:1900087	45
GO:1905564	21
GO:2001222	30
GO:2000049	9
GO:0030534	48
GO:0008344	71
GO:0014037	12
GO:0022011	25
GO:0042063	11
GO:0043194	33
GO:0099645	30
GO:1903829	18
GO:0050684	18
GO:0061827	23
GO:1990913	20
GO:0003382	27
GO:1902093	13
GO:1902492	2
GO:1905867	2
GO:0000902	144
GO:0002523	19
GO:0002675	9
GO:0002693	8
GO:0006954	429
GO:0007160	96
GO:0010718	55
GO:0022407	17
GO:0032010	2
GO:0032127	4
GO:0032813	8
GO:0042581	13
GO:0043410	242
GO:0043524	203
GO:0043534	16
GO:0045089	40
GO:0045670	17
GO:0045780	25
GO:0045785	76
GO:0048247	11
GO:0048729	16
GO:0050729	108
GO:0050839	151
GO:0051044	16
GO:0051897	226
GO:0061025	30
GO:0070245	6
GO:0070820	4
GO:0071133	2
GO:0071456	139
GO:0072675	7
GO:2000309	3
GO:2000391	9
GO:2000399	1
GO:2000415	1
GO:2000418	2
GO:0010042	7
GO:0031293	13
GO:0033630	17
GO:0033631	8
GO:0034241	5
GO:0042542	46
GO:0051384	61
GO:0051549	13
GO:0001542	12
GO:0008201	171
GO:0016525	102
GO:0030198	157
GO:0060347	15
GO:1904707	48
GO:1904754	27
GO:0000149	77
GO:0003091	8
GO:0004016	12
GO:0006171	15
GO:0007191	11
GO:0007192	5
GO:0008294	5
GO:0009190	21
GO:0016849	22
GO:0031528	35
GO:0032420	63
GO:0035811	11
GO:0071380	19
GO:0071870	5
GO:0072660	3
GO:0097746	38
GO:1904117	7
GO:1904322	28
GO:0002819	9
GO:0060135	20
GO:0071285	17
GO:0071361	38
GO:0005901	96
GO:0005905	72
GO:0007616	45
GO:0010255	7
GO:0019902	63
GO:0030665	36
GO:0031915	14
GO:0032024	77
GO:0032793	9
GO:0032809	38
GO:0034199	2
GO:0038003	9
GO:0046983	183
GO:0048786	55
GO:0051259	33
GO:0051260	140
GO:0051480	49
GO:0051721	42
GO:0060076	48
GO:0071277	86
GO:0071315	3
GO:0071333	82
GO:0071377	12
GO:0080135	14
GO:0098686	70
GO:0141156	16
GO:0150076	14
GO:1900454	11
GO:0036064	337
GO:0071880	13
GO:0001541	61
GO:0002865	5
GO:0002878	1
GO:0005184	29
GO:0007188	54
GO:0007218	112
GO:0008277	42
GO:0010656	12
GO:0016521	1
GO:0031175	183
GO:0031858	1
GO:0031891	2
GO:0031892	2
GO:0032755	112
GO:0032880	111
GO:0043195	92
GO:0043547	38
GO:0045786	53
GO:0045860	17
GO:0051428	11
GO:0051968	39
GO:0060124	12
GO:0060253	19
GO:0070445	5
GO:0071651	6
GO:0090274	4
GO:0099013	9
GO:0001634	3
GO:0004930	1925
GO:0004999	3
GO:0005923	151
GO:0008528	32
GO:0010524	17
GO:0017046	41
GO:0042923	42
GO:0051057	12
GO:0060732	9
GO:1901032	1
GO:0006884	28
GO:0008093	13
GO:0008290	9
GO:0020027	6
GO:0030218	76
GO:0030507	33
GO:0030837	25
GO:0032535	7
GO:0042608	23
GO:0045807	35
GO:0048873	49
GO:0051016	21
GO:0051094	23
GO:0051130	13
GO:0061629	205
GO:1903142	8
GO:1903393	2
GO:2000026	19
GO:0030097	97
GO:0050900	26
GO:0050901	21
GO:0065003	128
GO:0005811	119
GO:0010890	3
GO:0015909	16
GO:0042149	54
GO:1905691	7
GO:0004022	8
GO:0004745	33
GO:0006068	18
GO:0032526	53
GO:0032570	33
GO:0033574	37
GO:0042572	54
GO:0042573	33
GO:0044282	7
GO:0004031	5
GO:0006067	3
GO:0010430	5
GO:0019841	13
GO:0032787	4
GO:0035276	2
GO:0048019	11
GO:0050153	1
GO:0051287	52
GO:0003016	24
GO:0018467	2
GO:0046294	3
GO:0051409	4
GO:0051775	8
GO:0051903	2
GO:0080007	2
GO:0106321	1
GO:0106322	1
GO:0004001	1
GO:0004136	3
GO:0006144	10
GO:0006166	7
GO:0006175	1
GO:0010613	30
GO:0042102	75
GO:0044342	21
GO:0046128	1
GO:0106383	3
GO:0001570	76
GO:0002026	25
GO:0002031	17
GO:0003073	29
GO:0008209	18
GO:0019731	96
GO:0031102	6
GO:0031700	1
GO:0035809	4
GO:0043116	16
GO:0045906	15
GO:0048589	38
GO:0050829	129
GO:0060670	11
GO:0060712	8
GO:0061844	134
GO:0097084	11
GO:1990410	5
GO:2001214	11
GO:0001605	4
GO:0019957	24
GO:0019958	5
GO:0002376	900
GO:0006957	13
GO:0031638	44
GO:0051604	143
GO:0000977	391
GO:0000981	1069
GO:0003682	554
GO:0005507	66
GO:0005694	698
GO:0007614	19
GO:0008013	117
GO:0009743	11
GO:0019934	25
GO:0033484	3
GO:0042277	73
GO:0044849	18
GO:0048487	45
GO:0090263	114
GO:0090575	140
GO:0001609	6
GO:0001664	79
GO:0001973	9
GO:0002087	14
GO:0002674	8
GO:0002793	5
GO:0003085	23
GO:0003093	4
GO:0006612	52
GO:0007193	77
GO:0010646	17
GO:0014050	9
GO:0023051	19
GO:0031072	76
GO:0031683	25
GO:0032229	10
GO:0032244	1
GO:0032795	10
GO:0032900	1
GO:0035306	3
GO:0035589	12
GO:0042321	3
GO:0050965	28
GO:0050995	24
GO:0050996	11
GO:0051930	20
GO:0051967	13
GO:0055089	17
GO:0055117	20
GO:0086004	19
GO:0099509	26
GO:1900453	4
GO:0001963	16
GO:0008289	367
GO:0014049	13
GO:0014057	4
GO:0031000	10
GO:0031802	6
GO:0032230	19
GO:0035249	52
GO:0035810	14
GO:0043279	10
GO:0045938	2
GO:0046636	2
GO:0048143	18
GO:0048812	87
GO:0051393	21
GO:0051881	38
GO:0051924	53
GO:0060134	22
GO:2001235	45
GO:0002882	1
GO:0010575	30
GO:0010701	7
GO:0010753	9
GO:0010893	6
GO:0032966	20
GO:0033605	5
GO:0043306	19
GO:0060087	7
GO:1990776	16
GO:0002553	8
GO:0002687	25
GO:0070257	12
GO:0003875	2
GO:0030955	14
GO:0036211	8
GO:0051725	5
GO:0000723	69
GO:0000724	111
GO:0003684	62
GO:0003824	326
GO:0003950	27
GO:0005667	300
GO:0006259	35
GO:0006284	37
GO:0006302	80
GO:0007005	159
GO:0016051	11
GO:0016540	32
GO:0016757	236
GO:0016779	109
GO:0023019	40
GO:0030331	51
GO:0030592	3
GO:0031491	34
GO:0032042	8
GO:0032700	19
GO:0032786	13
GO:0032993	60
GO:0033148	14
GO:0034244	20
GO:0034644	56
GO:0035861	99
GO:0040009	3
GO:0042826	140
GO:0043504	8
GO:0043596	20
GO:0045824	48
GO:0046697	32
GO:0048148	25
GO:0051901	11
GO:0060545	6
GO:0070212	15
GO:0070213	11
GO:0070412	28
GO:0071168	33
GO:0071451	2
GO:0071932	5
GO:0090734	45
GO:0140294	3
GO:0140537	13
GO:0140805	2
GO:0140806	12
GO:0140807	11
GO:0140808	1
GO:0140815	1
GO:0140816	1
GO:0140817	1
GO:0140822	1
GO:0140861	28
GO:0160049	20
GO:0160239	5
GO:1900182	50
GO:1903376	4
GO:1903516	1
GO:1904178	7
GO:1904179	19
GO:1904357	7
GO:1904646	44
GO:1904762	1
GO:1905051	2
GO:1990090	42
GO:1990166	26
GO:1990404	16
GO:1990966	4
GO:2001170	3
GO:0061051	18
GO:0072572	6
GO:0090649	7
GO:0110088	3
GO:0160004	4
GO:0001978	2
GO:0001987	1
GO:0001996	3
GO:0001997	3
GO:0004935	9
GO:0004937	3
GO:0006937	18
GO:0007267	87
GO:0007512	18
GO:0009725	67
GO:0014704	62
GO:0030315	69
GO:0031965	280
GO:0043278	17
GO:0045818	4
GO:0045819	7
GO:0061049	16
GO:0150099	5
GO:0001985	1
GO:0001994	3
GO:0010507	70
GO:0045760	11
GO:0060452	10
GO:0071875	11
GO:0071882	3
GO:0097195	3
GO:0098982	180
GO:0001986	1
GO:0001819	91
GO:0004938	3
GO:0006260	115
GO:0006940	16
GO:0007565	98
GO:0010700	11
GO:0030168	39
GO:0031696	2
GO:0031996	10
GO:0032870	48
GO:0042596	12
GO:0043679	110
GO:0045955	10
GO:0046676	45
GO:0048787	71
GO:0050955	5
GO:0051379	6
GO:0051380	4
GO:0061179	23
GO:0070473	2
GO:0071881	2
GO:0097305	19
GO:0000165	117
GO:0003056	5
GO:0045666	111
GO:0070474	9
GO:0031694	4
GO:0002024	16
GO:0002025	3
GO:0003061	1
GO:0004939	3
GO:0004940	1
GO:0005769	347
GO:0005980	13
GO:0007266	63
GO:0010666	29
GO:0031649	9
GO:0040015	15
GO:0043176	5
GO:0044057	5
GO:0045823	8
GO:0045986	9
GO:0098992	32
GO:0099579	4
GO:0106071	7
GO:1905665	12
GO:0001965	42
GO:0001993	1
GO:0002028	24
GO:0002086	5
GO:0003059	1
GO:0004941	2
GO:0006898	77
GO:0010667	42
GO:0010765	25
GO:0015459	48
GO:0031713	1
GO:0035255	56
GO:0045171	104
GO:0045744	17
GO:0061885	3
GO:0071869	1
GO:0072686	144
GO:0090722	5
GO:0098990	5
GO:0106134	4
GO:1901098	9
GO:1904504	5
GO:0003925	100
GO:0015052	1
GO:0031699	2
GO:0055118	4
GO:0004018	1
GO:0006164	23
GO:0006167	5
GO:0006177	9
GO:0006189	6
GO:0009060	67
GO:0009152	2
GO:0014850	38
GO:0044208	8
GO:0070626	1
GO:0097294	8
GO:0004019	2
GO:0005525	376
GO:0006163	8
GO:0006541	16
GO:0016874	135
GO:0046040	4
GO:0060359	1
GO:0008154	16
GO:0010592	30
GO:0051014	13
GO:0051693	21
GO:0060271	237
GO:0071933	17
GO:0120035	6
GO:1900480	1
GO:0001227	290
GO:1904026	3
GO:0003712	130
GO:0006325	432
GO:0035098	18
GO:0019953	12
GO:0030133	64
GO:0006955	456
GO:0036094	70
GO:0042448	16
GO:0048872	53
GO:0003948	1
GO:0001502	22
GO:0002063	22
GO:0005540	31
GO:0007417	125
GO:0030166	20
GO:0030199	61
GO:0030246	249
GO:0051216	103
GO:0072534	10
GO:0098966	6
GO:0001650	171
GO:0001774	34
GO:0001914	2
GO:0005055	4
GO:0007259	62
GO:0010508	94
GO:0010763	23
GO:0014002	16
GO:0014911	43
GO:0023056	10
GO:0023057	4
GO:0032693	21
GO:0032731	62
GO:0032735	46
GO:0034116	12
GO:0038023	301
GO:0040017	5
GO:0042104	27
GO:0042393	169
GO:0044548	14
GO:0045056	12
GO:0046330	115
GO:0048661	84
GO:0050766	72
GO:0050930	16
GO:0051054	9
GO:0051241	29
GO:0060090	214
GO:0060100	17
GO:0070379	1
GO:0072657	38
GO:0150003	4
GO:0150104	10
GO:1900271	14
GO:1900744	8
GO:1900745	29
GO:1901224	64
GO:1903523	2
GO:1904472	3
GO:1904597	2
GO:1904599	1
GO:2000105	2
GO:2000353	24
GO:2000379	36
GO:2000439	5
GO:2000514	1
GO:2000676	6
GO:2001200	4
GO:0002040	42
GO:0002092	31
GO:0002719	5
GO:0003160	3
GO:0005172	8
GO:0005902	93
GO:0007169	110
GO:0007492	43
GO:0007596	91
GO:0014842	6
GO:0030195	18
GO:0030210	10
GO:0030949	14
GO:0030971	72
GO:0031398	80
GO:0031589	24
GO:0032680	26
GO:0034394	34
GO:0042308	20
GO:0043122	42
GO:0048014	5
GO:0048018	151
GO:0050820	7
GO:0050918	47
GO:0060979	15
GO:0072012	5
GO:1900747	13
GO:1905605	5
GO:2000446	1
GO:0010812	19
GO:0014823	60
GO:0045765	38
GO:0050928	2
GO:0030297	20
GO:0001934	36
GO:0002162	12
GO:0005796	29
GO:0007009	25
GO:0007167	16
GO:0015031	655
GO:0030548	11
GO:0032092	5
GO:0035022	21
GO:0035374	10
GO:0036122	21
GO:0042030	7
GO:0043087	23
GO:0043113	39
GO:0043395	25
GO:0044089	5
GO:0044295	43
GO:0045887	3
GO:0046847	26
GO:0050807	40
GO:0051491	36
GO:0060025	6
GO:0061024	34
GO:0070507	34
GO:0071340	9
GO:0086036	9
GO:0141110	3
GO:1902667	7
GO:1903277	1
GO:1904395	12
GO:2000541	2
GO:2000673	4
GO:0008343	11
GO:0009755	40
GO:0031781	5
GO:0031782	5
GO:0048571	1
GO:0060259	18
GO:0070996	4
GO:2000253	9
GO:0004553	33
GO:0004557	2
GO:0005975	143
GO:0009311	15
GO:0016139	5
GO:0016798	90
GO:0016936	6
GO:0030431	7
GO:0031133	7
GO:0035904	42
GO:0046477	2
GO:0046479	2
GO:0051001	1
GO:0070527	36
GO:0090325	5
GO:0001543	3
GO:0001568	83
GO:0001658	53
GO:0001991	5
GO:0001998	4
GO:0001999	1
GO:0002018	4
GO:0002019	2
GO:0002027	42
GO:0002033	5
GO:0002035	5
GO:0003014	15
GO:0003051	3
GO:0003331	5
GO:0006606	118
GO:0006883	27
GO:0008065	4
GO:0008083	151
GO:0009651	13
GO:0010744	18
GO:0014824	12
GO:0014873	5
GO:0017080	32
GO:0030103	4
GO:0030432	11
GO:0031702	7
GO:0031703	2
GO:0032930	29
GO:0034104	1
GO:0035106	7
GO:0035932	4
GO:0040018	42
GO:0042756	25
GO:0043161	380
GO:0045429	52
GO:0045723	17
GO:0046622	14
GO:0046628	27
GO:0048144	32
GO:0048169	30
GO:0048659	5
GO:0048662	46
GO:0051387	5
GO:0051403	17
GO:0070294	19
GO:0070371	45
GO:0070471	1
GO:0090190	23
GO:0090205	10
GO:0110063	3
GO:1901201	4
GO:1901203	9
GO:1902632	2
GO:1902895	58
GO:1903598	7
GO:1903779	6
GO:1905010	1
GO:1905589	1
GO:2001238	43
GO:0001596	2
GO:0001921	17
GO:0002001	4
GO:0004945	5
GO:0006885	30
GO:0019722	105
GO:0031748	14
GO:0031968	1
GO:0034392	16
GO:0042416	12
GO:0043627	71
GO:0046718	69
GO:0060326	93
GO:0071549	42
GO:1903589	11
GO:1905459	2
GO:0002016	4
GO:0003071	2
GO:0007199	6
GO:0010459	14
GO:0021695	9
GO:0032304	1
GO:0035566	2
GO:0038060	11
GO:0042306	11
GO:0048147	42
GO:0060993	15
GO:0072300	3
GO:0030659	174
GO:0004760	1
GO:0006563	9
GO:0008453	3
GO:0008483	24
GO:0009436	3
GO:0016597	30
GO:0019265	2
GO:0019448	3
GO:0019752	24
GO:0030170	54
GO:0042853	3
GO:0042866	8
GO:0046487	5
GO:0046724	2
GO:0003006	18
GO:0003676	600
GO:0003690	174
GO:0003714	206
GO:0005840	246
GO:0007530	11
GO:0008134	18
GO:0008406	17
GO:0010894	7
GO:0016607	446
GO:0016922	48
GO:0030238	14
GO:0030325	27
GO:0032448	1
GO:0033144	4
GO:0033327	14
GO:0034451	144
GO:0035902	26
GO:0035987	31
GO:0043565	510
GO:0050682	3
GO:0060008	12
GO:0000976	285
GO:0000987	93
GO:0001094	10
GO:0001223	60
GO:0001782	36
GO:0001817	79
GO:0001944	35
GO:0002260	18
GO:0002841	11
GO:0003214	15
GO:0003243	1
GO:0003700	634
GO:0004879	54
GO:0006366	135
GO:0006805	108
GO:0009636	89
GO:0017025	31
GO:0017162	9
GO:0030520	19
GO:0030522	43
GO:0030850	18
GO:0030888	5
GO:0032922	74
GO:0033689	12
GO:0034504	53
GO:0034751	8
GO:0034752	1
GO:0034753	2
GO:0035166	7
GO:0040010	4
GO:0043010	87
GO:0043029	41
GO:0045668	74
GO:0045793	21
GO:0045895	1
GO:0045899	7
GO:0048608	12
GO:0048732	10
GO:0050680	85
GO:0051087	123
GO:0051879	51
GO:0052869	8
GO:0060242	3
GO:0060420	4
GO:0060729	8
GO:0060763	8
GO:0070888	60
GO:0071219	8
GO:0072102	5
GO:0097237	14
GO:0097267	6
GO:1903170	5
GO:1903409	12
GO:1903998	4
GO:1904613	3
GO:1904682	1
GO:1990841	88
GO:0033235	15
GO:0001503	165
GO:0004869	50
GO:0006953	40
GO:0030294	3
GO:0030502	17
GO:0046627	54
GO:0000932	99
GO:0004126	7
GO:0006397	409
GO:0016445	3
GO:0016446	16
GO:0016554	6
GO:0016814	1
GO:0033262	5
GO:0042742	260
GO:0044029	10
GO:0045190	22
GO:0045869	7
GO:0051607	241
GO:0070383	4
GO:0014739	1
GO:0016601	25
GO:0030046	4
GO:0050921	26
GO:0051764	15
GO:0071672	5
GO:0071673	5
GO:0071677	5
GO:0090026	23
GO:0090271	6
GO:0097178	14
GO:0097386	35
GO:0001654	63
GO:0003674	6065
GO:0005575	4419
GO:0003755	36
GO:0006626	23
GO:0010737	13
GO:0036004	2
GO:0051082	90
GO:0001674	22
GO:0002458	1
GO:0002507	3
GO:0002509	1
GO:0006959	44
GO:0045060	14
GO:0045182	19
GO:0097536	2
GO:2000410	1
GO:0001520	12
GO:0004017	9
GO:0004550	19
GO:0006139	36
GO:0006172	4
GO:0009142	6
GO:0010828	13
GO:0016776	6
GO:0019205	10
GO:0036126	186
GO:0046033	7
GO:0046034	36
GO:0046940	12
GO:0047506	2
GO:0050145	5
GO:0005758	93
GO:0097226	7
GO:0002082	12
GO:0009188	1
GO:0036430	3
GO:0036431	5
GO:0046039	18
GO:0046899	2
GO:0005741	215
GO:0019903	123
GO:0030061	16
GO:0034237	25
GO:0035305	5
GO:0061052	16
GO:0099091	11
GO:0140374	87
GO:0001835	39
GO:0035686	15
GO:0051018	29
GO:0097228	46
GO:0030030	211
GO:0097229	3
GO:0120212	19
GO:0120316	29
GO:0001958	39
GO:0004035	4
GO:0004427	5
GO:0016462	15
GO:0019725	24
GO:0030282	62
GO:0031214	36
GO:0033280	17
GO:0033883	3
GO:0034516	3
GO:0036005	1
GO:0042822	3
GO:0043262	7
GO:0046677	23
GO:0050187	1
GO:0052732	2
GO:0055062	19
GO:0055074	48
GO:0065010	2
GO:0071529	7
GO:0140651	2
GO:1904383	12
GO:0016311	10
GO:0021915	56
GO:0022008	122
GO:0036342	28
GO:0001893	12
GO:0002042	24
GO:0002181	132
GO:0002430	18
GO:0003376	17
GO:0005547	47
GO:0005819	233
GO:0005977	42
GO:0005979	13
GO:0006094	54
GO:0006412	309
GO:0006413	84
GO:0006511	248
GO:0006607	17
GO:0006888	119
GO:0006893	32
GO:0006924	6
GO:0008286	89
GO:0008637	27
GO:0009267	95
GO:0009408	45
GO:0010748	4
GO:0010907	16
GO:0010918	15
GO:0010975	50
GO:0016567	532
GO:0019900	127
GO:0021510	37
GO:0022605	3
GO:0030291	27
GO:0031145	25
GO:0031146	65
GO:0031397	59
GO:0031641	30
GO:0031663	39
GO:0031669	83
GO:0031999	5
GO:0032287	9
GO:0032436	78
GO:0032794	21
GO:0034122	20
GO:0034123	7
GO:0034142	49
GO:0034198	63
GO:0034405	9
GO:0034605	53
GO:0035519	11
GO:0035655	12
GO:0035924	26
GO:0036120	34
GO:0036294	26
GO:0036316	4
GO:0036416	14
GO:0036444	16
GO:0036499	10
GO:0038202	69
GO:0043325	30
GO:0045600	56
GO:0045724	25
GO:0045725	21
GO:0045792	13
GO:0045861	39
GO:0045947	42
GO:0045948	37
GO:0046329	34
GO:0046889	22
GO:0048009	29
GO:0048266	30
GO:0051146	21
GO:0060416	12
GO:0060627	15
GO:0060709	1
GO:0060716	28
GO:0061512	44
GO:0070141	4
GO:0070848	14
GO:0070972	9
GO:0070979	42
GO:0071260	103
GO:0071356	117
GO:0071364	50
GO:0071475	23
GO:0072350	7
GO:0072655	8
GO:0072656	5
GO:0072709	2
GO:0085020	26
GO:0090201	21
GO:0097011	14
GO:0097194	18
GO:0099104	11
GO:0106004	3
GO:0110002	1
GO:0110099	4
GO:0120283	44
GO:0140052	11
GO:0140896	29
GO:0150033	2
GO:1901653	9
GO:1902018	21
GO:1903038	6
GO:1903078	59
GO:1903384	3
GO:1903898	11
GO:1904262	66
GO:1904263	72
GO:1904515	8
GO:1904841	5
GO:1905552	3
GO:1905786	4
GO:1990418	5
GO:2000010	24
GO:2000402	5
GO:2001243	32
GO:0016529	81
GO:0032000	12
GO:0032593	10
GO:0033119	7
GO:0050821	228
GO:0050927	13
GO:0071486	3
GO:0090314	31
GO:0097473	3
GO:0140677	28
GO:1903676	3
GO:2000147	23
GO:0003870	3
GO:0006778	10
GO:0006782	9
GO:0006783	24
GO:0006784	10
GO:0006785	10
GO:0009635	6
GO:0010045	4
GO:0032025	6
GO:0033014	5
GO:0034698	6
GO:0042541	8
GO:0048821	40
GO:0070541	4
GO:1903412	2
GO:0120225	6
GO:0015723	4
GO:0019825	22
GO:0046010	9
GO:0051902	8
GO:0072341	8
GO:0072732	4
GO:0140104	13
GO:0140272	2
GO:1903981	2
GO:0001772	50
GO:0002250	481
GO:0007157	44
GO:0007411	196
GO:0008045	34
GO:0031290	22
GO:0042101	105
GO:0048846	9
GO:1990138	44
GO:0005324	18
GO:0006633	83
GO:0007031	22
GO:0015605	2
GO:0015607	1
GO:0015748	3
GO:0015910	4
GO:0015916	1
GO:0015931	3
GO:0015932	2
GO:0030497	8
GO:0031998	6
GO:0036113	1
GO:0042760	6
GO:0042886	3
GO:0042887	8
GO:0043217	6
GO:0043651	37
GO:0047617	22
GO:0051900	5
GO:0052817	2
GO:0055092	6
GO:1900407	12
GO:1901682	3
GO:1990535	14
GO:2001280	2
GO:0001758	18
GO:0002072	3
GO:0002138	6
GO:0004028	8
GO:0004029	17
GO:0006001	5
GO:0006081	13
GO:0009449	6
GO:0016620	27
GO:0018479	5
GO:0019145	2
GO:0030392	2
GO:0036438	8
GO:0042904	7
GO:0042905	1
GO:0048048	11
GO:0106373	2
GO:0110095	7
GO:0140087	2
GO:0006117	1
GO:0008631	18
GO:0008957	1
GO:0018937	1
GO:0046185	3
GO:0070404	5
GO:0106435	21
GO:1903179	1
GO:1905627	3
GO:2000377	28
GO:0004030	6
GO:0008106	21
GO:0000302	23
GO:0006714	1
GO:0007422	22
GO:0008544	87
GO:0033306	2
GO:0046292	1
GO:0046458	1
GO:0046577	1
GO:0050061	3
GO:0052814	3
GO:0102673	1
GO:0000792	64
GO:0004332	5
GO:0006000	8
GO:0006096	51
GO:0006754	25
GO:0006941	17
GO:0008360	137
GO:0019242	2
GO:0019318	11
GO:0030388	10
GO:0031430	29
GO:0051289	89
GO:0061615	6
GO:0061621	22
GO:0070061	7
GO:0099524	52
GO:0002070	12
GO:0004032	17
GO:0018505	1
GO:0019853	6
GO:0032838	3
GO:0033010	12
GO:0036130	12
GO:0042629	7
GO:0043220	17
GO:0043795	1
GO:0044597	12
GO:0044598	12
GO:0046370	3
GO:0047655	2
GO:0047939	2
GO:0047956	2
GO:0052650	14
GO:0072205	9
GO:0097454	3
GO:0004714	51
GO:0006950	55
GO:0021766	82
GO:0030298	5
GO:0036269	5
GO:0038083	5
GO:0045664	42
GO:0060159	4
GO:0080090	59
GO:0090648	4
GO:0097009	117
GO:0004052	5
GO:0016165	4
GO:0016702	17
GO:0019369	51
GO:0019372	11
GO:0033559	1
GO:0034440	10
GO:0047977	2
GO:0050473	4
GO:0051122	11
GO:0051213	85
GO:0061436	44
GO:0071396	79
GO:0090331	11
GO:1901751	1
GO:1903428	20
GO:1905956	3
GO:2001303	3
GO:2001306	1
GO:0006497	3
GO:0006665	54
GO:0046513	43
GO:0047677	1
GO:0070830	70
GO:0106237	1
GO:1990136	2
GO:0002820	2
GO:0006646	12
GO:0010811	46
GO:0030838	56
GO:0035358	2
GO:0035963	2
GO:0043277	23
GO:0106255	2
GO:1901074	1
GO:0006644	57
GO:0035360	11
GO:0036403	2
GO:0045618	16
GO:0045926	11
GO:0071926	3
GO:1901696	3
GO:0001676	30
GO:0002232	8
GO:0002540	2
GO:0004051	2
GO:0005641	14
GO:0006690	14
GO:0006691	14
GO:0019370	15
GO:0036336	8
GO:0045598	22
GO:0050796	45
GO:0061044	5
GO:0061045	13
GO:0106014	1
GO:1900015	11
GO:1901753	1
GO:1903426	9
GO:1903573	8
GO:1903671	14
GO:1904999	3
GO:2001301	1
GO:0004364	32
GO:0004464	5
GO:0004602	28
GO:0050544	9
GO:0070207	15
GO:0098869	58
GO:0015035	22
GO:0016971	3
GO:0016972	6
GO:0045953	15
GO:0097421	37
GO:0160203	3
GO:2000573	24
GO:0035115	36
GO:0035116	35
GO:0048666	85
GO:0048704	60
GO:0001228	505
GO:0007517	81
GO:0035108	34
GO:0042733	69
GO:0048513	87
GO:0048565	41
GO:0071837	22
GO:0030021	12
GO:0030345	3
GO:0016209	25
GO:0016653	4
GO:0019862	3
GO:0020037	185
GO:0034614	44
GO:0098633	3
GO:0099617	7
GO:1903606	1
GO:0004014	2
GO:0006595	12
GO:0006596	13
GO:0006597	3
GO:0008295	3
GO:0016831	25
GO:0019810	2
GO:0046500	8
GO:0031402	9
GO:0034505	6
GO:0046848	8
GO:0070166	16
GO:0097186	17
GO:0099080	1
GO:0001546	3
GO:0001880	4
GO:0005114	11
GO:0005160	17
GO:0007506	1
GO:0046546	5
GO:1990262	5
GO:2000355	2
GO:0003876	3
GO:0006188	3
GO:0034101	14
GO:0046031	2
GO:0046032	5
GO:0004478	2
GO:0006556	4
GO:0006730	19
GO:0009087	1
GO:0048269	3
GO:0004556	3
GO:0016160	4
GO:0043169	17
GO:0001878	19
GO:0004518	140
GO:0004519	89
GO:0004540	41
GO:0004549	8
GO:0009303	19
GO:0010494	106
GO:0017148	107
GO:0019732	16
GO:0032055	10
GO:0032311	8
GO:0034063	36
GO:0036417	1
GO:0042327	29
GO:0043022	84
GO:0071425	34
GO:0071470	21
GO:0003300	13
GO:0070293	9
GO:0005315	7
GO:0005347	10
GO:0030500	26
GO:0030504	2
GO:0030505	4
GO:0035435	13
GO:0071344	5
GO:1904669	10
GO:0006779	13
GO:0014731	6
GO:0031672	25
GO:0060586	35
GO:0098771	7
GO:0170014	7
GO:0000281	62
GO:0008089	30
GO:0010650	2
GO:0010960	14
GO:0016328	80
GO:0030951	5
GO:0032507	8
GO:0033268	25
GO:0033270	17
GO:0034112	7
GO:0043226	49
GO:0043266	15
GO:0045162	7
GO:0045806	15
GO:0045838	9
GO:0061564	41
GO:0071286	8
GO:0071709	7
GO:0098900	6
GO:0099159	19
GO:0099612	5
GO:0140031	11
GO:1900827	2
GO:1902260	6
GO:1903533	2
GO:1903784	2
GO:0030904	21
GO:0034058	12
GO:0042147	77
GO:0044354	8
GO:0048549	6
GO:0090160	11
GO:1901981	26
GO:0006913	68
GO:0120033	1
GO:0005471	4
GO:0005757	7
GO:0015078	29
GO:0015297	105
GO:0015866	10
GO:0017077	5
GO:0046902	15
GO:0060546	17
GO:0140021	4
GO:1901029	15
GO:1901526	17
GO:1902109	4
GO:1902600	143
GO:1990544	7
GO:1990845	15
GO:0000295	3
GO:0007059	111
GO:0051503	4
GO:0071817	5
GO:1990830	297
GO:0001786	75
GO:0005544	55
GO:0008429	15
GO:0012506	38
GO:0030496	222
GO:0032506	3
GO:0042470	98
GO:0042582	24
GO:0048306	93
GO:0051301	397
GO:0004859	6
GO:0019834	7
GO:0030670	81
GO:0043312	9
GO:0032717	15
GO:0042589	20
GO:0051059	36
GO:0140416	39
GO:0005388	11
GO:0007599	49
GO:0030672	168
GO:0050819	6
GO:0072563	2
GO:0097211	7
GO:1901317	6
GO:1902721	1
GO:0015485	51
GO:0031902	160
GO:0051283	1
GO:0051560	18
GO:0097190	67
GO:0006874	121
GO:0007207	11
GO:0009992	9
GO:0014009	15
GO:0042584	9
GO:0140523	5
GO:1904627	3
GO:0007032	46
GO:0008131	9
GO:0009308	9
GO:0048038	15
GO:0004601	35
GO:0008379	7
GO:0030099	36
GO:0042744	18
GO:0043027	27
GO:0045454	35
GO:0051920	7
GO:0140824	5
GO:0004623	32
GO:0032060	11
GO:0046475	14
GO:0047184	10
GO:0047499	10
GO:0048026	36
GO:0019677	8
GO:0043546	9
GO:0051537	29
GO:0006886	259
GO:0016192	316
GO:0030117	30
GO:0030121	11
GO:0030131	13
GO:0030276	40
GO:0032588	55
GO:0048268	19
GO:0110010	5
GO:1903232	19
GO:0006896	10
GO:0016182	4
GO:0030742	24
GO:0035615	20
GO:0035646	10
GO:0043323	3
GO:0045954	37
GO:0048488	52
GO:0032438	23
GO:0015908	35
GO:0036041	7
GO:0050872	25
GO:0051427	4
GO:0140042	21
GO:0030122	13
GO:0030141	190
GO:0048260	25
GO:0050750	27
GO:0072583	28
GO:0098843	18
GO:0098884	12
GO:1900126	4
GO:0035091	115
GO:0097718	36
GO:1902036	9
GO:0005048	3
GO:0006900	18
GO:0097494	7
GO:0098894	7
GO:1900244	13
GO:1903077	28
GO:0002224	30
GO:0002244	105
GO:0006605	45
GO:0006622	25
GO:0006882	30
GO:0019882	43
GO:0030123	13
GO:0030851	16
GO:0035654	7
GO:0042789	51
GO:0043473	44
GO:0048007	4
GO:0048490	19
GO:0051138	6
GO:0060425	30
GO:0090152	2
GO:0098773	7
GO:1904115	61
GO:1990742	9
GO:0016183	5
GO:0036465	15
GO:0006623	14
GO:0007041	23
GO:0016050	19
GO:0048499	4
GO:0098830	10
GO:0098943	2
GO:0099003	22
GO:0140916	4
GO:0000045	107
GO:0006895	13
GO:0030124	5
GO:1903361	2
GO:0008656	10
GO:0010659	9
GO:0030900	99
GO:0043293	4
GO:0048731	69
GO:0070059	40
GO:0097193	36
GO:1902510	3
GO:0021953	55
GO:0044304	9
GO:0045665	80
GO:0045739	50
GO:0048156	23
GO:0140297	197
GO:1902807	11
GO:1990761	3
GO:1990812	4
GO:1901988	3
GO:0001708	37
GO:0005813	679
GO:0005881	66
GO:0007026	38
GO:0007091	7
GO:0007094	33
GO:0009798	3
GO:0009954	28
GO:0016342	32
GO:0019827	57
GO:0019887	15
GO:0030178	60
GO:0030856	13
GO:0030877	13
GO:0031116	28
GO:0031122	48
GO:0031253	17
GO:0031274	12
GO:0034750	3
GO:0035019	74
GO:0042483	1
GO:0043409	64
GO:0043588	67
GO:0044306	26
GO:0044336	2
GO:0044337	1
GO:0045295	14
GO:0045667	22
GO:0045732	82
GO:0045736	6
GO:0051010	21
GO:0051276	73
GO:0051781	46
GO:0051988	7
GO:0060044	18
GO:0060070	91
GO:0060770	7
GO:0061582	3
GO:0070840	25
GO:0070852	11
GO:0071941	4
GO:0090090	138
GO:1904036	24
GO:1904698	1
GO:1904781	7
GO:2000211	2
GO:2000271	13
GO:0042692	23
GO:0060541	13
GO:0003691	10
GO:0003906	12
GO:0004521	38
GO:0004527	52
GO:0006308	19
GO:0006310	92
GO:0008081	61
GO:0008296	12
GO:0008309	1
GO:0008311	6
GO:0008408	17
GO:0014912	21
GO:0031490	96
GO:0033892	2
GO:0043488	42
GO:0052720	1
GO:0090580	1
GO:0097698	1
GO:0140431	2
GO:0000423	53
GO:0002718	7
GO:0005776	82
GO:0005930	142
GO:0006995	9
GO:0009620	6
GO:0016236	45
GO:0019776	3
GO:0019883	1
GO:0032480	31
GO:0034045	22
GO:0034274	6
GO:0034727	19
GO:0035973	14
GO:0039689	4
GO:0043687	27
GO:0044233	25
GO:0048840	2
GO:0050687	17
GO:0051279	18
GO:0055015	11
GO:0061684	8
GO:0061908	3
GO:0062029	6
GO:0071500	3
GO:0098930	5
GO:0099072	48
GO:0099170	34
GO:1901096	6
GO:1902017	30
GO:1902115	6
GO:1902617	5
GO:1904093	5
GO:1904973	2
GO:1990234	12
GO:0004842	242
GO:0042326	4
GO:0060544	7
GO:0061630	370
GO:0070266	16
GO:1901222	11
GO:1902916	10
GO:2000378	23
GO:0000209	164
GO:0001741	26
GO:0033209	63
GO:0035631	12
GO:0043130	102
GO:0098770	2
GO:1902443	2
GO:1902523	8
GO:1902524	3
GO:1902527	6
GO:1904975	5
GO:0019805	12
GO:0032481	61
GO:0038066	28
GO:0060785	2
GO:0070427	5
GO:0070431	15
GO:0070534	80
GO:0097039	7
GO:1902530	2
GO:0000086	44
GO:0000226	152
GO:0000228	27
GO:0000278	110
GO:0000775	162
GO:0005814	165
GO:0005876	39
GO:0007052	52
GO:0007127	14
GO:0007346	63
GO:0015631	73
GO:0031021	5
GO:0031503	22
GO:0031536	7
GO:0032133	6
GO:0045787	50
GO:0050000	3
GO:0051256	9
GO:0061178	29
GO:0061469	9
GO:0090267	11
GO:1901970	4
GO:1902425	8
GO:1903490	6
GO:1990713	1
GO:0005681	197
GO:0017134	26
GO:2000270	9
GO:0030449	9
GO:1903661	1
GO:0031695	1
GO:0046914	19
GO:0071874	3
GO:0106072	13
GO:0180011	4
GO:0001967	18
GO:0006878	18
GO:0007617	9
GO:0030901	38
GO:0097444	7
GO:0001935	24
GO:0005543	127
GO:0006656	18
GO:0006695	37
GO:0008202	147
GO:0008211	9
GO:0010903	6
GO:0018158	2
GO:0018206	1
GO:0030300	4
GO:0034190	4
GO:0034191	4
GO:0034362	14
GO:0034363	6
GO:0034365	3
GO:0034366	8
GO:0035025	29
GO:0042627	12
GO:0045499	29
GO:0050919	42
GO:0051180	9
GO:0055090	5
GO:0055102	8
GO:0060228	5
GO:0060354	6
GO:0060761	6
GO:0070508	7
GO:0070653	3
GO:0071402	6
GO:0071813	9
GO:1902995	4
GO:1903561	11
GO:0009395	23
GO:0031647	118
GO:0032375	4
GO:0034370	2
GO:0034384	6
GO:0046340	6
GO:0002227	29
GO:0006982	1
GO:0007159	33
GO:0010898	11
GO:0014012	7
GO:0019430	16
GO:0032374	5
GO:0034014	2
GO:0034371	5
GO:0034372	6
GO:0034378	10
GO:0034445	2
GO:0035634	22
GO:0046470	21
GO:0065005	1
GO:0003729	298
GO:0006641	46
GO:0010332	31
GO:0010604	26
GO:0016556	10
GO:0030895	3
GO:0035925	32
GO:0042953	18
GO:0043021	52
GO:0045293	4
GO:0048255	46
GO:0090209	7
GO:0090366	1
GO:0141166	4
GO:1903311	2
GO:2000623	9
GO:0010897	6
GO:0010900	1
GO:0010916	4
GO:0032368	4
GO:0034369	1
GO:0034382	6
GO:0034447	7
GO:0045833	6
GO:0010902	3
GO:0016004	13
GO:0042159	7
GO:0043274	29
GO:0060230	4
GO:0060697	1
GO:0006642	6
GO:0010867	19
GO:0010987	1
GO:0010989	10
GO:0019433	19
GO:0043434	78
GO:0022626	106
GO:0048678	40
GO:0060588	1
GO:0071638	9
GO:2000098	2
GO:2000405	6
GO:0002021	24
GO:0005770	172
GO:0005771	58
GO:0006707	8
GO:0010544	7
GO:0010877	1
GO:0017038	11
GO:0019068	8
GO:0031232	2
GO:0034360	1
GO:0035641	23
GO:0042982	11
GO:0043254	25
GO:0044794	12
GO:0045088	28
GO:0045541	8
GO:0046911	1
GO:0048844	30
GO:0050709	22
GO:0051055	15
GO:0051246	29
GO:0051248	9
GO:0051651	1
GO:0060999	34
GO:0061000	9
GO:0061136	20
GO:0061771	11
GO:0070326	4
GO:0071830	2
GO:0071831	1
GO:0090207	11
GO:0097006	5
GO:0097113	6
GO:0097114	5
GO:0097487	5
GO:0140077	6
GO:1900221	3
GO:1900223	7
GO:1901627	1
GO:1901631	2
GO:1902430	20
GO:1902951	5
GO:1902952	7
GO:1902991	4
GO:1902998	2
GO:1902999	1
GO:1903001	1
GO:1903002	1
GO:1905890	1
GO:1905907	12
GO:1990777	2
GO:2000822	5
GO:0007597	7
GO:0030193	10
GO:0031639	12
GO:0033033	12
GO:0034197	4
GO:0035473	10
GO:0051917	3
GO:0051918	10
GO:0060268	2
GO:0090208	3
GO:0000978	1039
GO:0001945	15
GO:0001972	20
GO:0007519	75
GO:0008585	35
GO:0009956	1
GO:0032355	93
GO:0060674	15
GO:0060707	19
GO:0060838	3
GO:1904936	13
GO:0002265	4
GO:0005109	42
GO:0005158	27
GO:0005790	30
GO:0008088	12
GO:0010971	30
GO:0014005	6
GO:0016199	7
GO:0016358	56
GO:0016504	13
GO:0030134	37
GO:0030546	8
GO:0031583	4
GO:0031901	203
GO:0033130	24
GO:0034121	9
GO:0035235	25
GO:0035253	17
GO:0040014	34
GO:0042056	42
GO:0045745	20
GO:0045752	1
GO:0045821	30
GO:0048669	2
GO:0050786	11
GO:0050803	8
GO:0051124	4
GO:0051233	28
GO:0051262	29
GO:0051425	4
GO:0051563	3
GO:0051580	9
GO:0055096	4
GO:0060291	201
GO:0070206	2
GO:0070381	3
GO:0070555	29
GO:0070851	5
GO:0097449	16
GO:0099503	11
GO:0106003	1
GO:0141137	3
GO:1900181	32
GO:1902894	28
GO:1902950	5
GO:1903381	2
GO:1904022	4
GO:1904591	4
GO:1905606	32
GO:1905607	2
GO:1905898	3
GO:1905908	3
GO:1905945	1
GO:1990000	20
GO:0002055	1
GO:0003999	1
GO:0006168	1
GO:0007595	43
GO:0007625	18
GO:0016208	20
GO:0046083	2
GO:0003094	18
GO:0003097	3
GO:0005223	7
GO:0005267	91
GO:0005372	5
GO:0006813	150
GO:0006833	18
GO:0006972	7
GO:0008519	9
GO:0010634	45
GO:0015079	3
GO:0015168	2
GO:0015250	11
GO:0015670	15
GO:0015793	6
GO:0021670	14
GO:0022857	215
GO:0030157	4
GO:0030184	1
GO:0030185	5
GO:0030950	4
GO:0032940	10
GO:0033326	5
GO:0033363	6
GO:0035377	5
GO:0035378	5
GO:0035379	5
GO:0042476	39
GO:0044241	4
GO:0046878	4
GO:0048593	31
GO:0050891	13
GO:0051458	2
GO:0070295	11
GO:0071280	18
GO:0071288	4
GO:0071472	3
GO:0071474	12
GO:0071732	18
GO:0071805	152
GO:0072220	1
GO:0072230	1
GO:0072232	1
GO:0072237	4
GO:0072239	2
GO:0072488	10
GO:0080170	4
GO:0140070	3
GO:0030042	13
GO:0042631	3
GO:0051928	33
GO:0055038	99
GO:0070382	29
GO:0098576	2
GO:0002684	17
GO:0002931	61
GO:0015166	2
GO:0015204	5
GO:0015254	4
GO:0015791	2
GO:0015840	6
GO:0071918	9
GO:0010574	5
GO:0090660	22
GO:0097450	9
GO:0046541	8
GO:0071476	12
GO:0005253	10
GO:0015112	1
GO:0015706	3
GO:0061797	2
GO:0098656	33
GO:1902476	119
GO:0015265	4
GO:0015264	1
GO:0015722	6
GO:0015843	1
GO:0019755	1
GO:0030868	8
GO:0045540	10
GO:0046691	5
GO:0072489	2
GO:0140157	1
GO:1990748	13
GO:0000398	160
GO:0003724	73
GO:0003727	50
GO:0004386	129
GO:0008380	322
GO:0034458	7
GO:0071007	40
GO:0071013	110
GO:0000979	22
GO:0001091	7
GO:0003707	17
GO:0005497	3
GO:0007620	2
GO:0008049	3
GO:0014734	2
GO:0019098	2
GO:0019102	1
GO:0030521	20
GO:0032553	2
GO:0034056	11
GO:0040011	17
GO:0043568	11
GO:0045726	3
GO:0045945	19
GO:0046661	10
GO:0048638	5
GO:0048645	7
GO:0048808	5
GO:0050681	32
GO:0060406	9
GO:0060514	1
GO:0060571	4
GO:0060599	2
GO:0060685	2
GO:0060736	10
GO:0060740	13
GO:0060742	6
GO:0060748	3
GO:0060749	19
GO:0060769	3
GO:0061458	7
GO:0070974	6
GO:0071383	15
GO:0071391	47
GO:0071394	9
GO:0072520	28
GO:0110090	2
GO:0140693	48
GO:0140694	23
GO:2000243	7
GO:0004709	23
GO:0032006	21
GO:0032434	16
GO:0003735	205
GO:0022625	65
GO:0042254	121
GO:0070180	9
GO:0071353	26
GO:0022604	33
GO:0048168	32
GO:0051028	124
GO:0071598	10
GO:0098845	7
GO:0099149	42
GO:0110077	3
GO:0170047	1
GO:1900452	12
GO:0005125	233
GO:0005154	40
GO:0060598	2
GO:0060744	6
GO:0060750	5
GO:0002090	10
GO:0019003	89
GO:0030137	19
GO:0034315	15
GO:0034379	10
GO:0045956	19
GO:0055108	2
GO:0060292	22
GO:0070142	1
GO:0097212	2
GO:0098586	58
GO:1902307	3
GO:1902824	1
GO:1902953	5
GO:1903725	2
GO:1990386	1
GO:1990583	3
GO:0006890	44
GO:0045197	21
GO:0060996	24
GO:0106274	8
GO:0030866	26
GO:0031527	19
GO:0032154	59
GO:0032456	63
GO:0034143	8
GO:0035020	11
GO:0036010	10
GO:0051489	17
GO:0060998	11
GO:0090162	15
GO:0090543	33
GO:0097284	21
GO:0099562	11
GO:0120183	8
GO:1902217	1
GO:1903438	7
GO:1905345	3
GO:2000171	12
GO:0000050	11
GO:0004053	3
GO:0006525	7
GO:0009624	15
GO:0016813	2
GO:0032964	13
GO:0042130	51
GO:0042832	43
GO:0046007	13
GO:0060336	6
GO:0070965	3
GO:1905541	2
GO:2000552	3
GO:0001657	48
GO:0002829	7
GO:0032651	8
GO:0032696	5
GO:0045988	4
GO:0071641	3
GO:0071644	1
GO:0071650	5
GO:1900425	4
GO:1905403	2
GO:2000562	13
GO:2000774	14
GO:0002363	1
GO:0003100	5
GO:0003189	1
GO:0007019	20
GO:0007264	112
GO:0021795	13
GO:0021861	9
GO:0031098	10
GO:0032467	37
GO:0033688	3
GO:0034329	14
GO:0035385	7
GO:0036089	7
GO:0043149	24
GO:0043297	8
GO:0043366	3
GO:0043931	14
GO:0044319	16
GO:0045198	18
GO:0050773	23
GO:0051022	4
GO:0051964	9
GO:0061430	6
GO:0071526	43
GO:0071803	14
GO:0071902	6
GO:0090051	17
GO:0090307	46
GO:0097498	2
GO:1902766	2
GO:1903673	1
GO:1904695	2
GO:1904996	12
GO:1905274	15
GO:1990869	18
GO:2000177	16
GO:2000672	13
GO:0008333	49
GO:0071479	43
GO:0031334	53
GO:0008543	51
GO:0030031	20
GO:0030032	38
GO:0071774	11
GO:0002053	36
GO:0005096	242
GO:0008361	23
GO:0030879	68
GO:0051497	34
GO:0005094	3
GO:0035023	33
GO:1901164	6
GO:0002080	40
GO:0048672	10
GO:0003357	6
GO:0021523	3
GO:0021623	2
GO:0021642	1
GO:0021703	1
GO:0043576	10
GO:0048485	18
GO:0048486	3
GO:0048857	3
GO:0001892	34
GO:0046886	4
GO:0070314	11
GO:0016605	113
GO:0032007	31
GO:0033391	18
GO:0042176	25
GO:0042634	7
GO:0042753	14
GO:0043425	33
GO:0050767	51
GO:0060137	8
GO:0090403	4
GO:1901985	3
GO:1990513	5
GO:2000074	3
GO:2000323	8
GO:2001016	4
GO:0005885	9
GO:0034314	16
GO:0036284	1
GO:0016763	12
GO:0033017	39
GO:0003953	4
GO:0019897	10
GO:0030116	4
GO:0035860	11
GO:0061146	3
GO:0097021	8
GO:0016339	36
GO:0021759	4
GO:0021772	30
GO:0021800	4
GO:0021831	2
GO:0021846	19
GO:0021853	6
GO:0048663	41
GO:0050678	31
GO:0072148	9
GO:0003943	1
GO:0004065	8
GO:0008484	11
GO:0009268	16
GO:0030207	6
GO:0030209	5
GO:0043890	2
GO:0051597	6
GO:0061580	1
GO:0097065	6
GO:0004098	1
GO:0017040	6
GO:0017064	3
GO:0030216	80
GO:0046514	6
GO:0050810	11
GO:0062098	1
GO:0004873	1
GO:0038187	54
GO:0009100	16
GO:0044322	15
GO:0006887	129
GO:0030318	21
GO:0031489	20
GO:0032400	7
GO:0032402	15
GO:0032585	28
GO:0033093	7
GO:0036257	1
GO:0043316	2
GO:0043320	8
GO:0045921	31
GO:0051875	2
GO:0051904	2
GO:0071985	20
GO:0097278	2
GO:1903307	6
GO:1903435	1
GO:1990182	5
GO:0000052	3
GO:0000053	2
GO:0004055	1
GO:0006526	4
GO:0007494	9
GO:0008652	26
GO:0010046	4
GO:0014075	14
GO:0043200	24
GO:0060539	10
GO:0070542	28
GO:0071230	144
GO:0071242	6
GO:0071400	3
GO:0071418	4
GO:0071499	6
GO:0007158	8
GO:0045662	33
GO:0071559	15
GO:1904059	3
GO:0004057	1
GO:0010498	40
GO:0044314	16
GO:0071211	12
GO:0071596	6
GO:0045740	34
GO:1990589	4
GO:1990590	2
GO:0001865	9
GO:0003151	70
GO:0003360	7
GO:0003418	3
GO:0003419	3
GO:0006970	13
GO:0007033	13
GO:0007254	49
GO:0008140	10
GO:0010485	14
GO:0016602	6
GO:0021742	1
GO:0021743	1
GO:0021754	3
GO:0031573	16
GO:0032915	3
GO:0035497	13
GO:0043522	21
GO:0044013	2
GO:0045815	47
GO:0051091	15
GO:0060052	11
GO:0060245	1
GO:0060612	54
GO:0070342	3
GO:0072740	3
GO:0097049	8
GO:0110024	3
GO:1902110	5
GO:1902562	4
GO:1902742	12
GO:1990144	3
GO:1990253	13
GO:0030968	60
GO:0034341	39
GO:0035914	58
GO:1903984	1
GO:1990622	2
GO:0007214	34
GO:0032590	43
GO:0034399	21
GO:0035162	23
GO:0045943	25
GO:0070169	5
GO:0070309	8
GO:0070982	1
GO:0097250	11
GO:0140296	14
GO:0140467	6
GO:0140468	9
GO:0160144	6
GO:1903377	14
GO:1905461	10
GO:1990037	3
GO:1990617	2
GO:1990737	2
GO:2000120	3
GO:0000077	50
GO:0000425	17
GO:0000729	15
GO:0000781	140
GO:0002331	4
GO:0004677	2
GO:0006513	56
GO:0007095	41
GO:0007140	37
GO:0007143	14
GO:0007292	12
GO:0008340	54
GO:0008630	55
GO:0010212	49
GO:0010506	63
GO:0010557	28
GO:0016303	10
GO:0030330	44
GO:0030889	21
GO:0032210	5
GO:0032212	25
GO:0033151	10
GO:0035979	3
GO:0036092	20
GO:0043517	14
GO:0045141	11
GO:0046777	68
GO:0048599	21
GO:0070192	9
GO:0071044	14
GO:0071480	30
GO:0071481	11
GO:0090399	13
GO:0097694	2
GO:0097695	1
GO:0098850	25
GO:0110025	14
GO:1901797	16
GO:1903626	1
GO:1903978	4
GO:1904354	5
GO:1904358	6
GO:1904884	2
GO:1990391	15
GO:2000785	16
GO:2000786	24
GO:0007423	35
GO:0014014	2
GO:0021987	90
GO:0042472	75
GO:0042491	22
GO:0042667	1
GO:0042668	1
GO:0045609	2
GO:0048839	69
GO:0097402	8
GO:2000982	1
GO:0021542	31
GO:0007405	27
GO:0035881	11
GO:0045165	82
GO:0048709	44
GO:0097475	13
GO:0021870	3
GO:0021954	31
GO:0032502	47
GO:0048469	42
GO:0071542	33
GO:2000979	2
GO:0030902	23
GO:0035883	9
GO:0060290	11
GO:0006825	10
GO:0016531	3
GO:0032767	3
GO:0060003	3
GO:1903136	9
GO:0005391	10
GO:0005890	12
GO:0007231	9
GO:0008556	6
GO:0010248	12
GO:0030007	19
GO:0030506	24
GO:0031090	45
GO:0031947	1
GO:0036376	15
GO:0043548	29
GO:0045822	5
GO:0045989	2
GO:0055078	16
GO:0060081	13
GO:0086009	13
GO:1903416	5
GO:1990239	6
GO:1990573	44
GO:0001671	27
GO:0010882	7
GO:0030001	37
GO:0055119	9
GO:0141109	12
GO:1903169	9
GO:1903278	10
GO:1903288	10
GO:0001895	20
GO:0001917	76
GO:0021678	5
GO:0021944	1
GO:0044298	3
GO:0061744	36
GO:0098984	10
GO:0120036	5
GO:1903976	2
GO:0043269	9
GO:0099106	9
GO:0005338	3
GO:0005793	91
GO:0006942	6
GO:0030899	4
GO:0031673	2
GO:0032470	3
GO:0032471	6
GO:0051561	9
GO:0051659	1
GO:0070296	6
GO:0070509	28
GO:0090076	3
GO:1901896	3
GO:1902082	2
GO:1990036	3
GO:0003012	5
GO:0005246	46
GO:0006984	1
GO:0008016	32
GO:0014801	2
GO:0014898	23
GO:0016240	8
GO:0031234	14
GO:0031775	1
GO:0032469	21
GO:0033292	8
GO:0061831	5
GO:0086039	1
GO:0090534	2
GO:0097470	12
GO:0098909	7
GO:0106222	34
GO:0120025	31
GO:0140056	5
GO:1903233	2
GO:1903515	2
GO:1990456	10
GO:0021549	63
GO:0021692	4
GO:0021702	18
GO:0021707	9
GO:0032591	20
GO:0035254	18
GO:0042428	10
GO:0045299	4
GO:0046068	5
GO:0050910	22
GO:0060088	26
GO:0060113	10
GO:0098684	18
GO:0098688	46
GO:1905059	1
GO:0005889	2
GO:0008900	3
GO:0010155	6
GO:0045851	7
GO:0006486	178
GO:0015986	17
GO:0032559	1
GO:0042288	29
GO:0042776	62
GO:0043532	4
GO:0045259	21
GO:0046933	15
GO:0006933	4
GO:0030228	3
GO:0046961	24
GO:0051453	29
GO:0098761	17
GO:0015252	10
GO:0022834	7
GO:0033177	5
GO:0150034	11
GO:0032307	2
GO:1900139	3
GO:0000221	12
GO:0033176	13
GO:0033180	9
GO:0036295	8
GO:0042592	10
GO:0097401	20
GO:1904949	14
GO:0007035	13
GO:0000220	10
GO:0007034	18
GO:0016471	16
GO:0033179	10
GO:0033181	2
GO:0033178	2
GO:0016241	14
GO:0001836	28
GO:0005375	8
GO:0006568	5
GO:0006570	5
GO:0006584	8
GO:0009101	19
GO:0010273	7
GO:0015677	7
GO:0016532	3
GO:0019829	13
GO:0021860	10
GO:0030140	20
GO:0031069	39
GO:0033162	22
GO:0034760	4
GO:0042093	5
GO:0042414	2
GO:0042415	12
GO:0042417	20
GO:0042421	10
GO:0043682	2
GO:0045914	2
GO:0048023	10
GO:0048251	11
GO:0050679	90
GO:0098588	16
GO:0140581	2
GO:1903036	1
GO:0051208	3
GO:0061092	4
GO:0140331	6
GO:0140346	5
GO:1990531	13
GO:1903542	4
GO:1905279	4
GO:2001135	9
GO:0140345	6
GO:0140351	3
GO:1903527	4
GO:0051346	2
GO:0051882	8
GO:0072593	44
GO:0140260	2
GO:1901030	9
GO:1903052	8
GO:1903214	6
GO:1903578	3
GO:1905091	11
GO:1905707	1
GO:0007042	16
GO:0008553	5
GO:0000064	5
GO:0001618	50
GO:0005290	5
GO:0006865	72
GO:0015171	22
GO:0015174	7
GO:0015189	7
GO:0015807	7
GO:0015819	3
GO:0015822	4
GO:0061459	14
GO:0089718	15
GO:0097638	5
GO:1903352	3
GO:1903401	9
GO:1903810	2
GO:1903826	16
GO:0002537	2
GO:0005289	2
GO:0005292	2
GO:0006809	16
GO:0015179	23
GO:0042116	25
GO:0043030	13
GO:0097626	1
GO:0097627	1
GO:0097639	2
GO:0097640	2
GO:1902475	13
GO:0042552	91
GO:0003680	10
GO:0042162	28
GO:0042752	67
GO:0045727	94
GO:0051602	31
GO:0061158	18
GO:0070934	11
GO:0071392	36
GO:0097167	2
GO:0106002	6
GO:1900152	9
GO:1901355	4
GO:1904355	8
GO:1904586	1
GO:1990828	1
GO:2000767	16
GO:0003730	106
GO:0004300	7
GO:0004490	1
GO:0006552	7
GO:0009083	14
GO:0050011	1
GO:0030970	17
GO:0031624	37
GO:0034389	18
GO:0036503	92
GO:0061724	3
GO:1990044	4
GO:0001964	26
GO:0002009	63
GO:0007156	167
GO:0032421	16
GO:0050953	13
GO:0050957	8
GO:0050973	2
GO:0060013	11
GO:0060122	33
GO:1905515	62
GO:0004303	17
GO:0016616	61
GO:0045550	12
GO:0047718	3
GO:0002125	4
GO:0005185	2
GO:0007621	4
GO:0031394	12
GO:0031894	2
GO:0031895	1
GO:0032849	5
GO:0042711	19
GO:0051970	6
GO:1904612	6
GO:1990089	3
GO:0001992	5
GO:0005000	7
GO:0021537	37
GO:0002039	77
GO:0009950	11
GO:0030511	32
GO:0044725	10
GO:0048318	8
GO:0048320	2
GO:0048468	44
GO:0060322	29
GO:0060828	32
GO:0070016	9
GO:1904885	1
GO:1990756	169
GO:1990909	12
GO:2000060	27
GO:0001957	6
GO:0003139	11
GO:0003180	29
GO:0003413	6
GO:0030111	25
GO:0032423	1
GO:0043570	4
GO:0061181	3
GO:0070602	2
GO:0072089	23
GO:0001580	48
GO:0001916	56
GO:0002476	40
GO:0002486	40
GO:0002177	28
GO:0007288	37
GO:0010824	20
GO:0035735	7
GO:0035869	41
GO:0042073	41
GO:0071539	27
GO:0090316	27
GO:1905198	14
GO:1990953	2
GO:0002237	10
GO:0002474	32
GO:0002481	3
GO:0002502	8
GO:0002503	11
GO:0002726	15
GO:0003254	11
GO:0006826	37
GO:0006968	14
GO:0007608	1171
GO:0010038	16
GO:0019885	6
GO:0019886	21
GO:0023026	13
GO:0033572	12
GO:0034756	2
GO:0034757	4
GO:0042026	23
GO:0042605	71
GO:0042612	30
GO:0042613	12
GO:0042824	18
GO:0045646	10
GO:0050768	35
GO:0050778	36
GO:0071281	8
GO:0071283	3
GO:0071316	10
GO:1990712	6
GO:2000978	4
GO:0002152	1
GO:0006544	9
GO:0006637	33
GO:0006699	20
GO:0008206	25
GO:0016410	12
GO:0016790	15
GO:0019530	8
GO:0033882	2
GO:0047963	1
GO:0052815	2
GO:0052816	16
GO:0098531	3
GO:0051170	8
GO:0090721	1
GO:0006007	6
GO:0008625	36
GO:0019221	136
GO:0030346	9
GO:0033668	1
GO:0043422	17
GO:0045579	18
GO:0045862	26
GO:0050673	32
GO:0052151	2
GO:0090200	28
GO:0097138	2
GO:0097192	37
GO:0140608	8
GO:1902220	1
GO:1904710	1
GO:2000078	2
GO:0000774	14
GO:0006457	161
GO:0014040	4
GO:0034393	7
GO:0051219	56
GO:0070585	14
GO:0001776	10
GO:0001783	14
GO:0002262	14
GO:0002352	2
GO:0008053	24
GO:0010225	10
GO:0015288	6
GO:0031018	25
GO:0044346	6
GO:0048597	6
GO:0051400	12
GO:0060068	12
GO:0070242	6
GO:0097136	8
GO:0097145	2
GO:1902262	6
GO:0032331	25
GO:0042474	27
GO:0055123	9
GO:0060576	16
GO:0000152	7
GO:0006282	55
GO:0031436	2
GO:0035825	12
GO:0042325	2
GO:0044818	21
GO:0046826	9
GO:0070531	9
GO:0070532	4
GO:0070533	6
GO:2000001	16
GO:0009888	62
GO:0045446	13
GO:0014902	21
GO:0001777	1
GO:0002358	2
GO:0002904	5
GO:0006808	2
GO:0007006	10
GO:0007548	18
GO:0008283	152
GO:0009611	106
GO:0010917	14
GO:0021854	13
GO:0030544	62
GO:0032976	1
GO:0033599	4
GO:0035234	23
GO:0043523	36
GO:0043653	11
GO:0045136	2
GO:0046666	3
GO:0048087	2
GO:0048515	16
GO:0051204	6
GO:0051434	8
GO:0060058	5
GO:0072332	29
GO:0097144	1
GO:0097435	15
GO:1902108	8
GO:1902263	3
GO:1902445	3
GO:1902512	6
GO:1904037	13
GO:1990117	2
GO:2001234	46
GO:2001241	15
GO:2001244	39
GO:0002682	59
GO:0042092	9
GO:0070973	8
GO:0002639	34
GO:0007062	16
GO:0033147	16
GO:0033218	4
GO:0033600	7
GO:0035632	2
GO:0039529	8
GO:0046625	6
GO:0060762	5
GO:0098800	2
GO:1900208	2
GO:1904959	2
GO:0004084	2
GO:0009081	3
GO:0009082	2
GO:0009098	2
GO:0009099	3
GO:0052654	2
GO:0052655	2
GO:0052656	2
GO:0006549	1
GO:0006550	5
GO:0006551	2
GO:0006573	2
GO:0010817	10
GO:0014016	8
GO:0033265	6
GO:0051593	7
GO:0003863	2
GO:0016624	6
GO:0120552	4
GO:0160157	4
GO:0009063	6
GO:0004722	88
GO:0004740	5
GO:0006574	5
GO:0008610	37
GO:0010510	7
GO:0016772	14
GO:0045252	8
GO:0047323	1
GO:0140096	5
GO:0002096	2
GO:0012501	48
GO:0016064	152
GO:0032449	4
GO:0038061	30
GO:0045576	13
GO:0050700	13
GO:0050856	8
GO:0051092	51
GO:0061760	17
GO:0070231	9
GO:1900119	22
GO:0001656	45
GO:0001952	13
GO:0002320	9
GO:0002326	5
GO:0002360	6
GO:0002520	6
GO:0002903	22
GO:0006582	4
GO:0009887	140
GO:0010039	19
GO:0010224	9
GO:0010523	4
GO:0014031	8
GO:0014042	7
GO:0016248	3
GO:0021747	4
GO:0022612	8
GO:0030217	55
GO:0031103	22
GO:0032835	16
GO:0032848	1
GO:0040008	26
GO:0043067	16
GO:0043375	2
GO:0043583	19
GO:0045069	9
GO:0045636	5
GO:0046671	3
GO:0048066	19
GO:0048070	6
GO:0048546	21
GO:0048753	2
GO:0048864	12
GO:0060218	33
GO:0070227	3
GO:0070229	2
GO:0070233	16
GO:2000669	8
GO:2000811	15
GO:2001240	35
GO:0009314	17
GO:0032465	40
GO:0032946	5
GO:0036466	4
GO:0044565	3
GO:0046898	3
GO:0051020	48
GO:0051093	20
GO:0051707	18
GO:0071312	7
GO:0071839	1
GO:0097371	15
GO:1900118	8
GO:1901654	4
GO:1902042	30
GO:1902230	15
GO:1902236	19
GO:2000242	11
GO:2000302	4
GO:2000809	8
GO:2001171	17
GO:0031023	13
GO:0089720	15
GO:0035795	3
GO:0001818	43
GO:0002268	2
GO:0002315	10
GO:0002455	13
GO:0019730	4
GO:0032733	46
GO:0032996	1
GO:0033257	2
GO:0042088	7
GO:0042771	34
GO:0045064	7
GO:0046426	21
GO:0001161	4
GO:0001222	68
GO:0005657	31
GO:0021859	6
GO:0031507	84
GO:0032764	3
GO:0032945	2
GO:0042129	16
GO:0042382	9
GO:0043380	1
GO:0045591	16
GO:0045629	7
GO:0045746	40
GO:0048294	3
GO:0051251	5
GO:0061485	2
GO:1900099	2
GO:1903037	14
GO:0008020	10
GO:0009584	10
GO:0009881	10
GO:0016038	3
GO:0071482	14
GO:0071492	12
GO:0120199	10
GO:0004947	2
GO:0002438	9
GO:0003008	87
GO:0031698	10
GO:0035633	13
GO:1902219	4
GO:1902239	1
GO:0005163	5
GO:0005169	2
GO:0006120	26
GO:0007406	16
GO:0007412	4
GO:0007631	33
GO:0008038	2
GO:0010832	17
GO:0014047	12
GO:0021675	25
GO:0031099	3
GO:0038180	14
GO:0042490	7
GO:0043069	31
GO:0045843	10
GO:0046668	3
GO:0048170	11
GO:0048172	21
GO:0048668	14
GO:0048670	2
GO:0048675	33
GO:0048680	12
GO:0061193	2
GO:0097484	11
GO:0099183	4
GO:1990708	14
GO:2000324	7
GO:0000137	11
GO:0005484	36
GO:0005801	41
GO:0031201	47
GO:0031985	17
GO:0048280	10
GO:0140678	48
GO:0005123	15
GO:0005212	25
GO:0045109	73
GO:0070307	9
GO:0004565	5
GO:0005773	22
GO:0006516	14
GO:0006689	8
GO:0019388	6
GO:0042340	2
GO:0051413	1
GO:1904016	2
GO:0008147	3
GO:0032571	5
GO:0060348	96
GO:1900076	11
GO:0001956	13
GO:1903011	5
GO:2000224	6
GO:0005539	28
GO:0050840	33
GO:0061975	8
GO:0006577	1
GO:0006579	2
GO:0008168	176
GO:0009086	11
GO:0032259	175
GO:0047150	2
GO:0071267	3
GO:0031871	3
GO:0033365	2
GO:0034452	12
GO:0045505	40
GO:0072385	3
GO:0072393	2
GO:1900737	2
GO:0034263	3
GO:0042775	12
GO:0090150	13
GO:0097345	8
GO:0051365	4
GO:0005740	21
GO:0035148	10
GO:0046620	9
GO:0070230	3
GO:0070234	10
GO:0097140	1
GO:0097141	1
GO:0001763	12
GO:0003170	13
GO:0003279	20
GO:0003281	41
GO:0031665	9
GO:0032823	3
GO:0033082	2
GO:0042462	23
GO:0048869	1
GO:0051136	2
GO:0060040	10
GO:0060976	43
GO:1990226	19
GO:1990654	1
GO:0000403	4
GO:0000800	19
GO:0003678	37
GO:0003697	128
GO:0008094	30
GO:0009378	6
GO:0010165	20
GO:0016818	11
GO:0031297	41
GO:0031422	4
GO:0032392	7
GO:0033092	7
GO:0043138	13
GO:0045120	15
GO:0045910	17
GO:0045950	4
GO:0046641	8
GO:0051782	7
GO:0051880	10
GO:0061749	2
GO:0061820	9
GO:0061821	5
GO:0061849	2
GO:0071139	5
GO:0072711	13
GO:0072757	6
GO:1905773	4
GO:1990414	7
GO:0006935	140
GO:0016493	24
GO:0016494	9
GO:0030595	22
GO:0048535	33
GO:0070098	58
GO:0000151	103
GO:0006346	25
GO:0021903	3
GO:0031519	28
GO:0035102	18
GO:0045814	45
GO:0048103	11
GO:0051443	2
GO:0061484	32
GO:0071347	60
GO:0071535	3
GO:0090183	2
GO:0097027	9
GO:2000011	2
GO:0061036	17
GO:0010611	2
GO:0010614	21
GO:0031433	7
GO:0033612	8
GO:0051240	34
GO:0055002	6
GO:0055009	8
GO:0055010	28
GO:0060045	31
GO:0060298	6
GO:1903242	2
GO:2000138	3
GO:0001837	55
GO:0002062	62
GO:0003007	80
GO:0003129	8
GO:0003133	1
GO:0003176	8
GO:0003210	2
GO:0006029	9
GO:0019211	5
GO:0021978	8
GO:0021983	29
GO:0030316	45
GO:0031648	64
GO:0032348	4
GO:0035051	1
GO:0035054	3
GO:0036305	13
GO:0039706	12
GO:0042482	6
GO:0042487	9
GO:0043569	9
GO:0045778	25
GO:0048660	14
GO:0048711	14
GO:0048762	14
GO:0051042	1
GO:0051148	12
GO:0060039	10
GO:0060128	3
GO:0060129	6
GO:0060426	12
GO:0060485	13
GO:0061035	6
GO:0070700	14
GO:0072138	2
GO:0150005	3
GO:1901331	7
GO:1905072	6
GO:1905222	5
GO:2000065	4
GO:2000726	8
GO:0001759	15
GO:0001823	14
GO:0001936	7
GO:0002043	6
GO:0003149	10
GO:0003150	6
GO:0003184	18
GO:0003197	14
GO:0003198	13
GO:0003215	14
GO:0003277	1
GO:0003323	17
GO:0007500	1
GO:0009948	24
GO:0010159	3
GO:0010453	4
GO:0021904	33
GO:0030224	19
GO:0030225	35
GO:0030326	65
GO:0030510	15
GO:0033085	8
GO:0033088	6
GO:0035990	3
GO:0035993	3
GO:0042305	4
GO:0043068	17
GO:0043408	50
GO:0045606	7
GO:0045839	10
GO:0048333	13
GO:0048392	1
GO:0048598	35
GO:0048646	33
GO:0048701	38
GO:0048715	18
GO:0048745	22
GO:0048863	73
GO:0051150	4
GO:0055020	1
GO:0060235	7
GO:0060272	11
GO:0060363	5
GO:0060429	22
GO:0060433	2
GO:0060438	5
GO:0060440	7
GO:0060441	27
GO:0060442	7
GO:0060449	7
GO:0060502	3
GO:0060503	1
GO:0060512	5
GO:0060592	1
GO:0060684	4
GO:0060686	4
GO:0060687	6
GO:0060688	5
GO:0061047	3
GO:0061626	13
GO:0070368	3
GO:0070372	40
GO:0072104	3
GO:0072125	3
GO:0072179	4
GO:0072197	9
GO:0072200	1
GO:0090189	3
GO:0090191	2
GO:0090194	1
GO:0090596	3
GO:1902462	7
GO:1904238	6
GO:1905312	3
GO:1905332	3
GO:1905770	1
GO:2000005	1
GO:2000007	1
GO:2000636	2
GO:0003344	8
GO:0021502	3
GO:0030539	18
GO:0048738	34
GO:0060411	16
GO:0060710	10
GO:0061384	8
GO:1905069	4
GO:0031666	11
GO:0032026	15
GO:0032332	22
GO:0032349	3
GO:0043117	16
GO:1903392	2
GO:2000048	10
GO:2000860	3
GO:0007435	11
GO:0009880	34
GO:0035239	11
GO:0048596	19
GO:0048754	39
GO:0060445	15
GO:0070487	6
GO:0072040	1
GO:0072133	3
GO:0072134	2
GO:0072136	3
GO:0090336	18
GO:1900106	3
GO:0017015	22
GO:0090100	1
GO:0003161	6
GO:0003171	5
GO:0003186	5
GO:0003222	17
GO:0003223	8
GO:0007398	10
GO:0010665	2
GO:0014032	26
GO:0021998	1
GO:0035137	13
GO:0045601	5
GO:0048339	13
GO:0048352	1
GO:0048368	5
GO:0048378	2
GO:0048382	10
GO:0048568	55
GO:0060043	11
GO:0060896	1
GO:0060914	6
GO:0060928	4
GO:1904414	1
GO:1905285	1
GO:1905292	1
GO:1905295	1
GO:0001550	4
GO:0006703	11
GO:0060350	10
GO:1902043	13
GO:1902731	5
GO:0001558	62
GO:0003177	5
GO:0003252	2
GO:0014916	3
GO:0048842	7
GO:0060173	66
GO:0060413	14
GO:0072577	8
GO:1905314	2
GO:0000182	6
GO:0001216	25
GO:0006356	2
GO:0031981	36
GO:1900195	3
GO:0001824	41
GO:0007098	46
GO:0031616	18
GO:0010637	9
GO:0016239	32
GO:0035694	8
GO:0043243	5
GO:0045837	5
GO:0055093	12
GO:0061709	21
GO:0061753	9
GO:0071279	3
GO:0090141	24
GO:0140506	4
GO:0140507	11
GO:0140580	1
GO:1903599	3
GO:0005521	17
GO:0035794	4
GO:1901524	10
GO:0010831	14
GO:0042800	17
GO:0140999	10
GO:0000027	13
GO:0000448	3
GO:0000460	15
GO:0000463	17
GO:0000466	5
GO:0006364	155
GO:0030687	15
GO:0042273	38
GO:0070545	3
GO:1901796	13
GO:0001931	13
GO:0050848	14
GO:0061809	18
GO:0090022	4
GO:0004082	3
GO:0004619	3
GO:0006753	4
GO:0015671	17
GO:0016868	7
GO:0060856	12
GO:0000793	40
GO:0000794	56
GO:0006301	9
GO:0007549	1
GO:0042307	55
GO:0043009	13
GO:0044027	19
GO:0051298	19
GO:0051865	73
GO:0060816	21
GO:0070013	13
GO:0070063	23
GO:0071681	5
GO:0000722	11
GO:0001556	27
GO:0001833	18
GO:0006289	36
GO:0007141	30
GO:0010484	8
GO:0031619	3
GO:0033593	1
GO:0043015	35
GO:0070200	8
GO:0090398	45
GO:1990426	2
GO:0000288	15
GO:0003342	3
GO:0006402	46
GO:0010837	9
GO:0031086	2
GO:0031440	7
GO:0044344	30
GO:0045577	14
GO:0045616	13
GO:0045647	11
GO:0045657	10
GO:0045661	7
GO:0071375	22
GO:0071385	30
GO:0072091	14
GO:0097403	3
GO:1900153	14
GO:1901991	6
GO:1902172	2
GO:1904582	3
GO:0060216	18
GO:2000737	22
GO:0004946	3
GO:0008188	22
GO:0031989	3
GO:0000922	157
GO:0060711	15
GO:0061631	39
GO:0003407	19
GO:0030593	59
GO:0046598	13
GO:0046689	8
GO:0070593	14
GO:0098632	36
GO:1904466	4
GO:0004857	62
GO:0008090	12
GO:0019898	10
GO:0045503	12
GO:0048788	2
GO:0048790	10
GO:0060077	27
GO:0097091	11
GO:0098683	7
GO:0098693	19
GO:0098831	19
GO:0098882	9
GO:1904071	3
GO:1990257	2
GO:1990709	3
GO:0038138	7
GO:0045840	32
GO:0014816	9
GO:0014901	4
GO:0014908	4
GO:0030033	8
GO:0032534	7
GO:0043403	29
GO:0043426	8
GO:0061586	1
GO:1990859	13
GO:0043085	7
GO:0060213	13
GO:0001780	15
GO:0001805	4
GO:0001812	8
GO:0002344	3
GO:0030167	3
GO:0050864	5
GO:0050869	9
GO:0061516	1
GO:0070664	3
GO:0071226	5
GO:0141111	8
GO:0150153	1
GO:1900227	36
GO:1901647	3
GO:1990959	3
GO:0006470	23
GO:0019005	67
GO:0033598	10
GO:0045309	4
GO:0050860	28
GO:0060444	14
GO:0070936	110
GO:1990757	13
GO:0000779	23
GO:0000940	22
GO:0007063	1
GO:0051754	6
GO:0051983	11
GO:0140995	1
GO:2000720	1
GO:0033045	2
GO:0033597	4
GO:0071459	7
GO:0008608	19
GO:0034501	12
GO:0051321	195
GO:1990298	1
GO:0006694	73
GO:0006821	83
GO:0008347	13
GO:0008503	11
GO:0010266	2
GO:0048265	29
GO:0060252	30
GO:0062100	3
GO:0071294	17
GO:1901525	9
GO:1903579	2
GO:2000853	2
GO:0001869	2
GO:0042730	15
GO:0001791	11
GO:0005602	7
GO:0006958	39
GO:0019864	12
GO:0062167	3
GO:0098883	5
GO:0098888	8
GO:0098890	12
GO:0106139	23
GO:0150062	4
GO:0150064	3
GO:0000957	3
GO:0001849	10
GO:0030984	4
GO:0031690	1
GO:0032689	41
GO:0039534	4
GO:0039536	8
GO:0042256	5
GO:0048025	25
GO:0060703	3
GO:0062153	13
GO:0070131	15
GO:0090023	30
GO:0097177	7
GO:2000510	7
GO:0001867	16
GO:0001905	13
GO:0005601	3
GO:0006956	32
GO:0008228	16
GO:0031640	106
GO:0097066	7
GO:0160257	12
GO:2000427	4
GO:0045345	5
GO:0045348	13
GO:0046597	32
GO:0060333	11
GO:0071360	25
GO:0001798	8
GO:0001970	2
GO:0003823	143
GO:0008009	44
GO:0010866	2
GO:0010884	13
GO:0031715	1
GO:0035846	3
GO:0048639	8
GO:0097242	18
GO:0001850	2
GO:0002462	1
GO:0004875	13
GO:0004876	1
GO:0004878	3
GO:0010759	25
GO:0038178	4
GO:0072126	7
GO:0001848	5
GO:0002456	15
GO:0009609	7
GO:0045959	6
GO:1903027	2
GO:0001856	1
GO:0021534	1
GO:0032494	8
GO:0099172	2
GO:0005579	8
GO:0044218	8
GO:0045917	4
GO:1902495	16
GO:0001906	2
GO:0034663	12
GO:0140662	30
GO:1903298	8
GO:1903382	2
GO:0030295	43
GO:1901380	12
GO:1902554	9
GO:0005245	40
GO:0005262	107
GO:0005891	25
GO:0007270	11
GO:0008331	11
GO:0014051	4
GO:0014056	2
GO:0017156	21
GO:0017158	19
GO:0019226	38
GO:0021522	31
GO:0021590	1
GO:0021679	1
GO:0021680	15
GO:0021750	3
GO:0030644	16
GO:0031335	1
GO:0032353	1
GO:0034702	140
GO:0038170	7
GO:0038188	4
GO:0048791	8
GO:0050770	28
GO:0050883	3
GO:0060024	4
GO:0098703	23
GO:0099626	9
GO:0150037	9
GO:1903235	3
GO:0002095	3
GO:0010881	16
GO:0030252	5
GO:0031369	26
GO:0045762	4
GO:0045933	7
GO:0060083	4
GO:0060402	10
GO:0061337	17
GO:0061577	3
GO:0086002	14
GO:0086007	3
GO:0086012	7
GO:0086045	4
GO:0086056	2
GO:0086065	4
GO:0097553	10
GO:0098797	17
GO:0098911	11
GO:0098912	3
GO:1904181	3
GO:1904879	5
GO:1990454	12
GO:0010959	4
GO:0060372	6
GO:0086046	3
GO:0086059	1
GO:0098681	3
GO:0099533	2
GO:0099635	1
GO:0099703	1
GO:0150001	4
GO:1901379	27
GO:1903532	1
GO:1904062	9
GO:0022843	11
GO:0090273	2
GO:2000300	54
GO:0001508	52
GO:0001518	17
GO:0005248	23
GO:0008332	3
GO:0060371	10
GO:0086010	17
GO:0002074	6
GO:0007029	41
GO:0007520	31
GO:0043501	1
GO:0044327	17
GO:0051209	50
GO:0071313	11
GO:0060307	21
GO:0086048	3
GO:0086057	1
GO:0098903	3
GO:1902514	8
GO:0099174	2
GO:1990314	15
GO:0050966	24
GO:1901843	2
GO:1902630	3
GO:1905788	1
GO:0019227	12
GO:0046058	3
GO:0050908	25
GO:1904751	7
GO:0016247	9
GO:0032281	32
GO:0036477	26
GO:0044300	9
GO:0060082	2
GO:0098970	8
GO:1904510	1
GO:2000311	12
GO:0003756	19
GO:0072378	11
GO:1903334	5
GO:0010715	4
GO:0014909	7
GO:0038062	2
GO:0038063	12
GO:0061302	2
GO:0001533	67
GO:0001765	6
GO:0002091	15
GO:0007589	4
GO:0010756	8
GO:0031340	12
GO:0032804	2
GO:0035749	6
GO:0036035	7
GO:0044090	2
GO:0044730	1
GO:1904019	9
GO:1905581	4
GO:1905602	2
GO:1905686	4
GO:1990665	2
GO:1990667	2
GO:0005499	6
GO:0010842	27
GO:0010996	22
GO:0032437	16
GO:0035502	4
GO:0072221	4
GO:0072286	1
GO:0099523	51
GO:0099534	2
GO:0099566	10
GO:0099567	1
GO:0005921	31
GO:0044293	2
GO:0099536	12
GO:0001976	3
GO:0001984	1
GO:0002548	19
GO:0031716	2
GO:0032730	9
GO:0045651	15
GO:0045671	34
GO:0045779	19
GO:0048240	31
GO:0097646	2
GO:0150059	4
GO:0150060	4
GO:1990408	6
GO:0001635	4
GO:0004948	2
GO:0032841	1
GO:0097642	1
GO:0097643	3
GO:0097647	4
GO:0150056	1
GO:0150057	1
GO:0150058	2
GO:0150061	3
GO:0005513	12
GO:0008076	77
GO:0010856	5
GO:0010880	21
GO:0019855	14
GO:0031800	5
GO:0034704	23
GO:0035458	70
GO:0046427	60
GO:0060314	4
GO:0060315	2
GO:0072542	20
GO:0090151	4
GO:0097720	11
GO:0098901	6
GO:0140238	6
GO:1901844	8
GO:1902494	25
GO:1905913	2
GO:1901842	1
GO:0002052	35
GO:0007051	20
GO:0021873	4
GO:0036449	7
GO:0045769	1
GO:0048477	58
GO:0051445	4
GO:0051653	5
GO:0051661	6
GO:0072687	18
GO:0090306	4
GO:0097150	28
GO:0097431	41
GO:0005049	11
GO:0006611	34
GO:0033018	8
GO:0040020	8
GO:0042562	24
GO:0044183	59
GO:0044194	18
GO:0048387	7
GO:0060473	7
GO:0140313	18
GO:1904614	3
GO:0004089	16
GO:0004683	22
GO:0005954	5
GO:0046928	22
GO:0098877	3
GO:0099148	2
GO:0110076	19
GO:1990443	2
GO:2000124	3
GO:0032222	1
GO:0046686	25
GO:0060466	3
GO:0061003	35
GO:0090128	25
GO:0090129	8
GO:1901897	4
GO:0009931	6
GO:0043011	21
GO:0046827	21
GO:0001881	14
GO:0032435	46
GO:0043529	3
GO:0071816	17
GO:0098553	35
GO:0001667	6
GO:0019933	5
GO:0098885	13
GO:0004198	16
GO:0008234	152
GO:0032801	14
GO:0050790	2
GO:0060056	8
GO:0097264	13
GO:0110158	4
GO:1901223	29
GO:1903238	15
GO:0031143	15
GO:0032675	16
GO:0051603	70
GO:1901741	18
GO:2001247	3
GO:0008307	21
GO:0014718	2
GO:0030239	15
GO:0033234	9
GO:0055103	2
GO:0061061	23
GO:0070315	5
GO:1990091	1
GO:1990092	2
GO:2001015	5
GO:0001578	36
GO:0051493	21
GO:0004197	62
GO:0090541	3
GO:0071203	12
GO:0007028	7
GO:0010591	10
GO:0031115	15
GO:0033150	4
GO:0051490	4
GO:0090036	2
GO:0004064	6
GO:0009750	7
GO:0016836	7
GO:0018820	2
GO:0044070	5
GO:0045672	39
GO:0046903	5
GO:0071498	16
GO:1904404	2
GO:2001150	2
GO:2001225	5
GO:0016151	10
GO:0044320	10
GO:1903751	6
GO:0005791	36
GO:0015701	29
GO:0030658	45
GO:0030667	30
GO:0004096	3
GO:0009411	54
GO:0009642	11
GO:0009650	10
GO:0010193	4
GO:0010288	23
GO:0014854	3
GO:0016684	9
GO:0033189	14
GO:0033591	4
GO:0050661	42
GO:0061692	2
GO:0062151	1
GO:0072722	1
GO:0080184	2
GO:0005652	14
GO:0010839	27
GO:0042043	15
GO:0051050	7
GO:0060170	62
GO:0090280	19
GO:0090288	2
GO:0097440	33
GO:0098846	3
GO:0001778	33
GO:0002221	21
GO:0032741	12
GO:0033198	22
GO:0060907	30
GO:0061702	16
GO:0070269	47
GO:0070498	27
GO:0072557	7
GO:0072558	6
GO:0072559	8
GO:0097169	3
GO:0097179	1
GO:0097300	11
GO:0140970	5
GO:0141201	15
GO:1901562	2
GO:0001530	49
GO:0032497	6
GO:0160074	1
GO:0160075	11
GO:2000494	3
GO:0010663	2
GO:0045095	135
GO:0001554	4
GO:1905369	3
GO:0004190	25
GO:0004861	13
GO:0007413	23
GO:0008627	2
GO:0016005	2
GO:0031264	6
GO:0034349	3
GO:0048011	17
GO:0061713	4
GO:0071887	3
GO:0072347	7
GO:0072734	4
GO:0140639	11
GO:0002218	53
GO:0002525	1
GO:0046670	1
GO:0001841	17
GO:0005164	33
GO:0030690	2
GO:0031265	4
GO:0035877	3
GO:0036462	8
GO:0070243	4
GO:0097342	5
GO:2001233	4
GO:0008303	1
GO:0071680	1
GO:0014802	3
GO:0014804	1
GO:0014809	3
GO:0014870	2
GO:0051258	17
GO:0051282	3
GO:1901341	1
GO:2001256	17
GO:0010649	4
GO:0030314	9
GO:0060306	13
GO:0140314	1
GO:1905024	1
GO:0032782	7
GO:0035729	17
GO:0060613	11
GO:0071305	12
GO:0071404	21
GO:0099505	32
GO:0007343	3
GO:0010859	1
GO:2000675	9
GO:0005915	7
GO:0016264	7
GO:0016600	10
GO:0017166	13
GO:0045880	44
GO:0090136	13
GO:2000146	14
GO:2001045	4
GO:0021942	7
GO:0034316	7
GO:0048854	29
GO:0000578	11
GO:0000791	74
GO:0001221	49
GO:0001706	16
GO:0001711	7
GO:0001840	3
GO:0001894	35
GO:0002064	20
GO:0002089	17
GO:0003266	6
GO:0003338	4
GO:0003340	4
GO:0005916	13
GO:0007403	3
GO:0010717	13
GO:0010909	3
GO:0014010	2
GO:0016327	29
GO:0016331	13
GO:0021819	16
GO:0022009	5
GO:0022405	9
GO:0030997	2
GO:0031396	24
GO:0032968	59
GO:0035050	34
GO:0035112	4
GO:0036023	4
GO:0036520	3
GO:0044331	42
GO:0044338	1
GO:0045216	34
GO:0045294	12
GO:0045743	10
GO:0045976	2
GO:0048489	24
GO:0048643	9
GO:0048664	9
GO:0051884	1
GO:0060066	3
GO:0060231	11
GO:0060439	4
GO:0060479	1
GO:0060484	11
GO:0060487	12
GO:0060492	3
GO:0060789	5
GO:0060916	4
GO:0060947	10
GO:0060982	10
GO:0060983	2
GO:0061198	4
GO:0061549	9
GO:0061550	1
GO:0070369	3
GO:0072033	2
GO:0072053	3
GO:0072054	2
GO:0072079	2
GO:0072132	1
GO:0072182	2
GO:0072497	3
GO:0090279	9
GO:0090425	5
GO:1904888	24
GO:1904948	11
GO:1990403	29
GO:1990711	2
GO:1990791	4
GO:1990907	12
GO:1990963	7
GO:2000179	34
GO:2000288	15
GO:2000648	50
GO:0010829	8
GO:0010954	17
GO:0019212	12
GO:0060690	1
GO:0140311	47
GO:0150107	3
GO:1905554	1
GO:0001960	9
GO:0002067	11
GO:0003057	2
GO:0008142	15
GO:0019065	12
GO:0019217	14
GO:0030292	7
GO:0030857	17
GO:0031295	27
GO:0036487	3
GO:0038016	4
GO:0046785	27
GO:0048550	5
GO:0070320	1
GO:0070836	9
GO:0071218	12
GO:0071455	5
GO:0071711	29
GO:0072584	5
GO:1900027	8
GO:1904294	21
GO:1905949	6
GO:2000535	4
GO:0005637	53
GO:0006906	30
GO:0007088	20
GO:0014859	1
GO:0019076	15
GO:0031435	27
GO:0048278	19
GO:0060161	4
GO:0014819	6
GO:0016010	17
GO:0019870	14
GO:0031579	6
GO:0035995	4
GO:0038009	1
GO:0043014	47
GO:0051647	9
GO:0051896	29
GO:0051926	11
GO:0060299	2
GO:0060373	7
GO:0071253	7
GO:0086005	17
GO:1900825	4
GO:1900826	1
GO:1902305	14
GO:1904637	7
GO:2001288	4
GO:0002051	6
GO:0010625	4
GO:0036076	2
GO:0040036	6
GO:0045879	40
GO:0002318	10
GO:0002573	6
GO:0002667	3
GO:0016513	3
GO:0030854	9
GO:0043371	4
GO:0043378	4
GO:0071336	1
GO:1903431	2
GO:2000872	3
GO:0006351	97
GO:0017053	65
GO:0045444	103
GO:0060575	9
GO:0030098	15
GO:0032487	5
GO:0036312	14
GO:0042059	25
GO:0043303	23
GO:0070086	12
GO:1902531	31
GO:2000583	3
GO:0090394	18
GO:0098820	6
GO:0099151	21
GO:0099550	7
GO:0099558	14
GO:1905703	1
GO:0098814	2
GO:0003433	2
GO:0004090	11
GO:0006706	7
GO:0016655	14
GO:0042373	8
GO:0042376	3
GO:0047020	10
GO:0047021	1
GO:0050221	2
GO:0160163	2
GO:1905344	4
GO:0005997	3
GO:0050038	2
GO:0004122	1
GO:0006534	3
GO:0006535	1
GO:0006565	4
GO:0006801	22
GO:0009069	3
GO:0010749	5
GO:0019343	2
GO:0019344	3
GO:0019346	4
GO:0042262	5
GO:0043418	3
GO:0044272	1
GO:0046328	24
GO:0050421	6
GO:0050667	9
GO:0060351	10
GO:0070025	2
GO:0070026	5
GO:0070814	3
GO:1904047	22
GO:0001939	10
GO:0001940	8
GO:0005721	49
GO:0010369	15
GO:0045137	1
GO:0062072	14
GO:0035985	5
GO:0061793	3
GO:0016925	30
GO:0019789	22
GO:0032183	12
GO:0061628	9
GO:0061665	12
GO:0000118	43
GO:0035097	29
GO:0140566	29
GO:0000407	31
GO:0000421	56
GO:0000422	23
GO:0034517	2
GO:0043495	35
GO:0061723	12
GO:1990316	8
GO:0006309	13
GO:0007586	14
GO:0032099	13
GO:0043203	10
GO:0099538	12
GO:1902279	1
GO:1903999	9
GO:2000986	2
GO:2000987	10
GO:0001696	10
GO:0002023	11
GO:0004951	2
GO:0046883	7
GO:0002209	2
GO:0015054	1
GO:0031741	1
GO:0050806	31
GO:0016538	30
GO:0097123	2
GO:0097124	3
GO:0000307	40
GO:0006275	44
GO:0007265	72
GO:0033762	11
GO:0044772	10
GO:0044843	4
GO:0071314	10
GO:0071373	6
GO:0097122	2
GO:0007057	5
GO:0008315	2
GO:0000320	5
GO:0031571	16
GO:0033601	8
GO:0044321	11
GO:0061575	14
GO:0097128	2
GO:0097131	2
GO:0097129	3
GO:0004693	29
GO:0030213	6
GO:0042098	34
GO:0097130	2
GO:0097133	2
GO:0006270	25
GO:0007129	40
GO:0097134	3
GO:0097135	2
GO:0010826	6
GO:0010997	10
GO:0006949	5
GO:0002944	2
GO:0002945	2
GO:0008024	10
GO:0008353	10
GO:0044828	9
GO:0017069	12
GO:0043923	17
GO:0070691	2
GO:0097322	10
GO:0000175	26
GO:0000290	13
GO:0004535	13
GO:0006739	14
GO:0019178	1
GO:0033962	16
GO:0045995	45
GO:0102757	1
GO:0004950	21
GO:0048290	1
GO:0060474	4
GO:0072676	7
GO:0072678	11
GO:0072679	3
GO:0097524	9
GO:1904155	4
GO:1904156	1
GO:2000319	3
GO:2000404	8
GO:0002199	13
GO:0005832	10
GO:0051131	20
GO:0090666	5
GO:1904874	4
GO:0031681	25
GO:0071987	13
GO:1904851	3
GO:0001875	6
GO:0002752	9
GO:0034145	14
GO:0046696	5
GO:0070891	8
GO:0071223	10
GO:0071726	4
GO:0071727	3
GO:0045334	13
GO:0045590	7
GO:0098636	5
GO:0001923	2
GO:0019724	7
GO:0050851	5
GO:0050855	4
GO:0030882	3
GO:0030883	2
GO:0030884	2
GO:0032753	26
GO:0033084	5
GO:0043032	24
GO:0045059	15
GO:0048006	2
GO:0050776	56
GO:0051135	6
GO:0071723	6
GO:0030101	16
GO:0034113	30
GO:0042267	33
GO:0002115	10
GO:0019865	7
GO:1902656	2
GO:0002638	10
GO:0002683	8
GO:0030100	40
GO:0042609	12
GO:0050849	7
GO:0050859	9
GO:0001775	11
GO:0001959	3
GO:0002327	8
GO:0002329	12
GO:0002842	7
GO:0002863	4
GO:0022409	29
GO:0030262	8
GO:0032597	1
GO:0032600	1
GO:0032913	1
GO:0033625	11
GO:0033634	7
GO:0034107	2
GO:0034109	12
GO:0034119	1
GO:0042103	1
GO:0045730	8
GO:0046014	1
GO:0072112	12
GO:0072139	2
GO:0106015	12
GO:0106016	3
GO:2000563	12
GO:2000768	3
GO:0045066	7
GO:0045589	10
GO:0048304	13
GO:0001771	13
GO:0003158	14
GO:0032482	17
GO:0032911	6
GO:0036057	11
GO:0038179	4
GO:0046323	19
GO:0048259	3
GO:0051058	14
GO:0051291	18
GO:0051674	7
GO:0097018	7
GO:1990790	2
GO:0008160	5
GO:0048029	18
GO:0032703	26
GO:0035759	3
GO:0036053	1
GO:0038001	7
GO:0043199	6
GO:0061042	9
GO:0071657	3
GO:0071971	1
GO:0072011	5
GO:0072254	1
GO:0001954	33
GO:0005041	10
GO:0005044	24
GO:0006910	18
GO:0010886	7
GO:0015636	8
GO:0015911	5
GO:0015912	1
GO:0030169	18
GO:0030194	15
GO:0030299	9
GO:0034381	4
GO:0035325	7
GO:0038024	29
GO:0044539	11
GO:0050909	49
GO:0070053	4
GO:0070538	4
GO:0070543	2
GO:0070892	3
GO:0071221	3
GO:0071447	8
GO:0150024	1
GO:0150025	1
GO:0150094	8
GO:1901480	2
GO:1990379	5
GO:2000121	5
GO:2000334	2
GO:0015917	4
GO:0030666	8
GO:0043470	1
GO:0099638	7
GO:0002920	2
GO:0030886	4
GO:0050688	9
GO:0033194	8
GO:0004050	4
GO:0004382	11
GO:0009132	6
GO:0009134	4
GO:0009181	2
GO:0017110	13
GO:0017111	14
GO:0033602	8
GO:0036384	4
GO:0043273	6
GO:0045134	9
GO:0103023	1
GO:1990003	4
GO:0009203	4
GO:0008894	1
GO:0006011	3
GO:0006256	3
GO:0006487	60
GO:0051084	3
GO:0042105	10
GO:0002669	5
GO:0046649	6
GO:0070228	1
GO:0033001	3
GO:0038094	11
GO:0035397	1
GO:0035723	10
GO:0042011	1
GO:0042012	1
GO:0042289	7
GO:0045058	1
GO:0050863	22
GO:0002246	5
GO:0002821	11
GO:0004896	50
GO:0009653	78
GO:0030214	19
GO:0031258	25
GO:0033031	5
GO:0034238	2
GO:0035692	2
GO:0043518	17
GO:1900625	3
GO:1902166	12
GO:2000106	1
GO:2000392	3
GO:0045321	13
GO:0001971	3
GO:0030948	13
GO:0043218	6
GO:0045916	7
GO:0090272	5
GO:1903659	4
GO:1903660	6
GO:1900017	34
GO:0010633	17
GO:0031904	11
GO:0048757	1
GO:0050931	1
GO:1900746	5
GO:2001046	15
GO:0002437	24
GO:0002605	3
GO:0035425	8
GO:0072594	9
GO:2000329	7
GO:0038110	13
GO:0019815	7
GO:0071755	3
GO:0002710	4
GO:0014905	7
GO:0035783	2
GO:0050861	7
GO:0050871	14
GO:0061462	32
GO:0070863	8
GO:1903911	2
GO:1904352	1
GO:1905521	4
GO:1905676	1
GO:1990459	12
GO:2000145	12
GO:2000553	9
GO:2001190	3
GO:0032713	8
GO:0043372	7
GO:0031664	12
GO:0032685	1
GO:0032701	2
GO:0033004	7
GO:0043305	6
GO:0002668	1
GO:0034138	22
GO:0023024	8
GO:0045065	1
GO:0007342	27
GO:0014003	29
GO:0030913	7
GO:0035036	15
GO:0006998	28
GO:0007077	4
GO:0110032	3
GO:1902751	6
GO:1904056	4
GO:0007144	9
GO:0050699	26
GO:0016579	82
GO:0018105	27
GO:0030261	28
GO:0030332	36
GO:0035173	9
GO:0046105	4
GO:0061523	12
GO:0062033	3
GO:0090166	6
GO:0097125	2
GO:0097472	3
GO:1902423	1
GO:1902850	4
GO:1904860	4
GO:1905448	3
GO:1990506	2
GO:0043484	77
GO:0046605	10
GO:0071962	3
GO:0060334	2
GO:0060338	1
GO:0101031	27
GO:1990565	2
GO:0000322	4
GO:0003015	14
GO:0003253	8
GO:0007030	107
GO:0007097	24
GO:0017119	10
GO:0030010	53
GO:0031256	9
GO:0031333	38
GO:0032427	2
GO:0035088	4
GO:0044788	9
GO:0051683	8
GO:0051835	4
GO:0060501	7
GO:0060997	21
GO:0072384	15
GO:0086101	3
GO:0090135	3
GO:0000727	12
GO:0003688	15
GO:0031261	2
GO:0071162	11
GO:1902977	1
GO:0010571	5
GO:0044770	6
GO:0002159	7
GO:0007043	30
GO:0010955	15
GO:0030057	31
GO:0030517	29
GO:0035847	3
GO:0043219	7
GO:0060662	6
GO:0060693	4
GO:0099576	6
GO:0021957	8
GO:0042058	10
GO:0043616	18
GO:0051668	6
GO:0055100	3
GO:0005427	2
GO:0006857	7
GO:0033626	2
GO:0010001	25
GO:0060019	13
GO:0090497	2
GO:0097118	4
GO:1902897	4
GO:0010838	18
GO:0031424	79
GO:0051796	1
GO:1902910	1
GO:0001886	17
GO:0001955	7
GO:0030159	25
GO:0043114	12
GO:0043184	8
GO:0070051	7
GO:2000114	15
GO:0099560	39
GO:0098641	3
GO:0000805	4
GO:0000806	2
GO:0007099	25
GO:0010389	14
GO:0015030	91
GO:0031453	2
GO:0031848	7
GO:0032298	2
GO:0043247	10
GO:0005176	3
GO:0014044	23
GO:0016533	3
GO:0021697	3
GO:0022038	23
GO:0030547	8
GO:0030549	3
GO:0031914	7
GO:0034352	2
GO:0043125	6
GO:0045055	26
GO:0050321	18
GO:0051966	34
GO:1901987	10
GO:1903234	1
GO:1905806	11
GO:0007213	8
GO:0021722	2
GO:0021799	16
GO:0043292	19
GO:0043697	6
GO:0045638	22
GO:0045656	7
GO:0097132	1
GO:0000439	10
GO:0001111	8
GO:0005675	12
GO:0006367	35
GO:0006368	46
GO:0070516	4
GO:0070985	3
GO:0140836	1
GO:0160240	21
GO:0004860	39
GO:0010558	35
GO:0070557	2
GO:0071460	6
GO:0071493	15
GO:0072331	6
GO:0090402	7
GO:1902806	11
GO:1905179	2
GO:2000278	11
GO:0007096	7
GO:0019914	1
GO:0031464	14
GO:0051168	15
GO:0071236	9
GO:1901990	10
GO:1902746	2
GO:0042551	20
GO:0060065	25
GO:0060669	7
GO:0071514	20
GO:0001652	9
GO:0030575	3
GO:0046822	8
GO:0046825	13
GO:0051898	76
GO:0055104	2
GO:0055105	6
GO:0090071	3
GO:1901798	14
GO:1902570	13
GO:1903051	4
GO:1904750	3
GO:1990948	14
GO:2000059	28
GO:2000346	7
GO:2000435	5
GO:0030219	13
GO:0031670	9
GO:2000647	25
GO:0000731	12
GO:0017172	1
GO:0019452	2
GO:0042412	5
GO:0097184	1
GO:0008589	29
GO:0030992	21
GO:0035720	20
GO:0008327	25
GO:0014807	7
GO:0004402	29
GO:0061733	31
GO:0120092	2
GO:0120094	1
GO:0001163	1
GO:0006360	13
GO:0033274	1
GO:0035189	5
GO:0036488	3
GO:0070102	17
GO:0071548	18
GO:0097677	10
GO:1902034	4
GO:1990647	2
GO:2000144	8
GO:0002432	3
GO:0035035	30
GO:0035259	20
GO:0035711	4
GO:0044389	23
GO:0060644	13
GO:0061515	5
GO:0072574	8
GO:1901329	3
GO:2001198	1
GO:0006337	19
GO:0016071	14
GO:0043353	8
GO:0043433	13
GO:0044377	1
GO:0004622	21
GO:0004771	19
GO:0004806	21
GO:0008126	5
GO:0042588	12
GO:0043208	6
GO:0050253	13
GO:0001736	20
GO:0042249	3
GO:0048105	4
GO:0060488	2
GO:0060489	2
GO:0060490	2
GO:0090251	2
GO:0000132	38
GO:0030527	97
GO:0034080	10
GO:0043505	24
GO:0051382	12
GO:0061638	1
GO:0061644	14
GO:0000939	17
GO:0019237	4
GO:0051315	19
GO:0051455	1
GO:0003002	9
GO:0016015	3
GO:0035582	4
GO:0042074	12
GO:0048263	6
GO:0061371	10
GO:0071276	21
GO:2000381	4
GO:0010887	12
GO:0070857	7
GO:0090320	1
GO:0120188	5
GO:0005643	77
GO:0032391	48
GO:0044615	13
GO:0070390	5
GO:0001947	64
GO:0038100	4
GO:0060460	3
GO:0070697	6
GO:0001851	9
GO:0003406	13
GO:0030451	2
GO:0035886	9
GO:0046530	5
GO:0046548	16
GO:0070482	55
GO:0140053	1
GO:1905370	9
GO:0001842	5
GO:0010593	5
GO:0030043	4
GO:0030835	7
GO:0030836	9
GO:0032232	8
GO:0040019	17
GO:0051293	6
GO:0051511	1
GO:0071362	1
GO:0090732	1
GO:1902936	14
GO:1905873	1
GO:1905875	1
GO:2000784	1
GO:2000814	2
GO:0014866	2
GO:1901740	4
GO:1903845	4
GO:1903944	8
GO:2000347	14
GO:0005254	83
GO:0005260	1
GO:0015106	12
GO:0015108	23
GO:0019869	7
GO:0030321	10
GO:0033005	11
GO:0034707	54
GO:0051454	3
GO:0070175	6
GO:0098660	4
GO:0106138	1
GO:1904446	3
GO:1905460	4
GO:2000077	1
GO:0006590	16
GO:0010469	4
GO:0016913	2
GO:0016914	2
GO:0030878	34
GO:0032275	4
GO:0046621	12
GO:0046884	2
GO:0061696	2
GO:0000254	3
GO:0001567	1
GO:0004497	134
GO:0008395	18
GO:0016126	31
GO:0034340	12
GO:0035754	5
GO:0090206	1
GO:1903914	1
GO:1900155	4
GO:0004102	1
GO:0007529	3
GO:0007622	4
GO:0008292	3
GO:0043179	2
GO:0034728	6
GO:0140002	26
GO:0006997	30
GO:0010569	18
GO:0010972	13
GO:0035402	3
GO:0046602	5
GO:0004103	3
GO:0004305	4
GO:0006657	6
GO:0008654	61
GO:0002551	5
GO:0033366	3
GO:0033604	2
GO:0042583	5
GO:1900738	7
GO:1901899	2
GO:2000707	2
GO:0004568	9
GO:0006032	9
GO:0007250	5
GO:0008061	11
GO:0010800	3
GO:0070741	5
GO:0000272	3
GO:0004563	5
GO:0010269	14
GO:0048237	7
GO:0035805	4
GO:0098595	1
GO:2000360	3
GO:0006580	2
GO:0005092	14
GO:0005968	4
GO:0018344	5
GO:0140767	19
GO:0007224	94
GO:0014029	9
GO:0014030	1
GO:0021513	13
GO:0035906	2
GO:0045185	8
GO:0045545	9
GO:0048845	10
GO:0160093	4
GO:1990926	5
GO:0007187	28
GO:0007197	8
GO:0016907	5
GO:0040012	9
GO:0043270	7
GO:0003063	1
GO:0031789	1
GO:0005085	226
GO:0002011	13
GO:0008384	3
GO:0008385	6
GO:0032727	28
GO:0035994	20
GO:0061847	3
GO:0060042	19
GO:0060255	41
GO:0070300	26
GO:0070417	18
GO:0120009	33
GO:0120013	12
GO:0160077	6
GO:0030127	15
GO:0090110	18
GO:0009922	7
GO:0019367	8
GO:0030148	31
GO:0034625	7
GO:0034626	7
GO:0035338	10
GO:0042761	13
GO:0035003	5
GO:0035089	5
GO:0008266	28
GO:0030371	18
GO:0070181	8
GO:0005126	42
GO:0035198	43
GO:0097398	14
GO:0005159	17
GO:0019210	7
GO:0043377	3
GO:0046425	11
GO:1904898	2
GO:0000070	34
GO:0008064	8
GO:0035331	24
GO:0048699	21
GO:0050774	12
GO:0097119	7
GO:0099188	3
GO:0099573	2
GO:0042438	14
GO:0050693	7
GO:0070410	11
GO:0070669	3
GO:0070670	5
GO:0071104	2
GO:0071105	1
GO:0071107	4
GO:0004111	5
GO:0046314	6
GO:0006603	2
GO:0044289	1
GO:0001845	5
GO:0003785	26
GO:0010631	15
GO:0030833	39
GO:0031339	3
GO:0032036	8
GO:0032426	22
GO:0032796	2
GO:0051126	2
GO:0061502	5
GO:0005229	22
GO:0005247	11
GO:0008308	6
GO:0030322	3
GO:0032347	1
GO:0060075	12
GO:0060689	3
GO:0072320	5
GO:0098902	2
GO:0005244	16
GO:0045794	8
GO:0051932	34
GO:0062158	2
GO:0097546	46
GO:0000387	27
GO:0034709	12
GO:0034715	6
GO:0045292	16
GO:0050878	14
GO:0016338	23
GO:0034331	4
GO:0060054	10
GO:0061772	1
GO:0070673	3
GO:0071284	3
GO:0090557	13
GO:1903545	2
GO:0160184	7
GO:0160187	6
GO:1903985	2
GO:1904729	4
GO:0014045	3
GO:0045217	13
GO:0090559	9
GO:0140459	6
GO:2000186	2
GO:0035727	8
GO:0070198	14
GO:0120146	6
GO:1905146	17
GO:0005795	38
GO:0010762	15
GO:0016243	3
GO:0030003	17
GO:0030162	25
GO:0032228	21
GO:0035752	7
GO:0036359	3
GO:0042998	5
GO:0044754	15
GO:0044857	5
GO:0046474	7
GO:0046836	3
GO:0047496	26
GO:0051861	8
GO:0061909	17
GO:0070613	13
GO:0090384	1
GO:0090385	11
GO:0097352	45
GO:0106049	1
GO:1900079	1
GO:1905162	2
GO:0005726	8
GO:0006473	7
GO:0030118	8
GO:0030125	9
GO:0030130	4
GO:0030132	8
GO:0032050	11
GO:0071439	8
GO:0098835	6
GO:0002434	2
GO:0016235	37
GO:0032286	4
GO:0051787	17
GO:0051788	3
GO:0061518	9
GO:0061740	4
GO:0097418	5
GO:0099020	1
GO:0140597	9
GO:1902847	1
GO:0006054	9
GO:0030338	1
GO:0046381	1
GO:0006055	5
GO:0008781	1
GO:0070085	20
GO:0002690	12
GO:0004918	2
GO:0019959	3
GO:0033030	4
GO:0038112	1
GO:0042119	15
GO:0072173	1
GO:0002685	6
GO:0010818	10
GO:0019956	7
GO:0030155	51
GO:0008354	11
GO:0022029	7
GO:0032027	6
GO:0035470	6
GO:0035701	4
GO:0038147	1
GO:0038160	6
GO:0050792	1
GO:0050920	9
GO:0051451	15
GO:0061351	35
GO:1901327	2
GO:1903861	28
GO:1904018	4
GO:1905322	4
GO:2000448	2
GO:0004435	19
GO:0035717	3
GO:0071791	4
GO:0150078	10
GO:0002305	2
GO:0035476	1
GO:0048245	20
GO:0002724	4
GO:0002827	10
GO:0031727	8
GO:0035696	4
GO:0035705	1
GO:0035715	1
GO:0035716	1
GO:0043310	1
GO:0045627	8
GO:0061756	4
GO:0071675	1
GO:0090265	3
GO:0090594	12
GO:0097350	6
GO:1900451	10
GO:1905517	7
GO:2000412	3
GO:2000451	1
GO:2000464	1
GO:2000473	2
GO:0006952	174
GO:0014808	9
GO:0031343	2
GO:0031622	7
GO:0070723	10
GO:2000110	6
GO:2000178	16
GO:0001768	10
GO:0002408	4
GO:0002518	2
GO:0002606	7
GO:0002649	1
GO:0002885	1
GO:0002922	3
GO:0032649	10
GO:0035757	1
GO:0035758	1
GO:0038117	1
GO:0038119	2
GO:0038120	3
GO:0038121	1
GO:0071731	6
GO:0097022	4
GO:0097029	4
GO:2000107	3
GO:2000522	3
GO:2000525	4
GO:2000526	1
GO:2000547	1
GO:0021557	3
GO:0006749	63
GO:0006855	17
GO:0008559	16
GO:0015127	3
GO:0015431	7
GO:0015694	2
GO:0015711	33
GO:0015721	28
GO:0015732	10
GO:0015779	2
GO:0016999	2
GO:0034635	5
GO:0042167	6
GO:0042178	42
GO:0042440	3
GO:0042910	25
GO:0046581	10
GO:0046618	4
GO:0046943	8
GO:0050787	2
GO:0070327	12
GO:0070633	14
GO:0071716	6
GO:0072014	6
GO:0072718	3
GO:1901086	1
GO:1904567	2
GO:1905039	14
GO:1990961	11
GO:1990962	8
GO:0071919	1
GO:0005221	7
GO:0005222	10
GO:0007606	250
GO:0017071	7
GO:0030552	27
GO:0030553	15
GO:0042622	14
GO:0097730	42
GO:0120200	12
GO:0005249	66
GO:0098804	3
GO:0046549	18
GO:0098659	2
GO:1902684	1
GO:1903743	1
GO:0044819	1
GO:0051302	22
GO:1904716	1
GO:0002539	2
GO:0002544	9
GO:0002760	2
GO:0019835	2
GO:0032725	13
GO:0035821	4
GO:0051838	8
GO:0051873	33
GO:0071224	9
GO:0071642	3
GO:0097187	5
GO:0032944	2
GO:0032970	6
GO:0070663	3
GO:1905522	6
GO:0004113	1
GO:0009214	1
GO:0030551	3
GO:0035748	9
GO:0002866	2
GO:0004949	3
GO:0014063	6
GO:0019216	45
GO:0038171	4
GO:0043271	4
GO:0045759	5
GO:0060405	1
GO:0098921	3
GO:0099542	2
GO:0099553	2
GO:0005127	7
GO:0046533	6
GO:0046887	16
GO:0048644	10
GO:0060221	10
GO:0070120	5
GO:0097696	24
GO:0004897	4
GO:0004921	6
GO:0019970	5
GO:0038154	9
GO:0060538	13
GO:0070110	3
GO:0097059	2
GO:0031084	3
GO:0001757	5
GO:0030903	12
GO:0033504	6
GO:0044294	13
GO:0051639	12
GO:1900029	17
GO:1990357	5
GO:0015036	9
GO:0030619	8
GO:0030620	6
GO:0005599	1
GO:0030020	42
GO:0005585	2
GO:0005592	5
GO:0035989	4
GO:1904399	9
GO:0060023	5
GO:0005595	1
GO:0003229	9
GO:0005614	15
GO:0061050	2
GO:0030056	10
GO:0031581	6
GO:0043394	20
GO:0048407	12
GO:0060174	10
GO:0071599	7
GO:0005586	1
GO:0032905	3
GO:0036022	5
GO:0050777	12
GO:0060414	6
GO:2001223	13
GO:0005587	6
GO:0061304	6
GO:0061333	5
GO:0032836	10
GO:1905563	7
GO:0005588	3
GO:0045112	1
GO:0048592	6
GO:1903225	2
GO:0005589	6
GO:0006103	15
GO:0006112	20
GO:0010657	2
GO:0032963	19
GO:0036293	5
GO:0048771	27
GO:0050954	6
GO:0070341	2
GO:0071965	4
GO:0085029	14
GO:0098528	9
GO:1904583	1
GO:1990542	13
GO:0003417	14
GO:0005594	3
GO:0035988	17
GO:0005584	2
GO:0043589	14
GO:0060325	41
GO:0060346	9
GO:0071306	1
GO:1902618	2
GO:0070208	2
GO:0001968	40
GO:0003416	9
GO:0006986	62
GO:0098868	9
GO:1900047	1
GO:1902732	10
GO:1990079	6
GO:0008171	8
GO:0008210	32
GO:0009266	13
GO:0009712	1
GO:0014046	6
GO:0016036	3
GO:0016206	2
GO:0021696	9
GO:0035812	5
GO:0042420	8
GO:0042424	2
GO:0045963	4
GO:0046959	8
GO:0048243	2
GO:0050668	1
GO:0071626	3
GO:0097205	3
GO:1902074	7
GO:1903350	1
GO:0006891	25
GO:0030126	12
GO:0030663	17
GO:1902463	3
GO:0000338	11
GO:0001834	5
GO:0008180	33
GO:0006744	16
GO:0008682	1
GO:0016709	13
GO:0022904	26
GO:0031314	8
GO:0110142	8
GO:0160224	1
GO:0033617	26
GO:0006119	22
GO:0006123	18
GO:0045277	24
GO:0004129	8
GO:0030234	28
GO:0098803	5
GO:0004322	6
GO:0016724	1
GO:0047066	4
GO:0061762	9
GO:0002002	4
GO:0030070	11
GO:0030072	7
GO:0031045	23
GO:0034230	3
GO:0035773	11
GO:0050897	9
GO:0140058	9
GO:2000173	3
GO:0007130	26
GO:0008135	12
GO:0099547	4
GO:2000766	10
GO:0006836	49
GO:0016079	28
GO:0017075	22
GO:0031630	7
GO:0070032	4
GO:0099145	2
GO:0070033	4
GO:0004109	2
GO:0017085	6
GO:0046685	13
GO:0002753	31
GO:0004095	4
GO:0046222	3
GO:0046320	4
GO:0071398	25
GO:1904772	5
GO:0006853	3
GO:0009637	5
GO:0008458	3
GO:0060337	69
GO:0016918	12
GO:0070513	3
GO:0004092	1
GO:0046459	3
GO:0000428	33
GO:0003899	24
GO:0005666	18
GO:0006352	26
GO:0006383	14
GO:0006384	6
GO:0009360	1
GO:0030880	3
GO:0010944	12
GO:0032916	2
GO:0034670	1
GO:0036017	1
GO:0048145	5
GO:0055025	2
GO:0060251	3
GO:0060428	12
GO:0060430	8
GO:0060509	10
GO:1902065	11
GO:1903494	2
GO:1990763	12
GO:0031726	8
GO:0090045	1
GO:0000123	24
GO:0001093	6
GO:0016407	19
GO:0016479	6
GO:0018076	2
GO:0030718	7
GO:0032688	16
GO:0042975	21
GO:0043993	3
GO:0044017	2
GO:0048525	5
GO:0060355	2
GO:0071108	28
GO:0120300	3
GO:0007076	13
GO:1903892	2
GO:0006704	7
GO:0008628	3
GO:0014062	2
GO:0016101	3
GO:0017045	1
GO:0032811	6
GO:0033685	6
GO:0043196	16
GO:0045472	3
GO:0050801	12
GO:0051430	4
GO:0051431	4
GO:0051461	8
GO:0051464	4
GO:0060456	1
GO:0061534	5
GO:0070093	4
GO:0098828	6
GO:1904044	9
GO:2000854	3
GO:0005767	1
GO:0035865	14
GO:0035903	1
GO:0051424	2
GO:0051459	1
GO:0051460	1
GO:1900011	1
GO:2000310	5
GO:0015056	2
GO:0043404	2
GO:0051867	5
GO:0071376	5
GO:2000252	13
GO:2000852	2
GO:0014064	3
GO:0032874	25
GO:0035482	1
GO:0042423	6
GO:0046882	4
GO:2000293	2
GO:0048010	21
GO:0048012	8
GO:0086100	13
GO:1900025	14
GO:0033628	13
GO:0035685	2
GO:0035728	2
GO:0038026	12
GO:0098698	7
GO:0098749	5
GO:0048384	28
GO:0060017	8
GO:0060392	26
GO:1903977	1
GO:1904393	4
GO:0097058	2
GO:0004157	6
GO:0006208	7
GO:0016810	11
GO:0016812	7
GO:0031005	16
GO:0009988	3
GO:0010988	3
GO:0032677	5
GO:0002065	1
GO:0035375	3
GO:0043152	4
GO:0001855	2
GO:0001861	1
GO:0004877	1
GO:0046534	2
GO:0042754	8
GO:0043153	25
GO:0045722	32
GO:2000850	2
GO:0004864	52
GO:1990512	3
GO:2000118	2
GO:0002088	50
GO:0006750	12
GO:0007017	43
GO:0007021	10
GO:0032387	4
GO:0060561	7
GO:0009892	3
GO:0031109	2
GO:0032432	11
GO:0097512	9
GO:2000210	7
GO:0070306	15
GO:0006839	15
GO:0042403	20
GO:0047125	1
GO:0047127	1
GO:0070324	6
GO:0003960	2
GO:0070402	20
GO:0006084	11
GO:0006107	12
GO:0036440	2
GO:0046912	3
GO:0002158	6
GO:0005157	3
GO:0035702	5
GO:0038145	3
GO:0042488	2
GO:0046579	23
GO:0060611	1
GO:0061519	3
GO:0097529	8
GO:0120041	6
GO:1902228	1
GO:1904141	6
GO:1905523	4
GO:1990682	2
GO:0005011	1
GO:0021879	14
GO:0031529	14
GO:0036006	6
GO:0042531	8
GO:0045124	9
GO:0050671	10
GO:0061890	2
GO:0070665	6
GO:1902808	14
GO:1905220	1
GO:0005129	1
GO:0030223	10
GO:0030526	5
GO:0032747	7
GO:0038157	5
GO:0042045	8
GO:0097028	16
GO:0004902	1
GO:0051916	2
GO:0038043	7
GO:0038156	8
GO:0005130	2
GO:0038158	5
GO:0045639	6
GO:0071682	3
GO:0110053	12
GO:0045637	8
GO:0034236	16
GO:0042997	6
GO:0050868	35
GO:0060368	6
GO:1903496	2
GO:0005956	3
GO:0019888	43
GO:0070822	22
GO:1905337	6
GO:1905818	2
GO:0019046	4
GO:0075342	2
GO:1903901	3
GO:0043008	11
GO:0060203	7
GO:0033165	5
GO:0000795	85
GO:0007064	16
GO:0008278	8
GO:0030892	6
GO:0030893	7
GO:0036033	5
GO:0042805	16
GO:0060537	6
GO:0141212	6
GO:1903919	2
GO:1903920	1
GO:0007431	6
GO:0010711	1
GO:0010716	5
GO:0034103	6
GO:0060009	19
GO:0060311	1
GO:0060313	3
GO:0002577	4
GO:0031643	28
GO:1903979	7
GO:0099526	1
GO:0016081	14
GO:0042974	22
GO:0048386	5
GO:0001651	7
GO:0040029	58
GO:0043035	6
GO:0140587	2
GO:0140588	7
GO:0005146	3
GO:0048861	5
GO:0004105	2
GO:0042587	8
GO:0097067	10
GO:1904090	13
GO:0001913	15
GO:0008239	10
GO:0016505	3
GO:0031642	11
GO:1903980	8
GO:0038020	5
GO:0070001	2
GO:0070201	12
GO:0099532	2
GO:1901143	5
GO:0050832	25
GO:0070946	3
GO:0098786	1
GO:1901731	11
GO:0002764	20
GO:0004177	33
GO:0010813	2
GO:0030108	1
GO:0033619	14
GO:0043129	32
GO:0060448	1
GO:0097208	8
GO:1990834	8
GO:0061037	10
GO:0016807	4
GO:0030200	10
GO:0043373	2
GO:0048002	5
GO:0060309	3
GO:0097655	6
GO:0031905	2
GO:0034769	3
GO:0160025	8
GO:2001259	2
GO:0030427	7
GO:0060491	5
GO:0097581	7
GO:0099010	9
GO:1990023	15
GO:0000381	73
GO:0006376	19
GO:0016441	9
GO:0021895	19
GO:0036002	18
GO:0042835	2
GO:0061157	31
GO:0097356	5
GO:0000301	10
GO:0002282	5
GO:0002881	1
GO:0016495	1
GO:0019960	5
GO:0021626	2
GO:0031737	3
GO:0048246	18
GO:0048874	10
GO:0097447	3
GO:0110091	5
GO:0150090	1
GO:1904124	2
GO:1904150	1
GO:0010669	14
GO:0046629	3
GO:0086067	3
GO:0086072	1
GO:0086082	1
GO:0098904	4
GO:0140575	4
GO:0140576	3
GO:0003106	1
GO:0009055	25
GO:0014895	1
GO:0016175	9
GO:0017004	3
GO:0034137	7
GO:0042554	22
GO:0043020	14
GO:1900426	10
GO:1904385	20
GO:1904845	4
GO:0016174	16
GO:0030171	2
GO:0097411	4
GO:0106292	4
GO:0006122	13
GO:0042743	8
GO:0006700	6
GO:0008207	13
GO:0008386	3
GO:0016705	121
GO:0034650	4
GO:0120178	1
GO:0002017	3
GO:0004507	2
GO:0032342	3
GO:0047783	2
GO:0004508	1
GO:0006702	17
GO:0016712	66
GO:0034651	3
GO:0042446	12
GO:0090031	6
GO:0002677	4
GO:0006710	5
GO:0010760	7
GO:0030540	6
GO:0061370	7
GO:0070330	9
GO:0101021	10
GO:2000866	3
GO:0002933	14
GO:0008391	27
GO:0009404	10
GO:0009804	5
GO:0009812	4
GO:0010041	2
GO:0016679	1
GO:0016711	1
GO:0017143	1
GO:0018894	4
GO:0018958	5
GO:0019341	1
GO:0032451	9
GO:0033595	3
GO:0042359	7
GO:0046209	5
GO:0070365	15
GO:0070576	3
GO:0101020	20
GO:0102033	14
GO:0106256	7
GO:0120319	8
GO:1901497	1
GO:1904010	3
GO:1904681	2
GO:0009403	1
GO:0009820	1
GO:0016098	2
GO:0034875	14
GO:0045333	25
GO:0070989	18
GO:0002930	3
GO:0006304	4
GO:0032088	25
GO:0033629	9
GO:0042537	2
GO:0046466	6
GO:0050649	11
GO:0071603	3
GO:0004509	1
GO:0006705	1
GO:0103069	1
GO:0106309	2
GO:0008403	1
GO:0030342	1
GO:0030343	4
GO:0036378	4
GO:0042369	3
GO:0062180	1
GO:0062181	2
GO:0008401	25
GO:0034653	7
GO:0062182	1
GO:0062183	2
GO:0008389	4
GO:0008392	46
GO:0019373	37
GO:0042168	10
GO:0008390	8
GO:0042180	8
GO:0062184	6
GO:0062187	13
GO:0062188	13
GO:0062189	14
GO:0008404	13
GO:0008405	11
GO:0046456	17
GO:0018601	1
GO:0018960	2
GO:0018979	1
GO:1901170	1
GO:0001990	1
GO:0071614	11
GO:0097254	4
GO:2000863	1
GO:0003958	5
GO:0035359	7
GO:0009822	5
GO:0004498	1
GO:0042368	2
GO:0062185	1
GO:0070564	6
GO:2000830	4
GO:0033781	1
GO:1903044	3
GO:0018685	10
GO:0048252	8
GO:0050051	12
GO:0103002	8
GO:0140981	8
GO:0120250	2
GO:0018879	3
GO:0008398	1
GO:0033488	1
GO:0033489	21
GO:0033490	22
GO:0036197	16
GO:0042177	50
GO:0044752	4
GO:0060282	3
GO:1900222	10
GO:0008123	2
GO:0033782	3
GO:0062013	3
GO:0070859	4
GO:0033783	1
GO:0044281	21
GO:0008397	1
GO:0045797	4
GO:0021517	10
GO:0021589	2
GO:0021813	1
GO:0048712	17
GO:0050771	15
GO:0051645	7
GO:0097477	3
GO:0140650	4
GO:0006907	4
GO:0035026	2
GO:0035612	12
GO:0060766	19
GO:0097017	4
GO:2000370	5
GO:2000643	9
GO:0046545	3
GO:0060244	4
GO:0008250	14
GO:0018279	20
GO:0160226	9
GO:0160227	8
GO:0002706	1
GO:0002822	1
GO:0030450	1
GO:2000516	3
GO:0016011	5
GO:0016203	1
GO:0016340	2
GO:0021682	1
GO:0034453	12
GO:0043237	7
GO:0060055	8
GO:0070938	7
GO:0098942	4
GO:0004143	11
GO:0006654	23
GO:0046339	14
GO:0046486	19
GO:0046834	10
GO:0047649	3
GO:0003884	2
GO:0006562	3
GO:0008718	1
GO:0019478	2
GO:0036088	1
GO:0043799	1
GO:0046416	2
GO:0055130	1
GO:0070178	2
GO:0070945	6
GO:0034423	1
GO:0043276	10
GO:1990266	17
GO:2000424	2
GO:2001242	6
GO:0043519	2
GO:0001504	11
GO:0005326	16
GO:0005330	4
GO:0005334	3
GO:0008504	9
GO:0015293	123
GO:0015844	9
GO:0015872	8
GO:0021984	9
GO:0035240	7
GO:0051620	7
GO:0090494	8
GO:1990384	8
GO:0006334	88
GO:0008432	17
GO:0030578	6
GO:0034620	14
GO:0036480	2
GO:0072738	2
GO:1900038	7
GO:1903936	6
GO:0007147	2
GO:0008494	10
GO:0045836	7
GO:0070935	17
GO:0002443	2
GO:0004500	3
GO:0006589	3
GO:0016715	4
GO:0031418	19
GO:0034466	2
GO:0034774	9
GO:0042309	2
GO:0046333	1
GO:1904705	1
GO:1905562	3
GO:2001236	6
GO:0030156	3
GO:0032994	2
GO:0036042	6
GO:0036151	12
GO:2001140	6
GO:0071800	9
GO:0043754	1
GO:0021515	2
GO:0021521	10
GO:0005042	6
GO:0021965	3
GO:0032584	9
GO:0033563	4
GO:0033564	5
GO:0004165	5
GO:0016863	5
GO:0004137	2
GO:0004138	2
GO:0006220	4
GO:0009224	4
GO:0019136	3
GO:0032546	1
GO:0032548	1
GO:0043771	4
GO:0046092	2
GO:0106384	2
GO:1901293	1
GO:0004505	3
GO:0006558	3
GO:0006729	7
GO:0008124	2
GO:0019293	3
GO:0004167	2
GO:0006583	4
GO:0021847	3
GO:0005868	25
GO:0005875	26
GO:0010457	11
GO:0030286	39
GO:0034454	11
GO:0035371	24
GO:0051081	6
GO:0060236	20
GO:0090063	8
GO:0099738	3
GO:0120103	8
GO:1904398	2
GO:0035082	39
GO:0007056	7
GO:0031465	6
GO:0045070	25
GO:0046726	4
GO:0051702	7
GO:0070914	13
GO:0080008	29
GO:0097510	5
GO:0097602	28
GO:0160072	8
GO:0004058	1
GO:0006520	25
GO:0015842	4
GO:0016830	9
GO:0036467	1
GO:0036468	1
GO:0042427	4
GO:0033140	1
GO:0006983	12
GO:0036119	4
GO:1902237	10
GO:1904738	6
GO:1990442	1
GO:1990874	5
GO:2000016	3
GO:0033981	1
GO:0050178	2
GO:0003725	83
GO:0005689	27
GO:0071008	3
GO:0005852	15
GO:0007276	119
GO:0008143	30
GO:0008190	9
GO:0022627	37
GO:0031053	11
GO:0032728	53
GO:0033592	6
GO:0034157	6
GO:0034161	3
GO:0035613	18
GO:0036493	4
GO:0043024	20
GO:0043186	21
GO:0070878	10
GO:0071243	8
GO:1903608	8
GO:0031047	62
GO:0034587	20
GO:0071546	9
GO:0071547	6
GO:0140965	4
GO:0141006	5
GO:0141196	17
GO:0000380	29
GO:0000956	25
GO:0009299	13
GO:0035500	2
GO:0045445	25
GO:0060765	14
GO:0061614	3
GO:2001014	7
GO:0016442	332
GO:0019074	2
GO:0035278	27
GO:0061830	3
GO:0097227	11
GO:0000993	32
GO:0001069	5
GO:0006353	13
GO:0033679	1
GO:0035195	357
GO:0035197	11
GO:0039695	1
GO:0045142	2
GO:0046833	5
GO:0047429	6
GO:0050434	6
GO:0050691	10
GO:0060760	6
GO:0061676	9
GO:0070578	10
GO:0070922	10
GO:0070937	6
GO:0097165	8
GO:0140640	9
GO:1905172	5
GO:1990518	3
GO:1990825	16
GO:2000765	3
GO:0031731	22
GO:0098542	12
GO:0051673	43
GO:0140911	45
GO:1905710	30
GO:0042284	3
GO:0050251	3
GO:0005337	8
GO:0015205	2
GO:0015207	3
GO:0015208	4
GO:0015210	3
GO:0015211	4
GO:0015212	3
GO:0015213	7
GO:0015851	3
GO:0015853	3
GO:0015854	1
GO:0015858	4
GO:0015860	6
GO:0015861	4
GO:0015862	7
GO:0032238	6
GO:0035340	5
GO:0035344	4
GO:0035364	2
GO:0072531	7
GO:1901642	8
GO:1903716	4
GO:1903791	3
GO:1904823	8
GO:0061303	10
GO:0045098	6
GO:0045111	52
GO:0051286	16
GO:0099512	9
GO:1902511	3
GO:0032642	5
GO:0003846	6
GO:0004144	6
GO:0006640	8
GO:0008374	31
GO:0019432	28
GO:0019992	11
GO:0035336	7
GO:0046321	10
GO:0050252	3
GO:1901738	2
GO:1902224	5
GO:0006843	1
GO:0015142	2
GO:0071913	1
GO:0005640	35
GO:0016628	8
GO:0033963	2
GO:0047598	1
GO:0160020	9
GO:0004146	1
GO:0005542	15
GO:0006231	9
GO:0016646	1
GO:0031427	1
GO:0033560	1
GO:0035999	15
GO:0046452	2
GO:0046653	10
GO:0046654	5
GO:0046655	7
GO:0051871	1
GO:0005113	7
GO:0016539	3
GO:0140853	3
GO:0035372	11
GO:0045010	12
GO:0051129	4
GO:0070571	5
GO:0071420	7
GO:0106028	5
GO:0004520	18
GO:0004536	7
GO:0030263	6
GO:0004800	3
GO:0008430	9
GO:0033798	3
GO:0042404	3
GO:0070460	3
GO:0042662	3
GO:0042663	1
GO:0060323	10
GO:0061743	9
GO:0090244	4
GO:1904723	1
GO:1904958	1
GO:0004148	1
GO:0006086	9
GO:0006090	4
GO:0009106	1
GO:0016668	5
GO:0043544	1
GO:0045254	8
GO:0051068	1
GO:0120551	3
GO:0160167	3
GO:0030953	12
GO:0043622	9
GO:0051660	10
GO:0060022	10
GO:0097016	3
GO:0097025	5
GO:0097120	9
GO:0098915	11
GO:0098919	13
GO:1902473	2
GO:1903286	1
GO:1903753	9
GO:1903764	3
GO:1990416	11
GO:0016188	9
GO:0021700	2
GO:0031697	4
GO:0031812	1
GO:0044224	12
GO:0044307	7
GO:0044309	16
GO:0071625	21
GO:0097109	4
GO:0098989	4
GO:0150012	8
GO:1904719	5
GO:1990635	14
GO:2000821	6
GO:0046850	10
GO:0002085	5
GO:0007386	4
GO:0009912	4
GO:0021688	1
GO:0021693	2
GO:0030947	8
GO:0034351	10
GO:0045605	3
GO:0045608	5
GO:0045611	1
GO:0046331	3
GO:0048631	1
GO:0048665	28
GO:0048871	9
GO:0060562	5
GO:0060853	1
GO:0061326	4
GO:0070986	14
GO:0072006	12
GO:0072070	3
GO:0097102	2
GO:1903672	28
GO:0001709	16
GO:0021544	5
GO:0021877	6
GO:0021892	4
GO:0021893	2
GO:0097154	14
GO:1902871	4
GO:0048755	6
GO:0035315	7
GO:0042633	30
GO:0071335	3
GO:0071895	10
GO:0021889	17
GO:0060166	3
GO:0097376	8
GO:0010830	6
GO:0014722	2
GO:0014853	1
GO:0017020	7
GO:0035800	8
GO:0000150	2
GO:0000730	3
GO:0006312	6
GO:0007131	29
GO:0042148	4
GO:0140097	1
GO:0140664	17
GO:1990918	14
GO:0005883	13
GO:0014904	9
GO:0021629	1
GO:0030055	7
GO:0043043	4
GO:0060857	2
GO:0061448	10
GO:0086001	4
GO:0090287	2
GO:0090659	11
GO:0099572	16
GO:0070173	3
GO:0008381	12
GO:0060005	6
GO:0060117	10
GO:0003341	57
GO:0003351	35
GO:0003356	9
GO:0007018	87
GO:0008569	20
GO:0035545	2
GO:0051959	30
GO:0060287	11
GO:0060294	30
GO:0097728	6
GO:0097729	46
GO:0120134	1
GO:0120229	7
GO:0003777	53
GO:0036157	12
GO:0036158	23
GO:0050708	16
GO:0002283	8
GO:0002673	4
GO:0004530	5
GO:0070948	2
GO:0010623	2
GO:0004531	2
GO:0032388	4
GO:0090235	5
GO:1905832	8
GO:0010970	8
GO:0045504	16
GO:0016185	4
GO:0031749	7
GO:0099049	1
GO:0099050	3
GO:1903423	5
GO:0044351	8
GO:0061572	3
GO:0097749	4
GO:0140239	1
GO:1902856	2
GO:1903351	5
GO:1903358	13
GO:1903526	2
GO:0003886	3
GO:0009008	2
GO:0043045	5
GO:0043073	4
GO:0051718	2
GO:0141119	2
GO:1903925	4
GO:1903926	4
GO:1905931	2
GO:0006400	27
GO:0008033	107
GO:0008175	9
GO:0008757	35
GO:0016428	5
GO:0030488	29
GO:0031048	10
GO:0045322	10
GO:0051719	2
GO:0106363	2
GO:0141068	9
GO:0141176	3
GO:1900039	4
GO:0141005	14
GO:0016581	17
GO:0070182	22
GO:0061669	9
GO:0099502	14
GO:0005068	15
GO:0014701	4
GO:0071782	21
GO:0090158	7
GO:0003975	1
GO:0003976	3
GO:0006488	18
GO:0016780	12
GO:0006751	6
GO:0008800	4
GO:0016805	12
GO:0034235	10
GO:1901749	2
GO:0004582	2
GO:0006506	32
GO:0019673	6
GO:0033185	3
GO:0035269	18
GO:0043048	7
GO:0043178	2
GO:0180047	4
GO:0000506	8
GO:0002337	4
GO:0002709	1
GO:0002717	4
GO:0036343	7
GO:0090024	4
GO:1901381	17
GO:0016251	37
GO:0017054	2
GO:0051123	49
GO:0140223	2
GO:0140672	14
GO:0008271	9
GO:0015116	12
GO:0019531	10
GO:0019532	11
GO:0140900	14
GO:1902358	16
GO:0001588	2
GO:0004952	5
GO:0007212	12
GO:0021756	14
GO:0031701	3
GO:0031750	4
GO:0044326	10
GO:0046960	5
GO:0060158	9
GO:0097648	2
GO:2001224	23
GO:0001591	3
GO:0007195	5
GO:0021769	3
GO:0034776	4
GO:0035815	2
GO:0046717	3
GO:0051481	21
GO:0051584	3
GO:0051586	3
GO:0060160	4
GO:0090276	4
GO:1900168	2
GO:0004993	13
GO:0008355	6
GO:0010738	5
GO:0030594	18
GO:0044292	9
GO:0098664	7
GO:1901588	5
GO:0045924	3
GO:1901673	23
GO:0030011	7
GO:0002160	2
GO:0086042	1
GO:0086073	6
GO:0038007	8
GO:0060060	4
GO:0060219	6
GO:1990890	2
GO:0002934	8
GO:0003165	2
GO:0010719	39
GO:0005914	3
GO:1904704	1
GO:1905477	8
GO:0031110	16
GO:0046907	14
GO:0060053	3
GO:0099513	7
GO:0005452	18
GO:0060468	6
GO:0016014	1
GO:0005148	28
GO:1903489	27
GO:0004843	93
GO:0017017	13
GO:0022007	4
GO:0060029	5
GO:0060071	19
GO:0090103	30
GO:0099054	12
GO:0007379	7
GO:0035282	3
GO:0035567	30
GO:0006303	41
GO:0031452	2
GO:0033120	17
GO:0033173	17
GO:0140857	1
GO:1902003	4
GO:1902996	3
GO:1990935	7
GO:0070345	5
GO:1990086	4
GO:0016528	27
GO:0009794	1
GO:0010564	21
GO:0030981	2
GO:0051225	39
GO:1902480	2
GO:1902888	1
GO:1905721	3
GO:1990498	16
GO:1900108	3
GO:1900124	1
GO:0070742	16
GO:0000247	1
GO:0004769	12
GO:0016125	15
GO:0047750	2
GO:0002828	1
GO:0005134	5
GO:0010466	2
GO:0098965	4
GO:0009893	9
GO:0048022	5
GO:1901857	18
GO:0032147	6
GO:0045859	4
GO:0090630	18
GO:0097149	3
GO:2000431	1
GO:0038177	4
GO:0061153	3
GO:0003245	1
GO:0038036	9
GO:1903141	2
GO:0010827	8
GO:0014033	15
GO:0014034	3
GO:0014826	4
GO:0030202	7
GO:0031707	1
GO:0031708	3
GO:0032308	12
GO:0034696	3
GO:0044751	2
GO:0045178	21
GO:0060385	11
GO:0061028	22
GO:0070101	2
GO:0071372	19
GO:0071389	3
GO:0097492	5
GO:0160195	3
GO:1902287	4
GO:1903537	5
GO:1905653	5
GO:0009932	1
GO:0010961	6
GO:0003207	3
GO:0003220	5
GO:0003228	4
GO:0004962	3
GO:0007382	2
GO:0048484	15
GO:0060324	23
GO:0090184	4
GO:0097152	5
GO:1905871	1
GO:0007497	1
GO:0014043	5
GO:0031620	2
GO:0032341	2
GO:0035645	1
GO:1990839	2
GO:0001739	6
GO:0005677	10
GO:0016230	3
GO:0034250	5
GO:0045834	14
GO:0140718	8
GO:1905038	5
GO:0000049	96
GO:0003746	18
GO:0006414	47
GO:0005853	3
GO:0008097	14
GO:0140242	50
GO:0004686	1
GO:0031037	1
GO:0031952	3
GO:0071454	2
GO:0140245	4
GO:1990637	2
GO:0003199	3
GO:0010605	7
GO:0014028	5
GO:0043535	5
GO:0050730	3
GO:0061002	9
GO:0046849	23
GO:0050731	5
GO:0072178	5
GO:1903849	4
GO:2000727	8
GO:0016198	2
GO:0099557	2
GO:1905608	1
GO:0021940	5
GO:0043388	8
GO:0051048	4
GO:0051223	17
GO:1900127	5
GO:1902966	11
GO:1905278	5
GO:0005006	4
GO:0048408	3
GO:0061029	16
GO:0090037	3
GO:0097489	1
GO:1902722	3
GO:1905208	1
GO:0010385	7
GO:0033233	1
GO:0044729	4
GO:0045475	25
GO:0060086	4
GO:0071504	3
GO:0071506	2
GO:0072110	1
GO:0072303	1
GO:0098759	1
GO:1901875	1
GO:2000182	2
GO:0021569	4
GO:0021612	10
GO:0021659	1
GO:0021660	1
GO:0021665	1
GO:0021666	1
GO:0035284	3
GO:0035767	10
GO:0045586	4
GO:0020018	3
GO:0031095	2
GO:0071494	6
GO:0003743	65
GO:0043023	15
GO:0005850	6
GO:0032057	2
GO:0033290	17
GO:0036490	2
GO:0043558	4
GO:0044207	1
GO:0062197	3
GO:0097451	3
GO:1904373	5
GO:0004694	4
GO:0006446	28
GO:0010998	2
GO:0032933	10
GO:0036491	3
GO:0036492	1
GO:0060734	1
GO:0071074	5
GO:1902010	4
GO:1902235	5
GO:1903788	2
GO:0002183	28
GO:0005851	5
GO:0001732	15
GO:0002188	4
GO:0016282	18
GO:0043614	3
GO:0071540	2
GO:0071541	8
GO:0075522	11
GO:0075525	5
GO:0016973	23
GO:0016281	10
GO:0000340	14
GO:0006406	61
GO:0031370	1
GO:0098808	4
GO:0099578	6
GO:0002192	2
GO:0031929	21
GO:1990928	7
GO:0036457	4
GO:0090330	8
GO:0001712	3
GO:0060806	2
GO:0032422	4
GO:0008023	22
GO:0035363	4
GO:0042795	10
GO:0042796	9
GO:0030023	6
GO:0071953	5
GO:0017101	12
GO:0070094	3
GO:0035879	4
GO:0032541	8
GO:0071763	6
GO:0160045	2
GO:0045180	7
GO:0071963	4
GO:0097427	6
GO:0001787	5
GO:0010594	10
GO:0043549	3
GO:0044854	2
GO:0045022	25
GO:0060136	10
GO:0070252	3
GO:2001212	3
GO:0021796	9
GO:0021885	3
GO:0160194	2
GO:0030917	5
GO:0070358	4
GO:0010499	4
GO:0031463	72
GO:0000014	11
GO:0032043	1
GO:0090297	3
GO:1901300	6
GO:0003208	9
GO:0003209	7
GO:0003273	4
GO:0005534	5
GO:0022617	18
GO:0034713	12
GO:0070278	5
GO:0070483	2
GO:1905007	4
GO:1905065	2
GO:1905310	1
GO:2000136	1
GO:0000015	4
GO:0004634	4
GO:0046166	12
GO:0004230	1
GO:0070006	21
GO:0101023	3
GO:0001714	6
GO:0002302	2
GO:0010002	2
GO:0048708	21
GO:0060706	6
GO:0060809	3
GO:0032364	9
GO:0048625	3
GO:1903181	3
GO:2000434	7
GO:0042731	9
GO:1904778	5
GO:0002175	5
GO:0030865	13
GO:0071205	5
GO:0106006	2
GO:1990227	3
GO:0003810	9
GO:0043249	22
GO:0010801	4
GO:0033137	2
GO:0050732	5
GO:0071786	14
GO:0090315	7
GO:0008200	9
GO:0044829	10
GO:0048524	4
GO:0032777	4
GO:0035092	60
GO:0051155	8
GO:0140463	21
GO:1902275	13
GO:0005003	14
GO:0005005	11
GO:0032682	7
GO:0048570	7
GO:0060035	1
GO:1901491	4
GO:0005004	8
GO:0097155	3
GO:0097156	2
GO:0048681	13
GO:0048710	3
GO:0060384	23
GO:0097161	1
GO:0097485	6
GO:0106030	2
GO:0008046	11
GO:0016310	10
GO:0048671	9
GO:0006929	9
GO:0021934	3
GO:0046580	28
GO:0097104	7
GO:1900450	2
GO:2000316	3
GO:0001806	2
GO:0004301	5
GO:0016803	1
GO:0033961	1
GO:0034312	1
GO:0097176	3
GO:0120253	1
GO:0033885	1
GO:0042577	5
GO:0046272	1
GO:0046839	14
GO:0052642	7
GO:0031629	11
GO:0061952	24
GO:1903575	7
GO:0006796	11
GO:0008138	18
GO:0015813	23
GO:0019203	1
GO:0030247	16
GO:0046835	23
GO:0098554	20
GO:0098556	7
GO:2001069	9
GO:2001070	3
GO:0090148	27
GO:1905445	4
GO:0030128	1
GO:0005128	3
GO:0038162	9
GO:0061032	9
GO:1902251	1
GO:0004900	1
GO:1901033	1
GO:0031593	41
GO:0010458	16
GO:0017146	9
GO:0030832	4
GO:0002215	4
GO:0032714	5
GO:0072677	1
GO:0140825	3
GO:0044323	7
GO:0001042	3
GO:0002116	11
GO:0038133	13
GO:0038143	2
GO:0021545	4
GO:0038128	5
GO:0038131	3
GO:0038132	6
GO:0070886	22
GO:0009891	13
GO:0010647	10
GO:0021551	2
GO:0038130	5
GO:0045937	2
GO:0050811	18
GO:0061026	4
GO:0071073	5
GO:0072046	2
GO:0000109	6
GO:0000110	3
GO:0000720	4
GO:0032204	13
GO:0032205	6
GO:0036297	35
GO:0060261	61
GO:0061819	4
GO:0070522	5
GO:0090656	5
GO:1904431	3
GO:1905765	4
GO:1990599	5
GO:0000462	23
GO:0005669	31
GO:0006283	12
GO:0006362	9
GO:0040016	10
GO:0042274	75
GO:0043139	9
GO:0045951	1
GO:0048820	7
GO:0000112	1
GO:0006265	9
GO:0097550	14
GO:0030728	7
GO:0042700	2
GO:0048160	2
GO:0051151	10
GO:0010668	2
GO:0018738	1
GO:0035238	1
GO:0047376	8
GO:0001547	5
GO:0030284	4
GO:0030518	23
GO:0031798	2
GO:0043401	6
GO:0051000	1
GO:0060523	3
GO:0060527	7
GO:0060745	4
GO:0099130	2
GO:1904035	1
GO:0048521	1
GO:0060743	4
GO:1903924	4
GO:0060713	4
GO:0000018	2
GO:0051304	4
GO:0140750	5
GO:0048024	18
GO:0004525	3
GO:0006396	1317
GO:0010586	10
GO:0017151	9
GO:0031054	14
GO:0035196	19
GO:0070877	2
GO:2000628	7
GO:0043467	4
GO:1900037	6
GO:0007501	6
GO:2000382	2
GO:0007638	3
GO:0007296	4
GO:0046974	11
GO:0070828	11
GO:0098727	9
GO:0140947	8
GO:0140948	5
GO:0001067	2
GO:1903860	8
GO:1904800	1
GO:0051495	6
GO:1900028	6
GO:1902905	1
GO:0002786	3
GO:0097377	1
GO:0000271	7
GO:0002524	1
GO:0003128	1
GO:0003415	4
GO:0006024	20
GO:0008375	22
GO:0010803	14
GO:0015012	29
GO:0015020	28
GO:0017145	13
GO:0021554	14
GO:0036339	1
GO:0042044	3
GO:0048733	11
GO:0050508	3
GO:0050509	2
GO:0050654	6
GO:0051923	25
GO:0060506	1
GO:0060560	4
GO:0060792	1
GO:0061974	1
GO:0062094	2
GO:0071503	3
GO:0072498	5
GO:0097241	5
GO:0120193	7
GO:1901706	3
GO:1990823	2
GO:0042328	1
GO:0043541	5
GO:0014706	10
GO:0035909	18
GO:0042473	9
GO:0048752	9
GO:0071600	2
GO:0072513	5
GO:0140793	3
GO:0016279	27
GO:0031509	8
GO:0036333	2
GO:0042054	39
GO:0046976	6
GO:0098687	6
GO:0140719	9
GO:0140951	3
GO:0014013	2
GO:0014834	5
GO:0035984	6
GO:0043406	10
GO:0045617	10
GO:0051154	3
GO:0071707	3
GO:0015075	11
GO:0015180	9
GO:0015194	6
GO:0015808	7
GO:0015825	6
GO:0140300	3
GO:0032008	35
GO:0070493	10
GO:0002248	7
GO:0003105	6
GO:0015057	4
GO:0031094	3
GO:0036145	4
GO:1900134	1
GO:0001648	2
GO:0002286	31
GO:0002720	20
GO:0003104	4
GO:0034140	3
GO:0034141	6
GO:0043311	2
GO:0070661	4
GO:0070963	1
GO:1900135	2
GO:2000341	4
GO:0002541	1
GO:0002543	3
GO:0010641	6
GO:1905286	2
GO:0031091	20
GO:0010037	3
GO:0097068	4
GO:1904400	1
GO:1905217	1
GO:1905225	1
GO:0099518	2
GO:1901799	12
GO:0047372	16
GO:0052651	7
GO:0150036	4
GO:0032365	3
GO:0050543	1
GO:0140214	1
GO:2001245	1
GO:0045179	12
GO:0098856	3
GO:0005488	2
GO:0006071	16
GO:0006639	5
GO:0022600	2
GO:0032052	14
GO:0032934	6
GO:0035733	6
GO:0046462	2
GO:0046463	1
GO:0062126	1
GO:0072546	12
GO:0097709	9
GO:0141124	7
GO:1901568	2
GO:1904659	18
GO:0004467	15
GO:0010747	3
GO:0034201	3
GO:0047676	11
GO:0050197	2
GO:0070251	2
GO:0090433	2
GO:0090434	4
GO:0060340	20
GO:0070236	5
GO:0071550	2
GO:0097527	9
GO:2000454	1
GO:0007172	2
GO:0060396	13
GO:1900024	5
GO:0034098	9
GO:0036337	3
GO:1990917	8
GO:0004334	1
GO:0006527	5
GO:0006559	8
GO:0006572	6
GO:0009072	10
GO:1902000	1
GO:0044393	4
GO:0090091	11
GO:0043240	14
GO:1905936	1
GO:2000348	4
GO:0010710	2
GO:0097325	5
GO:1902362	2
GO:1903054	1
GO:1905368	1
GO:0005031	7
GO:0006925	5
GO:0010626	9
GO:0031104	3
GO:0032872	9
GO:0071248	8
GO:1900148	4
GO:1901532	6
GO:0048388	4
GO:1903514	3
GO:1905782	2
GO:0004312	1
GO:0004313	1
GO:0004314	2
GO:0004315	2
GO:0004316	2
GO:0008611	8
GO:0016297	2
GO:0019171	1
GO:0031177	1
GO:0141148	2
GO:0000375	9
GO:0016482	3
GO:0032444	3
GO:0003412	1
GO:0000028	14
GO:0019941	9
GO:0031386	14
GO:0000494	4
GO:0008649	4
GO:0016074	1
GO:0031167	14
GO:0031428	7
GO:0032040	73
GO:0048254	4
GO:0180021	1
GO:1990259	2
GO:0071635	5
GO:1904237	3
GO:0001527	13
GO:0032100	6
GO:0035583	4
GO:0048050	4
GO:1903444	6
GO:2001205	5
GO:1901163	4
GO:0006002	15
GO:0042132	2
GO:0042578	2
GO:0071477	4
GO:0001820	4
GO:0016068	2
GO:0019767	3
GO:0019768	1
GO:0019863	6
GO:0032752	3
GO:0032765	6
GO:0038095	5
GO:0043308	5
GO:0032998	7
GO:0002292	4
GO:0002431	2
GO:0002554	3
GO:0010543	6
GO:0033026	4
GO:0042590	12
GO:0002450	2
GO:0002925	8
GO:0019769	1
GO:0038096	4
GO:0160006	5
GO:0001788	7
GO:0019770	4
GO:0019771	1
GO:0019884	4
GO:0031774	1
GO:0001811	1
GO:0002862	12
GO:0002924	3
GO:0019772	2
GO:0030881	19
GO:0097367	11
GO:2001065	3
GO:0002233	4
GO:0043654	5
GO:1903028	7
GO:0008299	15
GO:0016765	10
GO:0045338	1
GO:0051996	1
GO:0022900	13
GO:0140647	2
GO:1902031	4
GO:0004324	1
GO:0004325	1
GO:0009589	1
GO:0046501	4
GO:0046906	2
GO:0046984	2
GO:0031462	85
GO:0031867	2
GO:0051438	2
GO:0140627	15
GO:1902041	7
GO:0004523	4
GO:0008409	10
GO:0017108	7
GO:0043137	4
GO:0045876	4
GO:0048256	2
GO:0001932	9
GO:0008157	39
GO:0033007	5
GO:0035426	4
GO:0038109	3
GO:0050904	5
GO:0120179	1
GO:0043304	7
GO:0009994	4
GO:0016500	10
GO:2001013	5
GO:0005577	6
GO:0072377	1
GO:0072562	8
GO:0090277	9
GO:0005104	22
GO:0032148	6
GO:0060681	1
GO:0072163	1
GO:1901509	4
GO:2000544	3
GO:0005111	5
GO:0030538	4
GO:0030916	8
GO:0031076	15
GO:0032808	8
GO:0032925	2
GO:0042693	4
GO:0046877	2
GO:0048557	21
GO:0048730	10
GO:0048807	3
GO:0050674	1
GO:0050677	2
GO:0060436	1
GO:0060447	4
GO:0060496	1
GO:0060510	8
GO:0060513	4
GO:0060594	4
GO:0060595	2
GO:0060615	2
GO:0060661	1
GO:0060664	7
GO:0060665	5
GO:0060667	2
GO:0060879	1
GO:0060915	2
GO:0061033	3
GO:0061115	1
GO:0070075	2
GO:0070352	2
GO:0070384	5
GO:0071338	1
GO:1902178	3
GO:0098908	6
GO:1905150	1
GO:0045200	3
GO:1904862	24
GO:1905152	2
GO:1903421	2
GO:0070858	3
GO:0005105	6
GO:2000546	3
GO:0010764	11
GO:0014843	1
GO:0021762	2
GO:0042660	3
GO:0060591	5
GO:1902748	2
GO:1902913	1
GO:1904977	3
GO:2000738	20
GO:2001028	15
GO:0055026	2
GO:0010463	11
GO:0001839	4
GO:0008078	6
GO:0021543	3
GO:0021798	7
GO:0021884	9
GO:0048702	10
GO:0048853	12
GO:0090134	2
GO:0120223	3
GO:0003231	8
GO:0048505	6
GO:1900149	7
GO:0005007	5
GO:0010966	4
GO:0021827	1
GO:0021872	3
GO:0022028	5
GO:0035607	2
GO:0051174	3
GO:0070640	3
GO:0090080	6
GO:1903465	1
GO:2001239	1
GO:0035602	1
GO:0035603	1
GO:0035604	1
GO:0048562	19
GO:0060365	1
GO:0060463	8
GO:0060529	2
GO:0060601	1
GO:0061031	4
GO:0010518	1
GO:0010712	2
GO:0022010	22
GO:0048640	1
GO:0061144	4
GO:0070977	2
GO:0071864	9
GO:0019751	2
GO:0070401	6
GO:0002291	8
GO:0002617	1
GO:0043381	1
GO:0032815	8
GO:0034988	9
GO:0050764	13
GO:0000821	2
GO:0004333	1
GO:0006106	1
GO:0006108	9
GO:2001034	17
GO:0015964	1
GO:0043530	4
GO:0047352	1
GO:0047627	1
GO:0047710	3
GO:0055014	3
GO:0001716	3
GO:0006569	9
GO:0019440	1
GO:0106329	1
GO:0038084	18
GO:0043185	2
GO:0060754	7
GO:0000012	13
GO:0000280	8
GO:0000796	8
GO:0010032	6
GO:0045132	6
GO:0051383	5
GO:0051984	14
GO:0098813	8
GO:1905820	10
GO:1905821	8
GO:0010314	22
GO:0016176	8
GO:0032266	49
GO:0043168	7
GO:0070273	39
GO:0032330	13
GO:0050867	3
GO:0070318	8
GO:0071897	33
GO:0005528	4
GO:0098562	2
GO:1990425	2
GO:0051280	8
GO:0051284	3
GO:0006463	1
GO:0031111	2
GO:0048341	8
GO:0048343	2
GO:0048703	10
GO:1902257	2
GO:0032873	7
GO:0046578	10
GO:0048806	9
GO:1902914	1
GO:0007495	1
GO:0000266	20
GO:0008195	14
GO:0046337	6
GO:0046473	8
GO:1905694	1
GO:0030280	61
GO:1990254	7
GO:0044291	27
GO:1901890	2
GO:0044860	4
GO:0098937	4
GO:1902992	4
GO:0005021	7
GO:0036323	1
GO:0036332	1
GO:1901534	5
GO:1904046	3
GO:0002328	5
GO:0002572	3
GO:0035726	13
GO:0045578	4
GO:0046651	7
GO:0001779	23
GO:0030885	1
GO:0032825	12
GO:0071866	4
GO:0090290	6
GO:0060312	3
GO:0035136	13
GO:0051127	6
GO:0072092	3
GO:0004499	9
GO:0034899	3
GO:0047822	3
GO:0047638	1
GO:0002151	10
GO:0007215	10
GO:0032797	10
GO:0034046	10
GO:0044830	6
GO:0060965	3
GO:0090461	7
GO:0097396	3
GO:0098817	2
GO:0098976	12
GO:0098977	7
GO:0099577	3
GO:0140006	2
GO:1901254	1
GO:1901386	3
GO:1901800	16
GO:1902737	4
GO:1990247	12
GO:2000301	5
GO:2000637	7
GO:0032783	6
GO:0035063	4
GO:0007044	5
GO:0007161	3
GO:0033622	11
GO:0045340	9
GO:0150102	3
GO:1901166	7
GO:0003363	1
GO:0021816	1
GO:1904861	10
GO:0004659	15
GO:0004660	2
GO:0004661	4
GO:0004662	2
GO:0004663	4
GO:0005953	2
GO:0005965	2
GO:0007323	1
GO:0008318	6
GO:0010698	12
GO:0018343	2
GO:0060632	2
GO:0003147	1
GO:0015884	5
GO:0061714	2
GO:0071231	2
GO:0009629	5
GO:0014856	3
GO:0034224	6
GO:0035976	6
GO:0071374	9
GO:0072375	1
GO:1903131	3
GO:1904321	4
GO:1990646	4
GO:0003334	14
GO:0035962	2
GO:0036446	6
GO:0060427	2
GO:0070254	9
GO:0098760	1
GO:1901142	11
GO:1904606	1
GO:1904760	1
GO:0004326	1
GO:0006536	15
GO:0006760	3
GO:0009396	3
GO:0016881	3
GO:0046901	1
GO:0002768	10
GO:0004982	7
GO:0005124	5
GO:0019230	5
GO:0034986	5
GO:0044571	10
GO:0044572	5
GO:0048250	4
GO:0099128	5
GO:1990229	11
GO:0008048	3
GO:0055120	1
GO:0042699	7
GO:0001545	4
GO:0004963	1
GO:0010640	2
GO:0022602	4
GO:0032350	5
GO:0033044	19
GO:0033146	10
GO:0060408	1
GO:0140011	1
GO:0140012	1
GO:0140015	3
GO:0140033	3
GO:2000330	5
GO:0038102	2
GO:0051798	7
GO:0006547	5
GO:0006548	5
GO:0019556	4
GO:0019557	4
GO:0030409	1
GO:0030412	1
GO:0070288	1
GO:0030897	13
GO:0070695	5
GO:1905719	10
GO:0006664	3
GO:0008107	3
GO:0008417	10
GO:0009312	16
GO:0031127	2
GO:0032580	72
GO:0036065	9
GO:0036066	7
GO:1904640	3
GO:1904906	7
GO:0006493	60
GO:0006688	10
GO:0017083	3
GO:0046920	5
GO:0106402	2
GO:1902624	10
GO:0001807	1
GO:0002361	3
GO:0002522	2
GO:0006672	25
GO:0046626	13
GO:0060353	1
GO:1903236	2
GO:1904994	1
GO:2000389	1
GO:0006491	21
GO:0036445	4
GO:0042719	5
GO:0042721	7
GO:0045039	12
GO:0140318	12
GO:0045581	5
GO:0035770	17
GO:0043232	5
GO:0051292	11
GO:0051664	5
GO:1902373	3
GO:0000304	1
GO:0007216	15
GO:0010730	4
GO:0042610	13
GO:1900449	3
GO:1902176	13
GO:1905232	9
GO:1905430	4
GO:1905664	3
GO:0017147	30
GO:0042813	16
GO:2000739	4
GO:0033278	5
GO:0036514	3
GO:0036515	4
GO:0001553	10
GO:0007223	4
GO:0031987	9
GO:0042701	2
GO:0061299	8
GO:0061301	1
GO:0110135	5
GO:0002071	7
GO:0008595	7
GO:0031077	5
GO:0060061	3
GO:0060574	4
GO:0060715	2
GO:0060718	6
GO:1901382	2
GO:2000810	12
GO:0035880	4
GO:0042666	1
GO:1990851	4
GO:1904394	1
GO:1990523	4
GO:0000725	5
GO:0005958	6
GO:0043564	3
GO:0045027	3
GO:0045621	6
GO:0051575	8
GO:0070418	5
GO:0070419	8
GO:0097680	11
GO:0015926	2
GO:0017177	2
GO:0033919	1
GO:0090599	6
GO:0106407	1
GO:0004346	4
GO:0015760	5
GO:0016773	20
GO:0042301	14
GO:0046415	11
GO:0051156	12
GO:1904638	4
GO:0004345	3
GO:0005536	14
GO:0006098	15
GO:0009051	5
GO:0016614	6
GO:0019322	3
GO:0046390	2
GO:0006741	9
GO:0006089	9
GO:0015152	1
GO:0061513	3
GO:0004558	5
GO:0043181	1
GO:0043896	1
GO:0050884	16
GO:0120282	1
GO:0001825	30
GO:0045653	5
GO:0004890	19
GO:0016917	5
GO:0022851	18
GO:0050809	3
GO:0099507	24
GO:1902710	5
GO:1902711	19
GO:0005237	2
GO:0099192	2
GO:0150047	6
GO:0060119	10
GO:0042747	1
GO:0022824	9
GO:0005332	6
GO:0008028	15
GO:0015718	17
GO:0015812	5
GO:0031460	3
GO:0005283	8
GO:0005308	4
GO:0005369	3
GO:0015185	6
GO:0015734	9
GO:0015881	4
GO:0051939	6
GO:0004351	2
GO:0006538	3
GO:0016595	15
GO:0061202	2
GO:0090326	3
GO:0006540	1
GO:0004966	8
GO:0031763	1
GO:0031764	1
GO:0031765	2
GO:0031766	2
GO:0031943	2
GO:0050672	7
GO:0051795	3
GO:0060746	2
GO:0004336	4
GO:0006683	2
GO:0001574	11
GO:0003947	1
GO:0008376	11
GO:0016758	34
GO:1901137	11
GO:0006047	5
GO:0019276	4
GO:0004653	18
GO:0005976	1
GO:0050650	24
GO:0016266	13
GO:0043647	5
GO:0046488	39
GO:0090663	2
GO:0006012	7
GO:0006258	1
GO:0008108	1
GO:0033499	5
GO:0061623	3
GO:1901136	2
GO:1901292	2
GO:0006601	2
GO:0030731	1
GO:0046498	5
GO:0004365	4
GO:0019828	9
GO:0031906	2
GO:0035605	5
GO:0035606	1
GO:0097452	6
GO:0004637	1
GO:0004641	1
GO:0004644	1
GO:0009113	4
GO:0016879	3
GO:0046084	1
GO:0060628	7
GO:0001544	2
GO:0001961	9
GO:0019064	7
GO:0019079	5
GO:0032692	6
GO:0035457	24
GO:0046813	4
GO:0070168	8
GO:0071307	2
GO:1900142	2
GO:2000533	1
GO:0008301	15
GO:0010724	4
GO:0010725	3
GO:0030220	22
GO:0030221	2
GO:0030222	6
GO:0035854	2
GO:0060319	6
GO:0021514	3
GO:0021533	4
GO:0021902	6
GO:0045654	11
GO:0060872	2
GO:0061101	11
GO:1901533	4
GO:2000977	1
GO:0032736	15
GO:0032754	13
GO:0035799	4
GO:0035898	2
GO:0045061	5
GO:0045622	3
GO:0060374	2
GO:0060676	5
GO:0072107	4
GO:2000607	1
GO:2000611	5
GO:2000679	3
GO:2000683	1
GO:2000703	1
GO:2000734	1
GO:0003190	4
GO:0003192	5
GO:0003195	4
GO:0003290	2
GO:0036302	10
GO:0051525	6
GO:0060464	1
GO:0060540	1
GO:0071371	8
GO:1905204	1
GO:0062000	1
GO:0001949	3
GO:0002759	2
GO:0003163	4
GO:0003309	14
GO:0003310	8
GO:0007493	2
GO:0032912	1
GO:0060486	4
GO:1904003	1
GO:0004348	3
GO:0006678	2
GO:0006680	2
GO:0008422	3
GO:0009247	14
GO:0014004	12
GO:0021694	2
GO:0023021	3
GO:0046527	6
GO:0050295	2
GO:1901805	1
GO:1904457	5
GO:1905037	6
GO:0019002	4
GO:0020005	9
GO:0031347	10
GO:0044406	10
GO:0051715	9
GO:0030695	20
GO:0140973	3
GO:0021555	4
GO:0021568	2
GO:0021794	14
GO:0021930	7
GO:0048483	3
GO:0051960	7
GO:0035461	2
GO:0090482	5
GO:1902118	1
GO:0035520	9
GO:0051252	10
GO:0061649	7
GO:0101005	22
GO:0140673	10
GO:1900246	11
GO:1902238	2
GO:1905035	2
GO:1990167	4
GO:1990380	21
GO:2000812	1
GO:0045159	9
GO:2000401	3
GO:0031767	2
GO:0031769	2
GO:0004967	3
GO:0070873	5
GO:0003934	1
GO:0042558	3
GO:0042559	1
GO:0046146	3
GO:0051066	1
GO:0140535	4
GO:0060018	4
GO:0060143	3
GO:0060800	3
GO:0018394	3
GO:0031083	15
GO:0032418	33
GO:0051036	12
GO:0062196	9
GO:0098574	12
GO:0099078	8
GO:0000124	22
GO:0022037	4
GO:0031346	11
GO:0033276	18
GO:0043992	3
GO:0043997	12
GO:0046600	6
GO:0048312	12
GO:0106078	1
GO:0106227	1
GO:0106228	1
GO:0106229	1
GO:1903010	5
GO:2000036	16
GO:0001217	16
GO:2000741	5
GO:0003829	3
GO:0060352	3
GO:0008109	2
GO:0006147	5
GO:0006161	6
GO:0008892	1
GO:0046038	9
GO:0046055	10
GO:0046098	2
GO:0005763	33
GO:0032543	92
GO:0004368	2
GO:0006072	9
GO:0006127	3
GO:0046168	2
GO:0047952	3
GO:0141152	1
GO:0021512	1
GO:0072560	3
GO:1902870	4
GO:0032525	14
GO:0048859	4
GO:0090009	12
GO:0043932	3
GO:2001054	8
GO:0001555	3
GO:2000870	1
GO:0005093	2
GO:1903565	3
GO:0019563	7
GO:0003337	6
GO:0021516	8
GO:0021784	2
GO:0072106	1
GO:0072108	4
GO:2001260	6
GO:0051310	16
GO:0045103	3
GO:0070779	6
GO:1904714	1
GO:0009996	1
GO:0010957	4
GO:0070105	3
GO:1903706	12
GO:0004360	2
GO:0006042	1
GO:0006048	9
GO:0045719	10
GO:1901135	11
GO:0005030	4
GO:0016167	5
GO:1904894	13
GO:0008242	3
GO:0034722	1
GO:0046900	1
GO:0004161	2
GO:0004311	3
GO:0004337	2
GO:0006720	4
GO:0033384	2
GO:0033386	1
GO:0045337	2
GO:0120531	1
GO:0047276	3
GO:0000138	9
GO:0003831	5
GO:0003945	5
GO:0004461	3
GO:0005989	2
GO:0008378	9
GO:0035250	3
GO:0060046	4
GO:0061755	1
GO:0098638	1
GO:0000048	2
GO:0002951	2
GO:0016755	1
GO:0031179	4
GO:0036374	4
GO:0061017	4
GO:0103068	4
GO:0005131	6
GO:0032107	2
GO:0033143	2
GO:0045927	8
GO:0070186	1
GO:0070195	2
GO:0071469	3
GO:0004903	1
GO:0060397	13
GO:0060400	9
GO:0016608	2
GO:0031770	1
GO:0016520	3
GO:0043567	9
GO:0060133	2
GO:0006824	8
GO:0015889	8
GO:0031419	9
GO:0140355	3
GO:0048642	7
GO:0038192	2
GO:0042304	6
GO:0004983	12
GO:0002069	3
GO:0003294	2
GO:0003347	3
GO:0005243	22
GO:0005922	20
GO:0010232	1
GO:0010643	3
GO:0010644	8
GO:0010652	2
GO:0015562	16
GO:0015867	14
GO:0032277	2
GO:0034634	7
GO:0034775	7
GO:0035437	6
GO:0045844	2
GO:0055077	6
GO:0060156	1
GO:0086064	3
GO:0086075	2
GO:0099111	1
GO:1903763	4
GO:1905772	1
GO:1990349	7
GO:0003174	3
GO:0003193	2
GO:0003283	9
GO:0003284	1
GO:0035922	2
GO:0086015	5
GO:0086044	1
GO:0086053	3
GO:0086054	2
GO:0086076	1
GO:0086077	3
GO:0086078	1
GO:0098905	2
GO:0098906	1
GO:0098910	3
GO:1900133	2
GO:1990029	1
GO:0032645	2
GO:0015868	1
GO:0042048	11
GO:0060708	4
GO:0042471	5
GO:0004370	4
GO:0046167	4
GO:0120317	8
GO:0004357	2
GO:0017109	2
GO:0019852	9
GO:0097069	2
GO:2000490	2
GO:0035226	1
GO:1990609	1
GO:0007418	2
GO:0009913	16
GO:0021936	7
GO:0060032	2
GO:1990788	4
GO:2000345	4
GO:0007442	4
GO:0021508	3
GO:0021520	14
GO:0021775	3
GO:0021776	3
GO:0035295	14
GO:0060603	10
GO:0060831	6
GO:0097542	14
GO:0021801	5
GO:0022018	1
GO:0043586	13
GO:0046639	3
GO:0060364	3
GO:0060366	1
GO:0060367	1
GO:0060873	1
GO:0060875	1
GO:0061005	3
GO:0004335	2
GO:0019402	1
GO:0004356	2
GO:0006542	2
GO:0018345	9
GO:0019676	2
GO:0019706	26
GO:0097275	1
GO:1903670	7
GO:1904749	2
GO:0004416	3
GO:0019243	5
GO:0001653	7
GO:0031204	8
GO:0044508	1
GO:0046879	6
GO:1990911	4
GO:0006820	21
GO:0016594	14
GO:0016933	2
GO:0016934	6
GO:0030977	2
GO:0060012	3
GO:2000344	10
GO:0016935	2
GO:0097112	5
GO:0004359	4
GO:0006537	4
GO:0006543	3
GO:0004352	1
GO:0004353	1
GO:0004354	1
GO:0010044	4
GO:0016639	1
GO:0070403	16
GO:0070728	6
GO:0015187	9
GO:0015375	3
GO:0015816	13
GO:0046985	5
GO:0060092	1
GO:0061537	1
GO:1903804	6
GO:0009313	8
GO:0032428	1
GO:0005834	35
GO:0007208	9
GO:0019001	18
GO:0045634	3
GO:0047391	5
GO:0031752	3
GO:0160221	6
GO:0007198	9
GO:0010854	2
GO:0010855	5
GO:0031821	4
GO:0071878	5
GO:0090651	6
GO:0097538	2
GO:0006904	23
GO:0031852	4
GO:0071867	2
GO:1904014	1
GO:0007206	4
GO:0030142	2
GO:0040032	1
GO:2000828	1
GO:0007603	8
GO:0007632	4
GO:0009583	4
GO:0016056	4
GO:0042670	4
GO:0050917	7
GO:0097719	8
GO:0120302	2
GO:0048877	4
GO:0051938	8
GO:0150103	9
GO:1904390	4
GO:0015935	22
GO:0072344	37
GO:0106070	5
GO:1990630	2
GO:2000543	8
GO:2001125	2
GO:0031682	2
GO:0036367	3
GO:1990603	2
GO:0061725	2
GO:1905693	1
GO:0031680	2
GO:0007168	11
GO:0045761	1
GO:0043584	8
GO:0071444	1
GO:0006555	5
GO:0017174	1
GO:0034708	2
GO:0170033	2
GO:0170039	1
GO:1901052	1
GO:0006650	10
GO:0016287	1
GO:0005183	1
GO:0031530	1
GO:0033087	1
GO:0035864	8
GO:1990008	1
GO:2000354	2
GO:0004968	2
GO:0004069	3
GO:0004609	2
GO:0006114	3
GO:0006532	3
GO:0006533	3
GO:0019550	2
GO:0031406	19
GO:0043490	10
GO:0043648	5
GO:0047801	2
GO:0097054	1
GO:0120554	1
GO:1990267	1
GO:0016212	4
GO:0010572	14
GO:1990779	5
GO:0006066	4
GO:0020028	2
GO:0030492	8
GO:0031994	13
GO:0034311	1
GO:0061156	6
GO:0061642	2
GO:0070447	6
GO:0090101	4
GO:1904447	3
GO:0008517	4
GO:0061851	4
GO:1904328	1
GO:0035739	1
GO:0035740	1
GO:0003923	3
GO:0016255	5
GO:0042765	5
GO:0180046	5
GO:0004366	4
GO:0006651	8
GO:0006655	3
GO:0016024	13
GO:0032288	8
GO:0040037	17
GO:0070052	5
GO:1905475	5
GO:0010171	1
GO:0060422	1
GO:0072111	2
GO:0072180	2
GO:0072203	2
GO:2000050	3
GO:0032746	1
GO:0045624	2
GO:0070915	5
GO:0071453	6
GO:0141162	30
GO:1904566	1
GO:0097003	4
GO:0097004	2
GO:0004347	1
GO:0016857	4
GO:0061620	1
GO:1904539	5
GO:1904540	3
GO:0017176	4
GO:0004621	1
GO:0004630	8
GO:0010694	1
GO:0010983	3
GO:0071401	2
GO:0019911	11
GO:0051612	4
GO:0036505	2
GO:0045964	5
GO:0001785	2
GO:0004953	1
GO:0004956	2
GO:0004958	2
GO:2000255	4
GO:0008502	4
GO:0070444	2
GO:1900748	13
GO:0001607	2
GO:0042924	2
GO:0043295	20
GO:0002029	11
GO:0004703	6
GO:0050254	2
GO:0007217	8
GO:0047696	4
GO:0001885	6
GO:0097413	4
GO:0004362	1
GO:0005091	2
GO:0005168	6
GO:0043560	15
GO:0070436	2
GO:0120039	1
GO:0017185	4
GO:0019797	3
GO:0021540	8
GO:0017126	2
GO:0019843	48
GO:0070037	1
GO:0070475	7
GO:0030258	7
GO:0036150	5
GO:0036152	7
GO:0036335	7
GO:0071617	4
GO:0106262	4
GO:0106263	4
GO:1905885	3
GO:0004970	15
GO:0004971	6
GO:0008328	6
GO:0009744	3
GO:0010226	4
GO:0022849	10
GO:0044308	4
GO:0060992	6
GO:0071359	6
GO:0099544	4
GO:0005234	5
GO:0015277	6
GO:0099094	4
GO:0106033	2
GO:0032983	6
GO:0099530	3
GO:0005313	14
GO:0014054	7
GO:0008066	12
GO:0097471	2
GO:0120169	1
GO:0001640	6
GO:0007196	9
GO:0006621	6
GO:0004972	7
GO:0018964	1
GO:0021586	1
GO:0051290	16
GO:0060179	9
GO:0099565	8
GO:1903539	4
GO:1905429	1
GO:0032012	21
GO:0033058	3
GO:0097151	10
GO:0099646	1
GO:0005149	15
GO:0141161	8
GO:0031644	8
GO:0001046	21
GO:0004883	1
GO:0031946	1
GO:0031958	2
GO:0042921	4
GO:0051414	6
GO:2000322	2
GO:0001639	2
GO:0038037	2
GO:0038038	1
GO:0098712	9
GO:0098872	1
GO:0099583	2
GO:0001642	4
GO:0060266	6
GO:0150053	11
GO:1902564	6
GO:1904075	2
GO:1905247	1
GO:1905671	7
GO:1905673	6
GO:1902035	11
GO:0019153	4
GO:0042825	3
GO:0061779	2
GO:0036498	10
GO:1903895	7
GO:0043207	3
GO:1903942	4
GO:0014036	2
GO:0045143	6
GO:0072354	2
GO:0021527	13
GO:0021575	4
GO:0060163	2
GO:0000184	42
GO:0003747	7
GO:0006415	11
GO:0006449	5
GO:0018444	3
GO:0032790	22
GO:0004363	1
GO:0035731	7
GO:1901687	5
GO:0046223	2
GO:0018916	3
GO:0070458	4
GO:0035730	3
GO:0097057	4
GO:2000429	1
GO:0009751	2
GO:0018900	1
GO:0047651	1
GO:0014810	1
GO:0045174	2
GO:0050610	2
GO:0016034	1
GO:0046966	29
GO:0000438	3
GO:0014733	4
GO:0014886	2
GO:0005879	43
GO:0018095	5
GO:0060296	9
GO:0160112	13
GO:0033696	2
GO:0000177	14
GO:0061014	17
GO:0071025	2
GO:1904678	3
GO:0016423	6
GO:0043527	6
GO:0160117	1
GO:0160118	1
GO:0010454	5
GO:0010455	2
GO:0030249	2
GO:0030250	4
GO:0004383	11
GO:0006182	16
GO:0003031	1
GO:0004984	1158
GO:0005549	415
GO:0016941	4
GO:0050906	4
GO:0050911	1157
GO:0004385	4
GO:0006185	1
GO:0046037	6
GO:0046054	2
GO:0046060	3
GO:0046710	4
GO:0046711	1
GO:0047484	4
GO:0004373	2
GO:0016234	23
GO:0061547	1
GO:0032078	1
GO:0043392	5
GO:0051354	2
GO:1902483	1
GO:0002839	9
GO:0006465	15
GO:0036513	8
GO:0042500	8
GO:1904211	2
GO:0031492	20
GO:0002504	10
GO:0002485	3
GO:0005797	25
GO:0032398	17
GO:0033106	24
GO:0046703	28
GO:0046977	16
GO:0046978	19
GO:0046979	19
GO:0062061	13
GO:0070971	37
GO:0032395	2
GO:0016272	7
GO:1990062	11
GO:0005385	26
GO:0006829	25
GO:0046873	20
GO:0071577	23
GO:0110075	1
GO:0047035	7
GO:0106386	2
GO:1990204	8
GO:0002287	1
GO:0002477	1
GO:0002399	2
GO:0002587	2
GO:0002489	2
GO:0002854	2
GO:0003857	5
GO:0008709	1
GO:0018454	1
GO:0030678	3
GO:0044594	2
GO:0047015	1
GO:0047044	10
GO:0062173	1
GO:0070901	3
GO:0097745	3
GO:0106281	1
GO:0106282	1
GO:0106283	1
GO:1990180	4
GO:0004397	1
GO:0016841	1
GO:0003144	1
GO:0003218	3
GO:0003219	4
GO:0060536	7
GO:0003278	3
GO:0048935	8
GO:0061309	6
GO:0061325	2
GO:1903929	3
GO:2001262	1
GO:0001561	6
GO:0003973	2
GO:0006545	5
GO:0010181	15
GO:0046296	1
GO:0047969	1
GO:0017157	30
GO:0021979	5
GO:0031587	1
GO:0032901	2
GO:0048311	8
GO:0090261	7
GO:1902513	4
GO:1902857	12
GO:0004812	40
GO:0004821	2
GO:0006418	33
GO:0006427	2
GO:0050501	3
GO:0030212	11
GO:0036117	2
GO:0005344	13
GO:0005833	11
GO:0031720	4
GO:0031838	12
GO:0031721	7
GO:0031722	2
GO:0031714	1
GO:0004408	1
GO:0044545	11
GO:0044665	8
GO:0048188	15
GO:0071339	31
GO:0071801	3
GO:0051169	4
GO:0098855	4
GO:0140232	1
GO:0071321	7
GO:0098719	25
GO:1904045	6
GO:0044316	5
GO:0005001	5
GO:0160162	5
GO:0008156	14
GO:0031771	1
GO:0031772	1
GO:0051971	7
GO:0004407	19
GO:0019213	15
GO:0032732	11
GO:0033558	14
GO:0034739	2
GO:0035851	3
GO:0042659	13
GO:0050847	14
GO:0060297	4
GO:0090571	11
GO:0141221	9
GO:0160008	4
GO:0160009	4
GO:0160010	2
GO:0160216	3
GO:1902437	2
GO:1902455	21
GO:2000736	21
GO:1990381	19
GO:0048742	4
GO:1902809	4
GO:0000153	4
GO:0006515	19
GO:0010727	1
GO:0010821	22
GO:0019896	11
GO:0032461	4
GO:0032984	9
GO:0035967	1
GO:0036479	2
GO:0042903	2
GO:0043131	6
GO:0043162	27
GO:0043242	3
GO:0047611	2
GO:0048843	11
GO:0051646	12
GO:0061734	6
GO:0070842	7
GO:0070845	1
GO:0090042	1
GO:0106047	2
GO:0106048	2
GO:1900409	3
GO:1905336	2
GO:0001692	3
GO:0001694	2
GO:0004398	1
GO:0019244	5
GO:0021988	3
GO:0021990	1
GO:0042297	8
GO:1900180	11
GO:1904580	4
GO:1905289	3
GO:1905291	4
GO:1905505	2
GO:0001832	10
GO:0010561	3
GO:0031508	4
GO:0160179	1
GO:1904040	1
GO:0021558	2
GO:0035910	4
GO:0043398	4
GO:0045687	7
GO:0045977	2
GO:0048667	15
GO:0060164	4
GO:0060675	4
GO:0061009	5
GO:0061106	2
GO:0071820	1
GO:0072049	4
GO:0072050	6
GO:0072141	1
GO:0072282	3
GO:1905934	1
GO:2000227	2
GO:2000974	3
GO:2000981	2
GO:0021781	3
GO:0072086	4
GO:0030203	7
GO:1905379	2
GO:0006044	16
GO:0015929	3
GO:0016231	2
GO:0043615	8
GO:0036304	2
GO:0045607	5
GO:0060837	6
GO:0060842	4
GO:0072087	1
GO:0060633	5
GO:0060948	5
GO:0060977	6
GO:0065004	5
GO:2000723	1
GO:0002725	5
GO:1904283	1
GO:1990641	3
GO:2001186	3
GO:0035878	6
GO:0097535	2
GO:1902232	2
GO:0002508	1
GO:0002635	2
GO:0002897	1
GO:0032053	6
GO:0044458	36
GO:0060972	12
GO:0072016	1
GO:1901248	2
GO:0014822	1
GO:0030323	6
GO:0048371	2
GO:0048613	1
GO:0060461	1
GO:0061030	4
GO:0072189	7
GO:0097070	6
GO:0021852	3
GO:0060678	1
GO:0072076	1
GO:0072210	4
GO:0072213	1
GO:0072267	1
GO:0072268	2
GO:0004411	1
GO:0070572	1
GO:1901299	5
GO:0010758	3
GO:2000479	1
GO:0010324	6
GO:0033565	2
GO:0140036	11
GO:1903543	15
GO:0010793	9
GO:0022027	10
GO:0060431	2
GO:0061010	3
GO:0061011	1
GO:1904689	1
GO:0097108	4
GO:0007289	11
GO:0030382	7
GO:0001678	30
GO:0006110	14
GO:0010573	6
GO:0032909	4
GO:0051541	2
GO:0061072	7
GO:0009154	1
GO:0016926	12
GO:0016929	10
GO:0060059	8
GO:0046790	6
GO:0050882	7
GO:0043508	4
GO:0000417	1
GO:0140713	13
GO:0004340	5
GO:0004396	5
GO:0006013	10
GO:0008865	5
GO:0019158	3
GO:0042834	20
GO:0047931	1
GO:0061728	3
GO:0046324	7
GO:0000154	5
GO:0000179	3
GO:0006390	7
GO:0006391	5
GO:0008988	3
GO:0034246	4
GO:0004418	1
GO:0004852	2
GO:0000401	1
GO:0000402	1
GO:0001773	6
GO:0002270	2
GO:0002281	18
GO:0002643	2
GO:0002840	1
GO:0003681	3
GO:0010858	1
GO:0017055	2
GO:0032425	3
GO:0034165	9
GO:0035868	3
GO:0045063	15
GO:0051052	5
GO:0097100	5
GO:1905455	1
GO:2000343	15
GO:2000426	2
GO:0040034	2
GO:0002111	1
GO:0004419	2
GO:0016833	2
GO:0046951	4
GO:0004420	1
GO:0006743	3
GO:0010664	3
GO:0015936	4
GO:0019287	6
GO:0004421	2
GO:0010142	2
GO:0034284	2
GO:0035357	13
GO:0046965	23
GO:0062037	2
GO:0106068	5
GO:0003131	1
GO:0035501	1
GO:0043922	12
GO:0060123	3
GO:0071141	5
GO:2001033	7
GO:0004392	2
GO:0006788	2
GO:0016242	13
GO:0072719	5
GO:1904550	2
GO:0010106	2
GO:0014860	1
GO:0060528	4
GO:0060739	3
GO:0060741	3
GO:1902691	2
GO:1904340	2
GO:0001705	2
GO:0007164	1
GO:0010470	6
GO:0035983	1
GO:0070540	2
GO:0090368	1
GO:0003311	2
GO:0005697	21
GO:0070034	22
GO:0090367	3
GO:1990826	2
GO:1990827	1
GO:0032211	20
GO:0061752	2
GO:0098505	11
GO:1990814	3
GO:0051253	5
GO:0060341	10
GO:0030628	7
GO:1902165	1
GO:1990715	6
GO:1990829	3
GO:0097157	13
GO:0007634	2
GO:0021570	3
GO:0021571	3
GO:0021599	2
GO:0050795	12
GO:0060876	1
GO:1902761	2
GO:0048619	5
GO:0060847	1
GO:2001055	4
GO:0021658	1
GO:0021615	4
GO:0060435	5
GO:0060480	3
GO:0060481	2
GO:0060535	4
GO:0060638	3
GO:0060764	2
GO:0021546	2
GO:0048539	11
GO:0043587	8
GO:0060602	1
GO:0097298	1
GO:0030305	1
GO:0051797	4
GO:1904974	1
GO:1901385	1
GO:0003868	2
GO:0016701	3
GO:0004957	5
GO:0007567	6
GO:0016404	1
GO:1905828	1
GO:0004465	7
GO:0006658	7
GO:0008970	15
GO:0016298	21
GO:0035478	2
GO:0046461	1
GO:0070008	4
GO:0004422	1
GO:0006178	1
GO:0046100	1
GO:0052657	1
GO:0015232	7
GO:0015886	6
GO:0060332	1
GO:0060335	8
GO:0032454	12
GO:0042809	9
GO:0140683	5
GO:0160185	4
GO:1905360	2
GO:2000630	4
GO:1902081	3
GO:0004969	4
GO:0015085	9
GO:0051381	1
GO:0071421	11
GO:0001697	1
GO:0001698	2
GO:0046986	1
GO:0016274	10
GO:0033142	2
GO:0033210	12
GO:0035242	7
GO:0048588	2
GO:0140938	8
GO:0008170	3
GO:0008276	22
GO:0030519	1
GO:0035241	5
GO:0044020	5
GO:0045652	7
GO:0048273	8
GO:0061431	7
GO:0106080	1
GO:0016892	1
GO:0120241	1
GO:0120242	1
GO:0120243	1
GO:0008146	58
GO:0008467	7
GO:0000974	23
GO:0031686	3
GO:0044743	1
GO:0055131	5
GO:0061635	18
GO:0061738	3
GO:0072318	4
GO:0097214	2
GO:0098880	9
GO:0140545	5
GO:1900226	18
GO:1902904	2
GO:1904592	1
GO:1904593	1
GO:1904764	1
GO:1990832	1
GO:1990833	1
GO:1990836	2
GO:1903955	8
GO:0006713	2
GO:0008212	1
GO:0043456	2
GO:0047022	1
GO:0070524	1
GO:0070523	1
GO:0047045	7
GO:0072582	4
GO:0018812	8
GO:0033989	1
GO:0036111	1
GO:0036112	1
GO:0000253	7
GO:0047024	6
GO:0003854	7
GO:0001162	10
GO:0061770	3
GO:0071478	4
GO:0090084	10
GO:0098847	2
GO:1900034	3
GO:1904843	1
GO:1903748	3
GO:1905259	2
GO:0000502	63
GO:0008426	1
GO:0090038	1
GO:0099641	8
GO:1900408	10
GO:0002755	9
GO:0030135	4
GO:0034514	2
GO:0045041	4
GO:0048291	1
GO:0140030	3
GO:0140494	8
GO:0070370	5
GO:0070434	7
GO:0036128	17
GO:0070194	2
GO:0002134	4
GO:0002135	2
GO:0007004	19
GO:0017098	3
GO:0019062	3
GO:0030911	9
GO:0032564	4
GO:0120293	18
GO:0141069	8
GO:1905323	6
GO:0002230	34
GO:0030150	23
GO:0032273	5
GO:0045585	3
GO:1902988	1
GO:1902037	6
GO:1903707	2
GO:0015016	4
GO:0050119	4
GO:0102140	3
GO:0008169	1
GO:0008173	21
GO:0030697	2
GO:0001586	6
GO:0007210	10
GO:0014053	6
GO:0031117	6
GO:0051378	11
GO:0099589	11
GO:0098666	4
GO:0099154	3
GO:0014827	4
GO:0001587	3
GO:0010513	3
GO:0014832	9
GO:0031652	5
GO:0044380	2
GO:0050951	5
GO:0071886	2
GO:1904015	3
GO:0032098	10
GO:0043397	1
GO:0022850	4
GO:0140227	2
GO:1904602	2
GO:0030277	15
GO:0120056	1
GO:0014058	1
GO:0062086	1
GO:0005335	3
GO:0006837	8
GO:0019811	1
GO:0021941	2
GO:0032227	3
GO:0051610	8
GO:0090067	1
GO:0098810	5
GO:0000512	1
GO:0045772	1
GO:0150048	7
GO:0097158	2
GO:1905870	7
GO:0030896	5
GO:0033314	11
GO:0044778	2
GO:0004415	9
GO:0052757	2
GO:0006027	5
GO:0033906	2
GO:0051046	8
GO:0097753	4
GO:0140090	4
GO:0002457	6
GO:0022614	5
GO:0072683	2
GO:0097368	5
GO:0002273	3
GO:0002285	4
GO:0002316	4
GO:0032479	9
GO:0019219	4
GO:0032233	16
GO:0070628	21
GO:0001966	4
GO:0002521	10
GO:0003166	3
GO:0009649	4
GO:1904339	4
GO:1904797	1
GO:0072750	2
GO:1901707	1
GO:0061682	1
GO:0010992	5
GO:0031597	7
GO:0031626	1
GO:0043559	5
GO:0004450	2
GO:0006097	2
GO:0060696	1
GO:0071071	2
GO:0004449	2
GO:0045242	3
GO:0002666	3
GO:0002678	2
GO:0002830	7
GO:0004833	3
GO:0019441	5
GO:0033754	2
GO:0034276	2
GO:0034354	9
GO:0004423	1
GO:0003940	1
GO:0030211	1
GO:0048878	4
GO:0090341	2
GO:0120158	2
GO:0001562	4
GO:0000159	18
GO:1900036	1
GO:0044546	22
GO:0090140	9
GO:0140367	19
GO:1901612	17
GO:1904417	12
GO:0010819	2
GO:0045236	11
GO:0048248	5
GO:0042405	14
GO:0140610	5
GO:1904972	1
GO:0002312	25
GO:0002323	26
GO:0005132	24
GO:0043330	44
GO:0004904	1
GO:0004905	2
GO:0008269	1
GO:0019962	2
GO:0033080	2
GO:0035455	12
GO:0035456	13
GO:0008811	1
GO:0045071	46
GO:0071636	10
GO:0071676	2
GO:0140123	1
GO:0150079	10
GO:1904465	3
GO:1905604	4
GO:0001781	3
GO:0005133	2
GO:0019627	1
GO:0032224	8
GO:0032834	1
GO:0034767	6
GO:0038196	3
GO:0046449	3
GO:0060552	1
GO:0060557	2
GO:0071351	2
GO:0090312	3
GO:1903935	5
GO:1904440	2
GO:0004906	2
GO:0007600	11
GO:0010560	7
GO:0014896	1
GO:0031017	11
GO:0032878	4
GO:0035630	8
GO:0035867	4
GO:0042567	4
GO:0060283	1
GO:1904193	3
GO:1904692	7
GO:1990009	4
GO:0005009	9
GO:0005010	1
GO:0005520	12
GO:0005899	4
GO:0051446	3
GO:0090068	6
GO:1902911	3
GO:0051147	9
GO:0060720	2
GO:0031995	8
GO:1905394	9
GO:0048495	9
GO:0002041	1
GO:0010556	4
GO:0032740	27
GO:2000304	8
GO:0042568	2
GO:2000844	1
GO:0016942	1
GO:1901862	1
GO:1904205	1
GO:0042571	9
GO:0071735	11
GO:0002637	11
GO:0071756	11
GO:0071757	1
GO:0019814	211
GO:0042007	2
GO:0060267	6
GO:0071748	11
GO:0071750	1
GO:0071751	12
GO:0071752	2
GO:0043374	8
GO:0030704	1
GO:0034189	5
GO:0048074	1
GO:0060220	1
GO:0061053	15
GO:0001516	20
GO:0002792	2
GO:0035691	1
GO:0035693	1
GO:0035718	2
GO:0042658	1
GO:1903140	9
GO:1903347	5
GO:0051650	8
GO:0070530	25
GO:1990450	3
GO:0002875	1
GO:0005141	1
GO:0034465	3
GO:0045347	5
GO:0051045	7
GO:0140105	6
GO:1900100	4
GO:1903034	1
GO:0004920	2
GO:0019969	1
GO:0005142	1
GO:0002860	7
GO:0005143	5
GO:0032816	11
GO:0035722	8
GO:0042163	1
GO:0043514	2
GO:0045513	1
GO:1903588	7
GO:0001912	2
GO:0002708	2
GO:0032819	9
GO:0042164	1
GO:0045519	2
GO:0051142	6
GO:0070743	2
GO:0016517	1
GO:0038155	6
GO:0042019	2
GO:0042020	2
GO:0042022	3
GO:0072536	4
GO:0005144	1
GO:0035772	3
GO:2000231	1
GO:0016515	1
GO:0001866	3
GO:0045062	3
GO:0042010	3
GO:1902565	3
GO:0002225	2
GO:0032739	1
GO:0038173	7
GO:0072537	7
GO:0097400	11
GO:0097530	3
GO:1903882	3
GO:2000340	5
GO:0030368	5
GO:0071621	5
GO:0072538	5
GO:0045515	1
GO:0045630	7
GO:2000256	3
GO:2000504	3
GO:2000556	8
GO:0004908	6
GO:0042008	2
GO:0045092	2
GO:0001660	5
GO:1904445	1
GO:0032890	1
GO:0050999	2
GO:0070164	4
GO:1902680	2
GO:1903531	5
GO:1905075	5
GO:0004909	2
GO:0005161	14
GO:0010286	1
GO:0019966	7
GO:2000661	1
GO:0004910	2
GO:0032690	4
GO:2000660	6
GO:0008063	7
GO:0034134	5
GO:0038172	8
GO:0002114	2
GO:0099545	3
GO:0005150	2
GO:0005151	1
GO:0005152	1
GO:0045352	1
GO:0045353	1
GO:0002366	4
GO:0031851	2
GO:0046013	3
GO:2000320	11
GO:2000561	2
GO:0002664	1
GO:0004911	2
GO:0019976	3
GO:0002335	2
GO:0032831	6
GO:0035771	7
GO:0038111	8
GO:0038113	8
GO:0002763	3
GO:0005135	2
GO:0033028	5
GO:0070668	6
GO:0004912	1
GO:0019978	1
GO:0036016	6
GO:0002296	5
GO:0002695	4
GO:0005136	3
GO:0031296	4
GO:0043031	12
GO:0048295	3
GO:0070351	1
GO:2000538	3
GO:0004913	1
GO:0045626	4
GO:0005137	2
GO:0045645	2
GO:0004914	1
GO:0032674	1
GO:0002384	1
GO:0005896	3
GO:0014015	4
GO:0032745	2
GO:0048635	2
GO:0061470	11
GO:0070091	1
GO:0070092	4
GO:0072540	9
GO:0140072	3
GO:2000635	4
GO:0004915	2
GO:0019981	2
GO:0070119	1
GO:0004923	2
GO:0004924	3
GO:0005900	2
GO:0038165	4
GO:0045509	2
GO:0070104	2
GO:0070106	15
GO:0005139	2
GO:0001915	5
GO:0004917	1
GO:0005140	1
GO:0004919	1
GO:0019983	1
GO:0160091	4
GO:0010761	25
GO:0072697	4
GO:0043367	7
GO:0032474	4
GO:0140469	4
GO:1990611	2
GO:0006404	3
GO:0006610	3
GO:0007079	3
GO:0007080	44
GO:0008139	23
GO:0035332	20
GO:0040001	4
GO:0042564	9
GO:0061608	18
GO:0000801	8
GO:0051257	2
GO:1990385	2
GO:0043512	2
GO:0043513	1
GO:0046880	2
GO:0021773	4
GO:0043509	1
GO:0051799	3
GO:0060279	4
GO:0070699	3
GO:1903449	1
GO:0032686	1
GO:1904017	4
GO:0004441	2
GO:0046854	40
GO:0052829	1
GO:0004439	12
GO:0004445	8
GO:0046856	25
GO:0052658	7
GO:0052745	3
GO:0030487	1
GO:0034485	8
GO:0034594	3
GO:0045659	2
GO:0052659	6
GO:0006661	16
GO:0032957	7
GO:0010750	5
GO:0045922	4
GO:0046631	3
GO:1904619	1
GO:0005732	13
GO:2000018	1
GO:0010310	4
GO:0031405	1
GO:0043423	3
GO:0060417	1
GO:2000194	2
GO:0060971	7
GO:0097543	4
GO:1904108	1
GO:0034124	2
GO:2000564	3
GO:0034136	6
GO:0034144	12
GO:0047613	1
GO:0071393	5
GO:0072573	2
GO:0090275	2
GO:0141038	6
GO:0072272	2
GO:0003167	3
GO:0060932	1
GO:0072047	1
GO:0070721	3
GO:0021524	3
GO:0021559	6
GO:0048880	2
GO:0048936	5
GO:0060379	11
GO:0060913	3
GO:0060931	6
GO:0072201	7
GO:1901258	1
GO:0009896	8
GO:0034450	15
GO:0039532	8
GO:0090085	1
GO:0141198	19
GO:2000646	7
GO:0006971	3
GO:0008305	28
GO:0034666	3
GO:0038064	4
GO:0038065	7
GO:0098639	5
GO:0070442	3
GO:0031345	5
GO:0034667	2
GO:0003366	2
GO:0034668	3
GO:0034669	2
GO:0090074	1
GO:0098657	3
GO:1903039	5
GO:1905351	2
GO:1990405	11
GO:1990771	1
GO:0023035	10
GO:0034674	2
GO:0034675	2
GO:0034676	1
GO:0097534	2
GO:0005927	6
GO:0034677	2
GO:0030369	3
GO:0034687	3
GO:0035683	2
GO:0001846	3
GO:0034688	3
GO:0043315	7
GO:0045123	5
GO:0060376	3
GO:1904151	4
GO:0032369	5
GO:0032490	3
GO:0034682	2
GO:0034683	3
GO:0034684	2
GO:0034685	2
GO:0034686	2
GO:0035262	2
GO:0050748	2
GO:0071604	2
GO:1990430	6
GO:2000536	1
GO:0034689	3
GO:0021943	5
GO:0032594	1
GO:0034665	2
GO:0034679	3
GO:0034680	2
GO:0034681	2
GO:0048626	1
GO:0051951	2
GO:0060912	3
GO:0098640	5
GO:0150054	5
GO:0006469	13
GO:0032091	6
GO:0090313	2
GO:2001044	6
GO:0035866	2
GO:0051611	2
GO:1900731	1
GO:0000054	6
GO:0000470	11
GO:0005638	6
GO:1902626	1
GO:0043379	3
GO:0061520	4
GO:0032653	2
GO:0032655	3
GO:0070237	2
GO:0071349	2
GO:0086080	8
GO:0070492	17
GO:0004576	2
GO:0004579	2
GO:0002317	6
GO:0042985	7
GO:0030660	10
GO:0032023	1
GO:0006193	1
GO:0009143	6
GO:0009204	1
GO:0035870	2
GO:0036220	1
GO:0036222	1
GO:0005220	3
GO:0005955	6
GO:0015278	8
GO:0031088	3
GO:0070679	14
GO:0098695	1
GO:0000822	5
GO:0043533	5
GO:0050913	26
GO:0050916	8
GO:0098833	4
GO:0150007	2
GO:0032495	13
GO:0061073	5
GO:0061444	1
GO:0072015	10
GO:0072017	3
GO:0042492	5
GO:1990134	1
GO:0031730	8
GO:0150105	9
GO:0031959	1
GO:0034050	1
GO:0035401	1
GO:0038163	7
GO:0042976	1
GO:0060399	3
GO:0061180	10
GO:0070671	3
GO:0097012	1
GO:0140546	1
GO:1902728	2
GO:1905539	2
GO:1905869	5
GO:2000318	10
GO:0002731	1
GO:0070232	4
GO:0070672	2
GO:2000670	4
GO:2000212	1
GO:0032452	13
GO:1902682	1
GO:0097733	10
GO:2000369	11
GO:0033687	7
GO:0050982	13
GO:0071665	1
GO:0005251	24
GO:0023041	4
GO:0034705	15
GO:0050976	4
GO:0086011	10
GO:0099508	17
GO:1905030	5
GO:0015271	20
GO:0021633	2
GO:0097623	16
GO:0055075	21
GO:0086014	7
GO:0086050	1
GO:0086052	1
GO:0086087	1
GO:0086089	3
GO:0086090	1
GO:0098914	4
GO:1902259	2
GO:1990002	2
GO:1990031	1
GO:0045163	6
GO:2000671	3
GO:0032589	4
GO:0005250	4
GO:0071193	2
GO:0086003	11
GO:0086008	4
GO:0086013	5
GO:1902282	10
GO:0005242	26
GO:1902937	6
GO:1903765	6
GO:0051935	2
GO:0008282	4
GO:0015272	3
GO:0014861	1
GO:0015693	17
GO:0015467	4
GO:1990566	2
GO:0010087	2
GO:0060920	2
GO:0060922	1
GO:0061535	4
GO:0022841	15
GO:0098782	3
GO:1904551	3
GO:0003029	2
GO:0005252	1
GO:0099605	5
GO:0071502	2
GO:0097604	2
GO:1990478	1
GO:0015269	12
GO:0032344	1
GO:0060072	2
GO:0060073	4
GO:1904348	3
GO:0022414	2
GO:1903413	5
GO:0016286	4
GO:0022894	1
GO:0071637	2
GO:0071674	4
GO:0015705	9
GO:0035934	2
GO:0055064	13
GO:0060453	2
GO:1990794	4
GO:0097314	2
GO:0097432	1
GO:0099610	5
GO:0099611	3
GO:1903701	4
GO:0003157	5
GO:0036324	6
GO:0038085	6
GO:0097443	5
GO:0141150	1
GO:1904881	3
GO:0004454	1
GO:0016052	4
GO:0061624	3
GO:0061625	3
GO:0007100	5
GO:0008574	17
GO:0051231	2
GO:0140014	5
GO:0005871	48
GO:0035459	4
GO:0072383	3
GO:0003774	52
GO:0001704	6
GO:0080025	30
GO:0098971	9
GO:1990075	6
GO:0098840	3
GO:0099012	6
GO:0099519	4
GO:1990048	4
GO:1990049	5
GO:0047497	8
GO:1990778	4
GO:0098935	4
GO:0031114	4
GO:0071532	7
GO:0098934	1
GO:0016939	3
GO:0036334	2
GO:0120170	7
GO:1902414	10
GO:1905128	1
GO:2000771	1
GO:0036372	2
GO:0090724	7
GO:0035617	7
GO:0051642	22
GO:0098987	2
GO:0099609	2
GO:0101004	4
GO:0160040	8
GO:0008298	9
GO:0098964	3
GO:1903008	4
GO:0044782	43
GO:0046587	1
GO:0045218	3
GO:0002732	5
GO:0005020	1
GO:0038093	3
GO:0070662	2
GO:0097324	3
GO:0097326	1
GO:0120072	1
GO:1904251	3
GO:1904343	2
GO:1904349	3
GO:0004566	2
GO:0031392	1
GO:0099178	4
GO:0097533	2
GO:0001010	2
GO:0002357	11
GO:0014740	2
GO:0032206	32
GO:0035014	6
GO:0120222	4
GO:1904998	1
GO:2000342	11
GO:0071387	1
GO:0051919	4
GO:0002255	1
GO:0002936	2
GO:0002223	13
GO:0032394	8
GO:0032814	8
GO:0042269	11
GO:0062080	1
GO:0062082	2
GO:0062081	1
GO:0002228	2
GO:0023030	2
GO:0014841	7
GO:0043657	2
GO:0046015	4
GO:0075506	2
GO:1903902	8
GO:0030682	1
GO:0021897	3
GO:0030275	7
GO:0035900	3
GO:0051385	1
GO:0021572	1
GO:0045684	5
GO:0043555	1
GO:0045110	8
GO:0051546	6
GO:0032980	2
GO:0051599	4
GO:0005078	13
GO:0043405	5
GO:1901424	2
GO:0070495	5
GO:0003796	11
GO:0005606	3
GO:0005608	3
GO:0043256	8
GO:0051149	14
GO:0098637	9
GO:0110011	6
GO:0005610	4
GO:0036484	4
GO:0043259	3
GO:0098631	15
GO:0005607	2
GO:0021812	1
GO:0043257	1
GO:0070831	8
GO:0048677	1
GO:0072249	2
GO:0072274	1
GO:0150043	2
GO:0061474	4
GO:0061742	1
GO:0016285	2
GO:0012502	1
GO:0140646	1
GO:0021740	3
GO:0035129	2
GO:0042285	2
GO:0031580	3
GO:0036398	3
GO:0000819	3
GO:0001827	3
GO:0001828	3
GO:0035329	28
GO:2000058	7
GO:0055059	3
GO:0071225	10
GO:0071802	1
GO:0015920	2
GO:0060265	2
GO:0021519	1
GO:0120007	1
GO:1904105	2
GO:2000052	9
GO:0003847	8
GO:0004607	1
GO:0047179	4
GO:0090107	1
GO:0000242	24
GO:0045588	12
GO:0015891	2
GO:0140315	2
GO:0005550	233
GO:0000972	4
GO:0004457	3
GO:0004459	4
GO:0019661	1
GO:0042867	8
GO:0019674	10
GO:0001920	5
GO:0010899	2
GO:0030229	4
GO:0050994	5
GO:0061889	3
GO:0090118	3
GO:1905167	3
GO:1990666	2
GO:0033153	5
GO:0060033	5
GO:0062009	14
GO:0032310	4
GO:0032817	2
GO:0033686	5
GO:0038108	4
GO:0046890	8
GO:0051051	7
GO:0060587	1
GO:0071298	1
GO:0090335	5
GO:1904651	1
GO:1990051	1
GO:1990460	4
GO:2000486	1
GO:0038021	1
GO:1904060	1
GO:0033829	3
GO:1902367	1
GO:0030395	2
GO:0034120	1
GO:1990724	2
GO:0048030	2
GO:0050785	1
GO:0051132	5
GO:0051134	2
GO:1903769	1
GO:2000521	2
GO:2001189	2
GO:0002780	3
GO:0043322	1
GO:0051353	1
GO:0001731	10
GO:0035471	1
GO:0004964	1
GO:0032962	7
GO:0034699	3
GO:0035472	1
GO:0038106	1
GO:0046544	3
GO:0046885	3
GO:0090030	1
GO:0021871	5
GO:0021937	2
GO:0035849	1
GO:0048793	7
GO:0060067	2
GO:0061205	5
GO:0072077	1
GO:0072164	8
GO:0072177	7
GO:0072224	2
GO:0072278	3
GO:0072283	1
GO:0072284	4
GO:2000744	2
GO:0045199	6
GO:0021526	2
GO:0060126	4
GO:0060127	1
GO:1902692	6
GO:0097380	1
GO:0045835	7
GO:0072307	6
GO:0003909	3
GO:0003910	3
GO:0006273	3
GO:1903461	1
GO:0051053	4
GO:0070421	1
GO:0090298	2
GO:0097681	9
GO:0002536	2
GO:0006638	3
GO:0006776	3
GO:0010878	5
GO:0030421	2
GO:0072576	4
GO:0140354	2
GO:0140962	1
GO:0006361	7
GO:0006363	4
GO:0042134	5
GO:0046485	7
GO:0120516	3
GO:0004620	29
GO:0032376	8
GO:0050746	3
GO:0035090	1
GO:0051294	5
GO:0090435	8
GO:0160123	2
GO:1903243	7
GO:1990683	2
GO:0033674	3
GO:0050865	1
GO:0004298	9
GO:0005839	19
GO:0019774	11
GO:1990111	5
GO:0019606	1
GO:0048244	1
GO:0097089	3
GO:0097731	14
GO:0005173	4
GO:0070100	8
GO:1900235	2
GO:1904893	5
GO:0004720	5
GO:0016202	7
GO:0016641	5
GO:0018057	3
GO:0035905	1
GO:2000586	1
GO:1905590	2
GO:0014839	4
GO:0032652	1
GO:0036121	4
GO:0045920	7
GO:0070459	4
GO:0017129	4
GO:1900077	5
GO:0035782	1
GO:0042379	13
GO:0048020	21
GO:0071663	3
GO:2000503	5
GO:2000513	1
GO:2000518	1
GO:2000558	2
GO:2000566	3
GO:0051090	8
GO:2000677	1
GO:0016964	1
GO:0032370	2
GO:0048691	2
GO:0048694	2
GO:0051222	6
GO:0150093	7
GO:1903064	2
GO:1904109	4
GO:1904300	2
GO:1905109	1
GO:2000587	4
GO:0003401	5
GO:0021874	2
GO:0035261	2
GO:0060026	5
GO:0060284	3
GO:0060596	4
GO:0061307	2
GO:0090245	3
GO:2000051	7
GO:0021541	1
GO:0038025	2
GO:0062177	3
GO:0000250	1
GO:0016104	1
GO:0016866	2
GO:0002876	2
GO:0004463	1
GO:0045148	1
GO:0001632	2
GO:0004974	4
GO:0061737	5
GO:0050436	6
GO:0048534	2
GO:0044793	2
GO:0140912	5
GO:1900229	3
GO:2000308	1
GO:0005583	2
GO:0032914	5
GO:0004655	1
GO:0033273	3
GO:1904854	1
GO:0008191	12
GO:0030550	16
GO:0048242	2
GO:0098742	19
GO:0002113	1
GO:0002826	5
GO:0033116	54
GO:0009597	3
GO:0035662	4
GO:0001933	15
GO:0002513	4
GO:0002576	4
GO:0002762	2
GO:0002774	1
GO:0002902	2
GO:0006991	4
GO:0033003	4
GO:0038159	1
GO:0060369	6
GO:0070667	3
GO:0090025	2
GO:0002449	2
GO:0032510	6
GO:0033299	7
GO:0033364	2
GO:0008111	1
GO:0008300	1
GO:0032059	8
GO:0042585	6
GO:0099571	1
GO:0070443	2
GO:0043515	5
GO:1902426	3
GO:1990706	1
GO:1990728	2
GO:2000403	2
GO:0001710	3
GO:0071142	2
GO:0071144	8
GO:0141091	4
GO:0003140	7
GO:0007352	2
GO:0048340	3
GO:0031962	1
GO:0032810	3
GO:0061767	1
GO:0003251	1
GO:0060956	5
GO:0061040	1
GO:1905305	1
GO:1902045	2
GO:0070698	3
GO:1903043	1
GO:1904886	1
GO:2000317	2
GO:0045604	4
GO:0030641	9
GO:0097453	3
GO:1905576	3
GO:0035145	32
GO:1990501	3
GO:2000622	7
GO:0098737	1
GO:0120003	1
GO:0004571	7
GO:0045047	16
GO:0004559	7
GO:0004572	2
GO:0015923	2
GO:0016799	7
GO:0052767	1
GO:0006576	3
GO:0042443	1
GO:0097621	3
GO:0032156	3
GO:0090400	3
GO:1990130	5
GO:0001595	2
GO:0003358	5
GO:0003359	1
GO:0007400	1
GO:0021529	5
GO:0021530	3
GO:0021779	1
GO:0060165	1
GO:0060579	3
GO:0061100	1
GO:0061102	1
GO:0061103	1
GO:0061104	2
GO:0070849	6
GO:0071259	1
GO:0060719	1
GO:0003429	1
GO:0120216	4
GO:0071943	2
GO:0006369	7
GO:0009631	4
GO:0031444	2
GO:0080033	1
GO:0098809	5
GO:0008263	2
GO:0120153	2
GO:0033269	4
GO:0004977	5
GO:0004980	4
GO:0004978	1
GO:1990680	3
GO:0005545	14
GO:1903378	4
GO:0006271	7
GO:0006279	6
GO:0017116	21
GO:0042555	11
GO:1902975	4
GO:0005664	8
GO:1902969	1
GO:0002079	9
GO:0035581	2
GO:0043382	5
GO:0005680	24
GO:0021681	3
GO:0106091	3
GO:0007089	3
GO:0061663	4
GO:0071301	1
GO:0072717	3
GO:1902254	10
GO:1990785	4
GO:0015420	2
GO:0021764	8
GO:0033284	1
GO:0034040	1
GO:0043476	2
GO:0048003	1
GO:0055082	2
GO:0070729	1
GO:0140352	1
GO:0141067	1
GO:2001038	2
GO:0033721	3
GO:0102354	3
GO:0015173	4
GO:0015175	20
GO:0015190	6
GO:0015804	24
GO:0015818	4
GO:0015820	10
GO:0015821	3
GO:0015823	4
GO:0015824	12
GO:0015827	6
GO:0015828	3
GO:0015829	3
GO:0044225	1
GO:1902024	3
GO:1903801	3
GO:1904273	4
GO:1990184	2
GO:0006020	8
GO:0021591	24
GO:0032048	3
GO:0050432	2
GO:0071317	1
GO:0090327	4
GO:0099191	1
GO:1901953	3
GO:1901956	1
GO:1903941	1
GO:1905492	2
GO:0070375	3
GO:0002634	4
GO:0003138	3
GO:0003185	1
GO:0003211	3
GO:0007521	2
GO:0055012	7
GO:0072160	2
GO:2000111	2
GO:0048210	2
GO:0098887	9
GO:0098969	5
GO:1904691	4
GO:0061056	4
GO:0017090	2
GO:0051250	3
GO:0003236	1
GO:0003241	2
GO:0003259	1
GO:0003260	1
GO:0042664	2
GO:0060921	1
GO:0060975	1
GO:0010883	6
GO:0060051	4
GO:0005008	1
GO:0014812	3
GO:0017154	13
GO:0008176	1
GO:0036265	2
GO:0106143	2
GO:0160090	1
GO:0072010	1
GO:1902038	1
GO:1904798	1
GO:0003827	1
GO:0006049	1
GO:0003830	1
GO:1905166	4
GO:0097531	3
GO:0003908	1
GO:0006307	9
GO:0061078	1
GO:0061081	1
GO:0090238	8
GO:0004446	1
GO:0008707	1
GO:0016158	1
GO:0016312	3
GO:0030351	2
GO:0030352	1
GO:0034417	1
GO:0046030	3
GO:0052827	1
GO:0006851	16
GO:2001141	3
GO:1990705	4
GO:0000289	13
GO:0000712	17
GO:0002204	2
GO:0005712	2
GO:0005715	1
GO:0006298	21
GO:0007060	3
GO:0016321	5
GO:0016447	6
GO:0030983	11
GO:0032137	3
GO:0032300	4
GO:0032389	3
GO:0032407	7
GO:0043060	1
GO:0048298	6
GO:0034330	2
GO:0034334	6
GO:0061951	6
GO:0099084	4
GO:0008324	22
GO:0035841	2
GO:0061837	1
GO:0070012	5
GO:0060339	29
GO:1904905	1
GO:1904244	1
GO:0071412	3
GO:0097094	9
GO:0160145	1
GO:0002779	1
GO:0099564	1
GO:1904063	1
GO:2000697	1
GO:0002448	2
GO:0160111	33
GO:0006777	6
GO:0030366	1
GO:0032324	6
GO:1990140	1
GO:0004470	3
GO:0004473	3
GO:0008948	4
GO:0016615	4
GO:0030060	3
GO:0044283	5
GO:0046554	1
GO:0047995	1
GO:0044727	5
GO:2000143	2
GO:0000212	10
GO:0051296	4
GO:1902103	1
GO:0010526	16
GO:0032574	2
GO:0035194	13
GO:0035279	12
GO:0141008	5
GO:0005838	10
GO:0150077	10
GO:0032687	5
GO:0030887	2
GO:0002468	3
GO:0002478	1
GO:0002479	4
GO:0022829	15
GO:0036019	10
GO:0038164	1
GO:1905221	2
GO:1990960	1
GO:2000035	14
GO:0002149	1
GO:0002679	2
GO:1990268	1
GO:1901858	2
GO:0098743	2
GO:0000164	14
GO:0030870	6
GO:0031860	4
GO:0042138	7
GO:0062176	9
GO:0097552	1
GO:0014707	3
GO:0003156	2
GO:0021602	3
GO:0035802	2
GO:0061308	3
GO:2000020	10
GO:0032139	3
GO:0032142	3
GO:0032143	2
GO:0032181	2
GO:0032301	2
GO:0032302	2
GO:0032357	6
GO:0032405	6
GO:0051026	9
GO:0140003	8
GO:0010868	4
GO:0032792	4
GO:0045912	2
GO:0062014	4
GO:0072487	5
GO:0140046	5
GO:0070489	1
GO:0014741	1
GO:0033673	2
GO:0048632	2
GO:1902723	4
GO:1902725	4
GO:2000818	2
GO:0042481	4
GO:0061311	2
GO:0090427	4
GO:1901330	1
GO:1902255	7
GO:0035034	2
GO:0042773	6
GO:0008535	8
GO:0019646	2
GO:0008121	4
GO:0015990	4
GO:0033590	1
GO:0045275	10
GO:1904421	1
GO:0001405	5
GO:0003954	10
GO:0008137	18
GO:0032981	38
GO:0045271	48
GO:0048039	7
GO:0016651	10
GO:0005762	54
GO:0030533	30
GO:0007263	9
GO:0071247	1
GO:0005665	15
GO:0005736	13
GO:0046870	6
GO:0032095	5
GO:0071585	2
GO:2000296	1
GO:2000376	2
GO:0099181	2
GO:0099642	2
GO:1902817	5
GO:0005519	3
GO:0051915	1
GO:0061162	2
GO:0097441	7
GO:0097457	4
GO:0097442	3
GO:0150002	2
GO:0150014	1
GO:1903744	2
GO:1990769	5
GO:0051012	5
GO:0140778	2
GO:0030705	10
GO:0045298	3
GO:0090258	8
GO:1902474	5
GO:1904428	7
GO:0006152	1
GO:0008413	2
GO:0008828	1
GO:0030515	23
GO:0035539	2
GO:0047693	3
GO:0106377	1
GO:0106378	1
GO:0106431	1
GO:0106433	1
GO:0140933	11
GO:0004477	3
GO:0004487	2
GO:0004488	4
GO:0015943	3
GO:0004489	1
GO:0106313	1
GO:0004438	12
GO:0019215	8
GO:0044088	1
GO:0052629	8
GO:1902902	13
GO:0015918	14
GO:0034377	1
GO:0120014	4
GO:0120019	7
GO:0140344	1
GO:1902388	5
GO:1902389	5
GO:1904121	4
GO:0001401	5
GO:0050942	2
GO:0070701	6
GO:0070702	1
GO:0070703	1
GO:1903135	4
GO:0005186	18
GO:0071240	2
GO:0019871	8
GO:0048227	9
GO:0055070	4
GO:1902072	3
GO:1902306	5
GO:1905751	3
GO:0004494	1
GO:0006790	17
GO:0019678	1
GO:1901290	2
GO:0004496	1
GO:1904899	5
GO:2000845	4
GO:0140543	1
GO:0031523	4
GO:0005863	3
GO:0031034	2
GO:0006848	2
GO:0007007	9
GO:0016072	3
GO:0032986	2
GO:0046722	2
GO:0090096	1
GO:1903862	5
GO:1904672	6
GO:1904699	2
GO:1905761	1
GO:0032058	1
GO:0002238	4
GO:0002269	4
GO:0005121	1
GO:0009682	1
GO:0034146	3
GO:0034158	3
GO:0038124	4
GO:0070944	3
GO:0070976	2
GO:0140674	1
GO:1902622	4
GO:2000338	1
GO:0060415	6
GO:0005859	6
GO:0016459	53
GO:0016460	24
GO:0030241	3
GO:0005826	7
GO:0030049	12
GO:0031762	3
GO:0042641	13
GO:0051295	4
GO:0060471	2
GO:0070650	2
GO:0097513	3
GO:1903923	2
GO:1905684	3
GO:0007522	1
GO:0016461	8
GO:0042694	1
GO:0098735	5
GO:0060002	3
GO:0006892	10
GO:0030050	7
GO:0060171	8
GO:0110016	8
GO:1900078	6
GO:0032252	6
GO:0042642	1
GO:0051643	3
GO:0099089	1
GO:0099640	1
GO:0098944	9
GO:0099639	2
GO:0031477	1
GO:0120044	8
GO:1990435	2
GO:1904970	8
GO:0007518	1
GO:0043415	4
GO:0043503	3
GO:1905382	4
GO:0014737	3
GO:0014878	3
GO:0014891	2
GO:1901739	2
GO:0019208	7
GO:0043086	6
GO:0072357	7
GO:0140487	1
GO:0045682	5
GO:0016480	5
GO:0005854	3
GO:1905551	2
GO:0008456	1
GO:0019377	1
GO:0016045	14
GO:0005483	3
GO:0010807	13
GO:0035494	3
GO:0070044	5
GO:0046990	3
GO:0038098	3
GO:0090027	6
GO:0001928	2
GO:0001909	3
GO:0006742	4
GO:0060264	2
GO:0070947	2
GO:1903679	3
GO:0035368	8
GO:0044547	4
GO:1901838	10
GO:1990631	2
GO:2000232	4
GO:0000435	1
GO:0002155	5
GO:0045925	6
GO:0033145	2
GO:0070561	5
GO:0071630	7
GO:0097601	2
GO:0014876	2
GO:0071691	3
GO:0000931	9
GO:0007020	24
GO:0010766	8
GO:0044111	1
GO:0046755	7
GO:0046824	1
GO:0050815	7
GO:0050816	4
GO:0140252	13
GO:0000145	19
GO:0002036	1
GO:0005940	13
GO:0031105	13
GO:0032153	14
GO:0061640	15
GO:0045116	16
GO:0061098	6
GO:0140131	1
GO:0051299	6
GO:1903126	1
GO:0030844	1
GO:0004308	4
GO:0016997	2
GO:2000291	4
GO:0003326	2
GO:0003329	2
GO:0060730	1
GO:2000297	3
GO:0007356	3
GO:0021650	4
GO:0048634	2
GO:0098583	2
GO:1905747	2
GO:1905748	2
GO:0033027	1
GO:0035021	5
GO:0045685	1
GO:0098597	2
GO:0098926	2
GO:2000108	1
GO:0035330	6
GO:0003179	9
GO:0060854	3
GO:1905064	5
GO:0140742	4
GO:0034242	2
GO:0042883	2
GO:1903353	2
GO:1905897	4
GO:0016592	39
GO:0021780	4
GO:0021960	8
GO:0061141	1
GO:2000791	2
GO:2000795	1
GO:0021782	7
GO:0033256	2
GO:0035525	2
GO:0071322	5
GO:1904630	1
GO:1904632	1
GO:0042942	2
GO:0033693	3
GO:0045105	2
GO:0099160	4
GO:0099182	3
GO:0099184	3
GO:0099185	3
GO:1903937	2
GO:0031071	1
GO:0097163	2
GO:0051388	8
GO:0062036	2
GO:0005035	2
GO:0016048	3
GO:0035907	2
GO:0043121	4
GO:0070678	3
GO:0021535	3
GO:0021888	2
GO:0090222	2
GO:0097539	10
GO:1904780	4
GO:0097707	1
GO:2001206	5
GO:0016018	9
GO:0003327	1
GO:0060580	1
GO:0048537	2
GO:0048621	1
GO:0003162	2
GO:0003168	1
GO:0003221	2
GO:0003285	1
GO:0003350	3
GO:0051891	4
GO:0055005	2
GO:0060929	2
GO:1990664	1
GO:0035260	1
GO:0097162	1
GO:2000836	1
GO:0004707	16
GO:0005761	19
GO:0160023	3
GO:0004673	2
GO:0006183	11
GO:0006228	9
GO:0006241	10
GO:0034214	13
GO:0046042	2
GO:0046356	5
GO:0047887	1
GO:0120226	1
GO:1905502	4
GO:0003955	3
GO:0004784	5
GO:0008753	6
GO:0042360	3
GO:0050136	1
GO:1902690	1
GO:1904844	1
GO:0001512	1
GO:0016661	3
GO:1901662	1
GO:1904408	1
GO:1905594	1
GO:0004379	2
GO:0018008	2
GO:0018030	2
GO:0019107	1
GO:0150032	6
GO:0006769	5
GO:0008112	1
GO:0030688	11
GO:0008750	1
GO:1903285	2
GO:0032977	17
GO:0045050	11
GO:0001831	3
GO:0010085	2
GO:0010721	2
GO:0033505	1
GO:0048327	1
GO:0060802	1
GO:1901383	2
GO:0021999	3
GO:0062044	1
GO:0090193	2
GO:0038097	1
GO:0004517	3
GO:0061875	1
GO:0071879	2
GO:0099163	1
GO:0008603	6
GO:0018119	2
GO:0034617	3
GO:0034618	7
GO:0014806	1
GO:0002193	3
GO:0003169	2
GO:0003182	1
GO:0003213	2
GO:0003264	1
GO:0003270	1
GO:0003332	4
GO:0007221	6
GO:0007440	1
GO:0009957	6
GO:0010720	6
GO:0035850	2
GO:0051152	11
GO:0060768	2
GO:0060843	1
GO:0061344	3
GO:0071228	4
GO:0072044	5
GO:0072080	3
GO:1901189	2
GO:1902339	3
GO:2001027	3
GO:0035622	4
GO:2001204	3
GO:0016180	16
GO:0032039	19
GO:0034472	12
GO:0160232	17
GO:1904057	4
GO:0141055	1
GO:0042745	5
GO:2000900	1
GO:0000055	8
GO:0000056	9
GO:0010825	6
GO:0015934	26
GO:0043516	7
GO:0044387	4
GO:0045935	14
GO:0046599	11
GO:0060735	1
GO:1902629	1
GO:0001515	5
GO:0031628	4
GO:1903816	1
GO:1904055	3
GO:0001549	2
GO:0035483	3
GO:0051447	5
GO:0061939	2
GO:1900194	4
GO:1904588	2
GO:1990620	1
GO:0090187	3
GO:0140319	3
GO:1901082	2
GO:0097107	10
GO:0001601	6
GO:0001602	3
GO:0031645	1
GO:0002309	5
GO:0005381	8
GO:0005384	7
GO:0006828	10
GO:0015707	1
GO:0030026	5
GO:0045342	1
GO:0046915	2
GO:0051139	1
GO:0070574	6
GO:0070821	5
GO:0098849	3
GO:0000041	1
GO:0015086	2
GO:0015087	3
GO:0015093	6
GO:0015094	1
GO:0015099	2
GO:0015100	1
GO:0015295	3
GO:0015675	3
GO:0015676	1
GO:0015692	1
GO:0033212	5
GO:0035434	6
GO:0035444	2
GO:0070826	1
GO:0098705	3
GO:0051371	14
GO:0021842	2
GO:0021636	2
GO:0021637	5
GO:0021649	2
GO:0021785	6
GO:0021828	7
GO:0036486	4
GO:0038190	2
GO:0048841	4
GO:0060666	5
GO:0060980	1
GO:0061441	2
GO:0061551	5
GO:0097374	3
GO:0097490	6
GO:0097491	4
GO:0150018	1
GO:0150020	3
GO:1902946	3
GO:1903375	3
GO:1904835	2
GO:1905040	2
GO:0043950	1
GO:0097116	5
GO:0099537	5
GO:0042799	6
GO:0046975	11
GO:0140954	4
GO:0000252	1
GO:0102175	1
GO:0032051	6
GO:0099627	1
GO:0099630	3
GO:1990674	4
GO:0008582	9
GO:0008418	2
GO:0005165	1
GO:0005166	6
GO:0000703	2
GO:0006285	4
GO:0019104	9
GO:0140078	8
GO:0032488	3
GO:0061643	3
GO:1903975	2
GO:0010465	2
GO:0021553	3
GO:0031547	7
GO:0051962	2
GO:0060175	1
GO:0016492	2
GO:0032280	5
GO:0032960	3
GO:0071545	3
GO:0008330	8
GO:0033550	6
GO:0090498	1
GO:0098547	1
GO:0051656	8
GO:0021849	3
GO:0019538	2
GO:0005642	7
GO:0006405	26
GO:0017056	21
GO:0044613	7
GO:0046601	5
GO:0098534	7
GO:0021986	3
GO:0051866	1
GO:0004791	6
GO:0047134	4
GO:0035643	1
GO:0072544	1
GO:0072545	2
GO:1902908	1
GO:1903056	2
GO:0004587	1
GO:0010121	1
GO:0019544	1
GO:0055129	6
GO:0008073	3
GO:0075523	5
GO:1902268	3
GO:1903267	1
GO:1904584	1
GO:0046471	13
GO:0047498	16
GO:0004586	4
GO:0009446	2
GO:0033387	4
GO:1901605	4
GO:0004591	3
GO:0006104	7
GO:0016903	1
GO:0030976	8
GO:0061034	3
GO:0000702	2
GO:0008534	1
GO:0034039	2
GO:1901291	1
GO:0002618	1
GO:0050907	10
GO:0019840	4
GO:0048683	1
GO:0098788	2
GO:0042489	2
GO:0004985	5
GO:0038046	1
GO:0031635	2
GO:0038048	1
GO:1904000	6
GO:0001626	1
GO:0004979	1
GO:0038047	1
GO:0061358	1
GO:0019371	13
GO:0000808	6
GO:0008514	32
GO:0015132	11
GO:0015139	6
GO:0015347	24
GO:0015698	13
GO:0015742	6
GO:0043252	18
GO:1990575	3
GO:0044753	2
GO:0098780	7
GO:0005147	2
GO:0004585	1
GO:0006591	3
GO:0006593	1
GO:0016743	2
GO:0019240	3
GO:0042450	2
GO:0055081	2
GO:0070781	2
GO:0097272	6
GO:0008366	6
GO:0046373	2
GO:0046556	2
GO:0055127	2
GO:0021985	2
GO:0048852	3
GO:0042706	1
GO:0051729	3
GO:1901994	1
GO:0031855	1
GO:0060450	2
GO:0004990	1
GO:0034059	1
GO:1903450	3
GO:0001614	7
GO:0004931	7
GO:0007320	2
GO:0035590	8
GO:0043924	2
GO:0099604	5
GO:0035381	1
GO:0050975	3
GO:0071318	15
GO:0017121	18
GO:0043132	2
GO:0099161	4
GO:1903530	2
GO:1904172	2
GO:0001621	3
GO:0030545	7
GO:0045028	11
GO:0045031	1
GO:0071415	2
GO:0090075	1
GO:0045030	3
GO:0004656	5
GO:0016222	3
GO:0034975	6
GO:1902175	2
GO:0000235	4
GO:0008247	3
GO:0090176	3
GO:0006571	1
GO:0016714	4
GO:0004708	13
GO:0001519	1
GO:0004504	1
GO:0004598	1
GO:0062112	1
GO:0039003	2
GO:0061360	1
GO:0072075	6
GO:0072162	5
GO:0072172	2
GO:0072207	4
GO:0072289	4
GO:0072305	2
GO:1900212	4
GO:1900215	2
GO:1900218	2
GO:2000594	2
GO:2000597	1
GO:0003322	1
GO:0009786	4
GO:0021593	1
GO:0021778	3
GO:0021905	1
GO:0021917	1
GO:0098598	1
GO:0120008	1
GO:1904937	1
GO:0014813	1
GO:0072073	3
GO:2000612	1
GO:0035303	4
GO:0000432	5
GO:0004145	4
GO:0004468	4
GO:0018393	3
GO:2000233	2
GO:0039694	2
GO:0140585	4
GO:0099179	7
GO:0004611	2
GO:0004613	2
GO:0017076	5
GO:0019543	2
GO:0046327	2
GO:0071332	5
GO:0106264	1
GO:0140706	2
GO:0004719	3
GO:0000701	2
GO:0006272	4
GO:0006287	5
GO:0019985	13
GO:0030337	2
GO:0032077	1
GO:0043626	1
GO:1902990	3
GO:0016486	11
GO:0034231	1
GO:0012510	3
GO:0019058	2
GO:0032902	2
GO:0061133	20
GO:0090472	1
GO:0097341	1
GO:0098791	4
GO:1905609	2
GO:0007354	2
GO:0008525	5
GO:0004736	1
GO:0009374	4
GO:0002644	1
GO:1902482	1
GO:0060940	2
GO:1904761	4
GO:0012507	26
GO:0048208	18
GO:0000915	4
GO:0039702	16
GO:0090611	4
GO:0097734	2
GO:1903551	3
GO:1903553	4
GO:0004114	23
GO:0004115	22
GO:0004117	3
GO:0034391	2
GO:0046069	5
GO:0047555	24
GO:0048101	3
GO:0004112	7
GO:0032045	10
GO:0006198	9
GO:0000930	11
GO:1901898	2
GO:0005095	5
GO:0010512	2
GO:0035790	2
GO:0035793	3
GO:0060683	1
GO:0072124	1
GO:1990265	2
GO:1990270	2
GO:1990401	2
GO:0072255	1
GO:0072262	2
GO:0072264	1
GO:1905176	1
GO:2000591	1
GO:0005018	1
GO:0038091	3
GO:0060437	4
GO:0072277	3
GO:0005017	2
GO:0005019	1
GO:0035441	3
GO:0035789	1
GO:0060981	1
GO:0071670	2
GO:0072223	1
GO:0106096	1
GO:0004739	3
GO:0004668	5
GO:0140794	2
GO:0140798	2
GO:1901624	1
GO:0140795	1
GO:0140796	1
GO:0140797	1
GO:0010565	4
GO:0004528	4
GO:0004551	3
GO:0010945	7
GO:0015938	8
GO:0019634	1
GO:0030643	11
GO:0035128	3
GO:0036219	2
GO:0036221	2
GO:0050427	13
GO:0097252	3
GO:0106177	2
GO:1904384	1
GO:1990787	1
GO:0030149	4
GO:0034638	12
GO:2000394	6
GO:0004676	1
GO:0010157	2
GO:0043201	3
GO:1904102	1
GO:0072672	8
GO:0090673	1
GO:0000773	1
GO:0004608	1
GO:0006686	12
GO:0050747	1
GO:0034592	1
GO:0102009	1
GO:0140633	4
GO:0019249	4
GO:0051946	1
GO:0060567	1
GO:0016557	4
GO:0044375	3
GO:0006625	9
GO:0016558	14
GO:0022615	5
GO:0032581	1
GO:0045046	6
GO:0106101	1
GO:0005053	1
GO:0045958	1
GO:0098548	2
GO:0003873	4
GO:0004331	5
GO:0006003	6
GO:0043540	3
GO:0070095	5
GO:0003872	3
GO:0005945	3
GO:0008443	1
GO:0093001	1
GO:0003788	3
GO:0099140	7
GO:0051712	1
GO:0000308	2
GO:0004618	2
GO:0160218	2
GO:0051457	15
GO:0060180	2
GO:1904709	1
GO:0061843	2
GO:0098591	6
GO:1901557	2
GO:0009914	2
GO:0036146	2
GO:0043215	1
GO:0046865	1
GO:0071217	2
GO:0097327	2
GO:1904148	1
GO:1904478	2
GO:1905231	1
GO:1905233	1
GO:1905235	2
GO:1905237	4
GO:2001025	2
GO:0001552	3
GO:0098891	3
GO:0015317	1
GO:1990547	1
GO:0019637	2
GO:0006482	1
GO:0035575	4
GO:0061188	2
GO:0005964	5
GO:0004689	2
GO:0035256	4
GO:0051377	4
GO:0001790	2
GO:0001792	1
GO:0002415	2
GO:0035005	7
GO:0046934	7
GO:0048015	22
GO:0071583	1
GO:0005942	8
GO:0005943	9
GO:0005944	4
GO:0038203	17
GO:0043457	7
GO:0071464	3
GO:1903544	1
GO:0046935	5
GO:1900103	2
GO:1990578	3
GO:0000285	1
GO:0016308	8
GO:0036289	2
GO:0052742	9
GO:0052810	1
GO:0090382	11
GO:1903100	1
GO:1904562	2
GO:0022898	1
GO:1905062	1
GO:1990147	2
GO:0016309	3
GO:0090119	6
GO:1902635	3
GO:0005847	19
GO:0032396	6
GO:0023025	1
GO:0023029	5
GO:0030107	1
GO:0030109	1
GO:0032393	3
GO:0008526	10
GO:0021763	1
GO:0021855	2
GO:0060577	2
GO:0060578	1
GO:1904313	3
GO:1904935	2
GO:1990792	2
GO:0004743	2
GO:1902912	2
GO:0004691	3
GO:0005952	9
GO:0031588	11
GO:0048792	2
GO:0004697	17
GO:0004698	3
GO:0035403	2
GO:0070528	4
GO:0008091	6
GO:0007635	6
GO:0004699	4
GO:2000303	8
GO:2000753	1
GO:2000755	2
GO:0009407	1
GO:0035669	3
GO:0051562	6
GO:0032056	1
GO:0048194	4
GO:0120157	3
GO:0014723	1
GO:0048193	21
GO:0071873	3
GO:2000570	2
GO:0002133	2
GO:0036303	3
GO:0072218	4
GO:0072287	1
GO:0003127	3
GO:0048763	4
GO:0051606	5
GO:0071910	6
GO:0072208	2
GO:0072214	1
GO:0072219	1
GO:0072235	1
GO:0004862	9
GO:0002084	8
GO:0008474	13
GO:1904635	3
GO:1902563	1
GO:0002864	1
GO:0006663	5
GO:0034478	2
GO:1902387	5
GO:0032009	14
GO:1905036	3
GO:1905164	1
GO:1900045	4
GO:0010757	8
GO:0035491	1
GO:0097180	9
GO:1905043	1
GO:0031123	14
GO:0031124	28
GO:0180010	8
GO:1990817	12
GO:0010755	2
GO:0038195	3
GO:0061041	5
GO:2000097	1
GO:0031161	4
GO:0080154	5
GO:0120548	6
GO:1905631	1
GO:2000438	1
GO:0004629	8
GO:0160135	1
GO:0032959	4
GO:0050429	2
GO:1904643	2
GO:0045145	5
GO:0043933	4
GO:2000689	1
GO:0040038	8
GO:1904668	5
GO:1904776	2
GO:0050802	1
GO:0086023	1
GO:0086092	2
GO:1901077	3
GO:1901895	1
GO:1990629	1
GO:0008475	3
GO:0030867	11
GO:1904427	3
GO:0033157	7
GO:0017128	24
GO:0032791	4
GO:0070782	8
GO:0002407	7
GO:0031732	2
GO:0038116	3
GO:0097026	2
GO:1903237	6
GO:2000529	3
GO:2000548	1
GO:0010189	1
GO:0035627	9
GO:0097001	9
GO:0120017	2
GO:0140337	1
GO:0140338	3
GO:0140339	2
GO:0140340	1
GO:1901611	3
GO:1990050	7
GO:0002395	3
GO:0021628	2
GO:0021935	2
GO:0010522	1
GO:0032938	1
GO:0044790	22
GO:0045343	1
GO:0061659	4
GO:1904816	3
GO:2000758	3
GO:0007618	11
GO:0010624	1
GO:0034350	1
GO:0036135	2
GO:0045161	2
GO:0098529	3
GO:0032138	1
GO:0070570	1
GO:0021723	1
GO:0048894	1
GO:0061452	1
GO:0071244	2
GO:0004865	15
GO:0019376	1
GO:0044258	1
GO:0047714	1
GO:0004603	1
GO:0042418	2
GO:0001882	4
GO:0002060	3
GO:0004731	3
GO:0006148	6
GO:0006149	5
GO:0006202	2
GO:0006204	8
GO:0006738	2
GO:0009116	7
GO:0009165	13
GO:0034418	5
GO:0042278	4
GO:0043101	2
GO:0046070	2
GO:0046115	1
GO:0047975	2
GO:0003887	22
GO:0005658	4
GO:0006269	6
GO:0019103	4
GO:0034061	16
GO:1904161	3
GO:0006290	4
GO:0006261	30
GO:0006297	5
GO:0043625	4
GO:0045004	3
GO:0070987	3
GO:0016035	4
GO:0042276	10
GO:0008310	6
GO:0008622	4
GO:0000262	2
GO:0005760	3
GO:0006264	11
GO:0033059	1
GO:0140668	1
GO:0004063	2
GO:0046395	8
GO:0046434	1
GO:0102007	3
GO:1901335	3
GO:0004532	4
GO:0030014	16
GO:0030015	6
GO:0034584	8
GO:0140991	5
GO:0004128	6
GO:0008941	1
GO:0043602	1
GO:0046210	2
GO:0047726	1
GO:0061913	1
GO:0070988	3
GO:0090346	1
GO:0030910	4
GO:0015606	4
GO:0015848	3
GO:1903711	4
GO:0021869	3
GO:0072227	1
GO:0072233	2
GO:0072236	2
GO:0072240	1
GO:0048934	1
GO:0051355	1
GO:0090259	1
GO:0001830	2
GO:0080021	2
GO:0140129	1
GO:0000810	3
GO:0006670	9
GO:0042392	7
GO:0106235	3
GO:0002154	4
GO:0048822	2
GO:0070562	3
GO:0070847	26
GO:0016501	2
GO:0070346	2
GO:0070539	1
GO:0050692	5
GO:0070165	3
GO:0090278	1
GO:0106106	5
GO:0160274	3
GO:1901202	3
GO:2000230	1
GO:2000184	1
GO:0004185	4
GO:1904715	3
GO:0006499	2
GO:0033192	5
GO:0004729	1
GO:0005981	6
GO:0180007	2
GO:2000806	3
GO:0017018	1
GO:0050115	1
GO:0031751	2
GO:0010921	3
GO:0008287	9
GO:0090443	17
GO:0180006	1
GO:0180008	1
GO:0004723	4
GO:0061006	1
GO:0110062	1
GO:1903244	2
GO:1905205	4
GO:0008597	5
GO:0070262	2
GO:0034595	5
GO:1902679	2
GO:2001153	1
GO:0034164	4
GO:0098599	2
GO:0031841	3
GO:0033371	1
GO:0033373	1
GO:0033382	1
GO:0071667	5
GO:0004679	7
GO:0043609	3
GO:1903367	1
GO:0097332	2
GO:0016233	12
GO:0033152	7
GO:0034462	3
GO:0034511	11
GO:2001229	1
GO:0004692	2
GO:0010920	2
GO:2001226	1
GO:1904784	9
GO:0044302	1
GO:1900225	2
GO:2000696	1
GO:0038161	4
GO:0004925	2
GO:0044537	1
GO:0004657	2
GO:0006560	3
GO:0010133	3
GO:0071914	2
GO:0048850	2
GO:0002194	1
GO:0046619	2
GO:0060214	4
GO:0060421	3
GO:0061114	1
GO:1901978	1
GO:0044299	4
GO:0009645	1
GO:0035845	16
GO:0000244	823
GO:0090266	9
GO:0002189	6
GO:0004749	4
GO:0006015	7
GO:0009156	4
GO:0006624	3
GO:1901185	1
GO:0060672	3
GO:0035578	2
GO:0032290	4
GO:0003335	2
GO:0006643	2
GO:0070841	3
GO:1905572	1
GO:1905573	3
GO:1905574	1
GO:1905575	1
GO:1905577	1
GO:0098892	2
GO:0002038	3
GO:0015871	11
GO:0016080	4
GO:0070765	8
GO:0110097	3
GO:0019773	8
GO:0008540	12
GO:0022624	17
GO:0036402	6
GO:0043921	1
GO:0000709	1
GO:0010774	1
GO:0120230	1
GO:0120231	1
GO:0031531	3
GO:0031595	2
GO:0008537	3
GO:0008115	1
GO:0033514	1
GO:0050031	1
GO:0004992	1
GO:1904303	1
GO:1904306	3
GO:1903312	3
GO:0005119	4
GO:0008158	3
GO:0021532	8
GO:0021997	2
GO:0006659	3
GO:0106245	2
GO:0106258	1
GO:0010648	1
GO:0016314	4
GO:0051548	2
GO:0051717	1
GO:0051800	1
GO:0052866	4
GO:0097105	8
GO:1903690	5
GO:2000109	1
GO:2000808	1
GO:0141215	1
GO:0061074	3
GO:0071799	4
GO:0004667	3
GO:0004955	5
GO:1904346	3
GO:0010840	4
GO:0060455	4
GO:1903640	2
GO:1904320	1
GO:1904326	1
GO:1904330	2
GO:1904364	2
GO:1904460	2
GO:1990767	1
GO:0033624	3
GO:0042466	1
GO:1904336	1
GO:1904367	1
GO:1904471	1
GO:1904496	1
GO:2000386	5
GO:2000388	2
GO:2000420	1
GO:0008116	1
GO:0004666	3
GO:0046457	3
GO:0071471	1
GO:0090362	2
GO:0031856	1
GO:0031857	1
GO:1900158	4
GO:0060649	1
GO:0060659	1
GO:0061182	3
GO:0004991	2
GO:0043157	1
GO:0099602	1
GO:0035373	3
GO:1904397	1
GO:1904951	7
GO:0035335	10
GO:1902202	2
GO:0032528	2
GO:0038127	6
GO:0051463	1
GO:0060125	4
GO:1904890	2
GO:0035970	2
GO:0042532	1
GO:0050922	3
GO:1902206	1
GO:1902215	2
GO:1902227	3
GO:1902233	1
GO:1903899	4
GO:0035644	1
GO:0070433	4
GO:0002711	2
GO:0002923	1
GO:0044855	1
GO:0050857	1
GO:0098857	4
GO:0007185	1
GO:1900121	1
GO:1901681	2
GO:1990264	4
GO:2000272	1
GO:0036060	2
GO:0003874	1
GO:0001872	4
GO:0044871	2
GO:1903019	2
GO:0098963	4
GO:0002891	3
GO:0032989	1
GO:0042271	5
GO:0046596	12
GO:0046814	1
GO:0051654	4
GO:0060370	2
GO:0033328	2
GO:0036105	1
GO:0072663	1
GO:1903512	2
GO:0009235	9
GO:0016562	10
GO:0016593	7
GO:0043335	10
GO:0044721	5
GO:0051435	1
GO:0000268	3
GO:0005052	2
GO:0016560	4
GO:0016561	4
GO:0004645	4
GO:0008184	3
GO:0045649	1
GO:0160089	1
GO:1990764	2
GO:2000626	2
GO:1903020	2
GO:0030859	5
GO:0051021	3
GO:0097051	3
GO:0045054	4
GO:0032401	2
GO:0090383	7
GO:0140013	3
GO:0034067	20
GO:0034497	17
GO:1903434	1
GO:2000156	2
GO:0060478	5
GO:0061670	2
GO:0098968	2
GO:0034498	13
GO:1903292	5
GO:0007174	2
GO:0002093	7
GO:0014041	5
GO:0021894	2
GO:0032707	2
GO:0043652	9
GO:0048532	1
GO:0060091	11
GO:0060263	3
GO:0070376	2
GO:0086098	2
GO:0010810	4
GO:0060753	1
GO:0071593	3
GO:0051598	4
GO:0003689	9
GO:0031389	1
GO:0045841	4
GO:0071942	3
GO:0140612	3
GO:0000019	1
GO:0043047	6
GO:0010833	9
GO:0032200	1
GO:1904631	1
GO:0000217	4
GO:0010845	3
GO:0033063	4
GO:0010792	6
GO:0045002	1
GO:0015616	6
GO:0036310	5
GO:0045003	4
GO:0000076	9
GO:1902231	8
GO:0097519	2
GO:1905347	4
GO:1990238	1
GO:0002313	3
GO:0061824	6
GO:1905171	3
GO:0009855	1
GO:0042565	4
GO:0061015	4
GO:0070883	11
GO:0046604	3
GO:0044614	4
GO:0046832	4
GO:1990723	2
GO:0098879	3
GO:1900075	2
GO:1901626	1
GO:1903540	1
GO:0002068	5
GO:0030852	2
GO:0060010	1
GO:0060534	4
GO:0003430	5
GO:0031134	2
GO:0034088	4
GO:0043550	2
GO:0045842	12
GO:1904028	4
GO:0006335	7
GO:0016589	7
GO:0033186	3
GO:1902669	2
GO:0002190	1
GO:0044530	5
GO:1904768	2
GO:0090658	1
GO:0034632	3
GO:0034633	3
GO:0060157	4
GO:0071939	3
GO:0060844	1
GO:0072554	2
GO:0097101	1
GO:1901186	1
GO:0071586	3
GO:0080120	3
GO:0047023	18
GO:0106429	2
GO:1900054	6
GO:1903391	1
GO:0005663	5
GO:0031391	3
GO:0061860	2
GO:1990798	1
GO:1990864	1
GO:1990867	1
GO:1990878	1
GO:2000972	2
GO:0071159	2
GO:0021511	1
GO:0070325	2
GO:0110157	1
GO:1902078	1
GO:2000969	2
GO:1904878	5
GO:0006051	1
GO:0019262	6
GO:0050121	1
GO:0032201	2
GO:1903313	1
GO:1905746	5
GO:1905454	1
GO:0099563	2
GO:2000706	1
GO:2000740	3
GO:2000798	1
GO:0001838	3
GO:0031390	7
GO:1900264	7
GO:0032897	20
GO:0141039	7
GO:0060285	8
GO:0008643	6
GO:0034219	10
GO:0042946	1
GO:0042947	1
GO:0051119	1
GO:0032485	2
GO:0004341	1
GO:0032781	6
GO:1901318	4
GO:1903625	1
GO:0071877	1
GO:1900924	2
GO:1905912	1
GO:0006873	3
GO:0015200	1
GO:0022840	4
GO:0004522	3
GO:0030215	23
GO:1900753	1
GO:0004706	10
GO:0097343	1
GO:1901026	2
GO:1903800	1
GO:0060443	4
GO:0060618	1
GO:0006817	11
GO:0010923	3
GO:0000171	3
GO:0000172	12
GO:0004526	14
GO:0030677	7
GO:0140862	4
GO:0032184	5
GO:0090169	2
GO:0090234	3
GO:0120186	6
GO:1990752	6
GO:0031466	20
GO:0061574	4
GO:0033260	5
GO:0021836	2
GO:0021891	5
GO:0050925	2
GO:0003383	6
GO:0072518	2
GO:0090521	9
GO:0110061	2
GO:1901888	7
GO:0032723	1
GO:1905145	2
GO:0015651	7
GO:0015697	7
GO:1903546	7
GO:0036315	3
GO:0072539	6
GO:0002394	3
GO:0002066	2
GO:0042461	5
GO:0007023	7
GO:0005662	21
GO:0034502	7
GO:0003834	3
GO:0052884	1
GO:0052885	1
GO:1901827	1
GO:0097499	4
GO:0120206	7
GO:0016082	23
GO:0004751	1
GO:0006014	2
GO:0009052	6
GO:0140236	49
GO:1990932	5
GO:0044391	2
GO:1902167	4
GO:0032549	3
GO:0034062	6
GO:0055029	2
GO:0042790	4
GO:0003968	3
GO:1990145	3
GO:0030490	18
GO:0007000	7
GO:0006450	5
GO:0004711	6
GO:1990462	6
GO:0004748	3
GO:0005971	3
GO:0006206	2
GO:0009185	3
GO:0009263	3
GO:0009265	3
GO:0061731	1
GO:0009262	2
GO:0048385	3
GO:0031106	2
GO:0065002	3
GO:0071787	6
GO:1990809	8
GO:0000492	10
GO:0000812	13
GO:0031011	16
GO:0060382	16
GO:0071169	9
GO:0097255	5
GO:1904507	14
GO:0002157	3
GO:0045994	2
GO:0070644	3
GO:0141193	2
GO:0035033	6
GO:0060318	5
GO:0006109	2
GO:0034162	7
GO:0034255	1
GO:0035356	11
GO:0038185	2
GO:0038186	2
GO:1902122	1
GO:1905695	1
GO:2000213	1
GO:2001250	1
GO:0036518	2
GO:0005219	3
GO:0072599	1
GO:0086029	1
GO:0097050	4
GO:0098907	3
GO:0005523	14
GO:0070488	3
GO:1990660	3
GO:1990661	1
GO:0045113	1
GO:1990662	2
GO:0002046	5
GO:0004321	6
GO:0015645	5
GO:0018729	1
GO:0031956	8
GO:0043759	1
GO:0050218	4
GO:0046831	1
GO:0070618	1
GO:0000245	18
GO:0005684	29
GO:0005686	66
GO:0071004	17
GO:0071005	53
GO:1903241	6
GO:0003400	5
GO:0140785	2
GO:1901301	2
GO:1901303	2
GO:1903432	11
GO:0001514	7
GO:0004828	2
GO:0006434	2
GO:0098619	1
GO:0000481	1
GO:0046540	821
GO:0006598	3
GO:0009447	2
GO:0019809	2
GO:0032918	3
GO:0046208	3
GO:0060004	2
GO:0031208	4
GO:0004768	6
GO:0016717	9
GO:0032896	4
GO:1903699	2
GO:1903966	4
GO:0016215	4
GO:0086006	5
GO:0086016	3
GO:0086043	2
GO:0034706	9
GO:0021966	1
GO:0046684	3
GO:0086047	3
GO:0086060	1
GO:0086061	1
GO:0086062	1
GO:0086063	1
GO:1990760	6
GO:0098870	1
GO:0015081	10
GO:0050914	4
GO:0003988	6
GO:0006701	2
GO:0032385	1
GO:0033814	1
GO:0045940	1
GO:0050632	1
GO:0050633	4
GO:1901373	2
GO:0097168	4
GO:0046659	1
GO:0003188	2
GO:0035992	2
GO:0031728	5
GO:0031729	1
GO:0035684	1
GO:0038148	1
GO:2000502	2
GO:0031735	3
GO:0031269	2
GO:0035688	1
GO:0035689	1
GO:0046817	1
GO:0070951	1
GO:0045237	1
GO:0051041	1
GO:0038146	3
GO:0070625	3
GO:0048866	4
GO:0060028	8
GO:0061185	1
GO:0090175	8
GO:1904956	2
GO:1902683	1
GO:0016722	2
GO:0003939	1
GO:0006060	1
GO:0006062	1
GO:0019640	5
GO:0046526	1
GO:0051160	1
GO:0051164	1
GO:0097320	15
GO:0090114	5
GO:0005784	6
GO:0071261	1
GO:0044091	6
GO:0090522	9
GO:0000836	6
GO:0000839	2
GO:0030029	8
GO:0018549	2
GO:0070960	1
GO:0002691	1
GO:0031092	3
GO:0033623	3
GO:0050902	1
GO:1903945	2
GO:0008039	3
GO:1903045	1
GO:0140074	1
GO:1904891	3
GO:1905704	3
GO:0070486	1
GO:0021536	3
GO:1990256	1
GO:0106089	1
GO:0035542	3
GO:0001887	3
GO:0002362	3
GO:0002851	1
GO:0046642	4
GO:0048302	4
GO:0043314	3
GO:0098508	3
GO:1905453	2
GO:0046851	2
GO:0090246	1
GO:0070367	1
GO:1902174	4
GO:2000119	1
GO:0035061	5
GO:0160134	2
GO:0050733	6
GO:0016012	6
GO:0008117	1
GO:0030834	2
GO:0060988	3
GO:1900186	5
GO:0007285	1
GO:0070435	1
GO:0090322	1
GO:0008541	9
GO:0043248	13
GO:0007502	1
GO:0009949	2
GO:0014858	3
GO:0021924	1
GO:0022006	1
GO:0043369	3
GO:0060458	1
GO:0060459	1
GO:0060516	1
GO:0060738	1
GO:0060782	1
GO:0060783	1
GO:0061189	1
GO:0061196	2
GO:0061197	3
GO:1905327	1
GO:2000062	1
GO:2000063	1
GO:2000357	1
GO:2000358	1
GO:2000729	3
GO:0004372	2
GO:0008732	3
GO:0016832	1
GO:0019264	2
GO:0070905	4
GO:1904482	1
GO:0003172	1
GO:2000172	3
GO:0090725	2
GO:1903422	2
GO:2000601	9
GO:0003835	2
GO:0008373	21
GO:0097503	9
GO:0003836	5
GO:0008118	3
GO:0010706	6
GO:0002319	1
GO:0047288	3
GO:1990675	1
GO:1990676	1
GO:1990743	2
GO:0010707	1
GO:0001665	6
GO:0051851	2
GO:0006677	2
GO:0047290	2
GO:0003828	6
GO:0047291	1
GO:0007260	1
GO:0120099	6
GO:0070717	1
GO:0051595	1
GO:0072736	1
GO:0030849	3
GO:0051056	29
GO:0014857	1
GO:0021610	3
GO:0061055	3
GO:0072074	2
GO:0072088	2
GO:0072095	3
GO:0072193	3
GO:1905243	1
GO:0072028	1
GO:0072038	2
GO:0072137	4
GO:0072161	2
GO:0003404	2
GO:0009946	1
GO:0021797	4
GO:0048512	10
GO:0160024	2
GO:0031468	18
GO:0036258	19
GO:0046761	13
GO:0051261	1
GO:0061764	2
GO:1903724	7
GO:1904903	1
GO:0043585	2
GO:0046811	2
GO:0002191	5
GO:0006398	7
GO:0062073	2
GO:0071204	6
GO:0071207	2
GO:0008508	7
GO:0015125	16
GO:0008511	3
GO:0015377	9
GO:0070634	5
GO:7770002	1
GO:0045795	1
GO:0098658	2
GO:1904450	2
GO:1904464	2
GO:0015378	3
GO:0015379	6
GO:0015138	1
GO:0015141	5
GO:0015370	9
GO:0015741	2
GO:0017153	3
GO:0071422	5
GO:0015129	5
GO:0015650	2
GO:0035873	6
GO:0051780	1
GO:1901475	4
GO:0015349	8
GO:0050833	5
GO:0015143	11
GO:0015747	11
GO:0044341	8
GO:0005436	8
GO:1901684	1
GO:2000187	1
GO:0005277	4
GO:0005278	1
GO:0015311	3
GO:0015870	4
GO:0022804	1
GO:0051630	2
GO:0098700	7
GO:0008518	1
GO:0015350	2
GO:0051958	2
GO:0061507	2
GO:0098838	3
GO:0140360	4
GO:0140361	9
GO:0005314	4
GO:0015183	10
GO:0015501	5
GO:0033229	3
GO:0070777	1
GO:0070778	7
GO:0140009	6
GO:0140010	1
GO:1903712	3
GO:0008509	14
GO:0098796	3
GO:0015172	4
GO:0006868	8
GO:0010585	2
GO:0015186	8
GO:1903803	5
GO:0005316	1
GO:0015101	16
GO:0015214	2
GO:0015234	7
GO:0015489	4
GO:0015695	8
GO:0015847	4
GO:0015874	6
GO:0015888	4
GO:0048241	4
GO:0071934	5
GO:1901235	5
GO:1902270	5
GO:1902616	3
GO:0005275	5
GO:0015220	9
GO:0015837	5
GO:0051608	3
GO:0051615	4
GO:0015850	2
GO:0051625	2
GO:0015199	6
GO:0015226	5
GO:0015879	5
GO:0060731	2
GO:0070715	2
GO:1900749	2
GO:1902603	6
GO:0008520	2
GO:0015229	2
GO:0015882	3
GO:0033300	6
GO:0043229	3
GO:0070837	10
GO:0015217	4
GO:0015228	3
GO:0015230	2
GO:0035349	2
GO:0035350	1
GO:0035352	3
GO:0044610	1
GO:0051724	4
GO:0080121	2
GO:0080122	2
GO:1901679	1
GO:0015150	1
GO:0015756	1
GO:0042352	5
GO:0055056	13
GO:0098708	5
GO:1990350	1
GO:0005353	6
GO:0005354	3
GO:0009758	3
GO:0015755	8
GO:0015757	5
GO:0015145	1
GO:0015749	1
GO:0033222	1
GO:0005360	1
GO:0010021	1
GO:0015304	1
GO:0031550	1
GO:0044381	6
GO:0098694	1
GO:0015080	1
GO:0015679	1
GO:1902601	1
GO:1902311	1
GO:0005774	20
GO:0015810	13
GO:0015811	6
GO:0015291	7
GO:0036296	1
GO:0045852	1
GO:2000565	2
GO:0000017	2
GO:0001951	4
GO:0005412	9
GO:0015151	2
GO:0015371	1
GO:0035623	4
GO:0005328	1
GO:0051583	3
GO:0090493	1
GO:0003333	26
GO:0015196	3
GO:0032328	7
GO:1903577	3
GO:1904556	1
GO:1905534	1
GO:0005432	5
GO:0044557	1
GO:1901660	4
GO:0015385	12
GO:0015386	13
GO:0090533	1
GO:1990351	4
GO:0016075	16
GO:0002689	3
GO:0021972	1
GO:0050929	1
GO:0090260	1
GO:0061364	1
GO:0035921	1
GO:0070563	2
GO:0035887	2
GO:1902661	3
GO:0001164	7
GO:0001188	8
GO:0039692	1
GO:0008186	7
GO:1990955	3
GO:0032453	8
GO:0034647	6
GO:0034719	16
GO:0097504	10
GO:0004767	8
GO:0006685	8
GO:0034480	2
GO:0042599	4
GO:0061750	1
GO:0160275	3
GO:0008215	3
GO:0016768	1
GO:0004994	5
GO:0075512	1
GO:0035493	15
GO:0099525	7
GO:0072553	5
GO:1902774	18
GO:0060961	1
GO:0160186	1
GO:2000331	4
GO:0014048	3
GO:0035543	1
GO:0050812	1
GO:0051585	1
GO:0051622	1
GO:1904307	1
GO:1904377	5
GO:0098967	6
GO:0032486	11
GO:0030623	3
GO:0000243	5
GO:0000395	200
GO:0005685	181
GO:0030627	196
GO:1990446	10
GO:0061084	3
GO:0005682	28
GO:0005683	7
GO:0005687	47
GO:0070990	4
GO:0071208	3
GO:1990447	2
GO:0030532	11
GO:0097525	4
GO:0071011	19
GO:0097526	6
GO:0003117	1
GO:0004772	2
GO:0010742	3
GO:0034736	3
GO:0000303	5
GO:1902177	5
GO:0003032	1
GO:0003069	1
GO:0010729	6
GO:0034021	2
GO:0048773	1
GO:0071000	1
GO:1902631	3
GO:1905932	1
GO:0045053	5
GO:1902955	1
GO:1902997	1
GO:0030379	1
GO:0032509	12
GO:1904693	1
GO:2000973	4
GO:0048713	8
GO:0061138	4
GO:0061386	2
GO:2000678	1
GO:2001111	2
GO:0048627	4
GO:0003142	1
GO:1903226	3
GO:2000043	1
GO:0046148	1
GO:1904520	2
GO:0072034	3
GO:0019100	2
GO:0060517	1
GO:0060532	2
GO:0060784	1
GO:0061046	1
GO:0061145	2
GO:0072170	4
GO:0072190	2
GO:1904864	2
GO:2000794	1
GO:1904828	1
GO:0070087	7
GO:1902044	3
GO:0008481	3
GO:0090520	2
GO:1900060	4
GO:1905364	1
GO:0033986	4
GO:0046687	4
GO:0042270	10
GO:0021683	1
GO:0042628	3
GO:0044706	1
GO:0061108	1
GO:0061110	1
GO:0010751	2
GO:0001808	2
GO:0021556	2
GO:0060390	12
GO:0098918	1
GO:0099186	5
GO:0099189	1
GO:0004757	1
GO:0019889	1
GO:0004756	2
GO:0016259	2
GO:0016260	2
GO:0004758	6
GO:0017059	9
GO:0046511	2
GO:0004506	1
GO:0055097	1
GO:0070506	2
GO:1902070	2
GO:0034139	4
GO:0045913	1
GO:0099073	4
GO:2000588	3
GO:2000641	9
GO:2001286	1
GO:0003062	4
GO:0032937	3
GO:0010736	1
GO:0030038	1
GO:0046016	1
GO:0004766	1
GO:0005786	10
GO:0006614	11
GO:0008312	7
GO:0030942	4
GO:0048500	7
GO:0005785	3
GO:0006617	6
GO:0090086	2
GO:0034336	1
GO:0001682	13
GO:0006409	3
GO:0042780	5
GO:0071045	1
GO:0005690	2
GO:0030621	744
GO:0030622	29
GO:0034512	2
GO:0035101	4
GO:1901387	4
GO:0043328	6
GO:0018963	2
GO:0071378	2
GO:0034240	1
GO:0046725	2
GO:0072308	1
GO:0046543	4
GO:0070666	1
GO:1902170	2
GO:0003421	1
GO:0030002	1
GO:1903403	1
GO:0004027	10
GO:0047704	9
GO:0050294	11
GO:0050656	12
GO:0004062	6
GO:0004304	1
GO:0006711	2
GO:0047894	2
GO:0015279	12
GO:0032237	4
GO:1901610	1
GO:0098535	5
GO:0098536	6
GO:0120098	3
GO:0032466	7
GO:0044022	3
GO:0044839	3
GO:0044878	4
GO:0140273	2
GO:1905116	1
GO:1990758	1
GO:0035175	4
GO:0047685	2
GO:0048561	2
GO:0071821	4
GO:0048520	2
GO:0060900	2
GO:0061038	6
GO:0061143	1
GO:0048133	4
GO:0022618	7
GO:0004773	1
GO:0032028	2
GO:0090174	1
GO:1990796	3
GO:0048284	6
GO:0010808	3
GO:0031338	5
GO:0106022	1
GO:1903296	2
GO:2000367	1
GO:0030348	3
GO:0004774	1
GO:0004775	3
GO:0006105	6
GO:0009361	2
GO:0042709	2
GO:0004776	2
GO:0004777	2
GO:0045244	2
GO:0032044	3
GO:0032785	5
GO:0034243	9
GO:0006354	2
GO:0032784	5
GO:0045191	4
GO:0008281	2
GO:0061855	1
GO:1900721	1
GO:0003018	1
GO:0072592	4
GO:1904880	1
GO:0097020	2
GO:0140353	2
GO:0042255	8
GO:0000183	8
GO:0033553	5
GO:0061773	3
GO:0140949	5
GO:0016444	1
GO:0033633	2
GO:0035577	2
GO:1900483	1
GO:1903595	4
GO:0000711	4
GO:0000802	3
GO:0051878	2
GO:0007066	3
GO:0051309	4
GO:0016170	1
GO:0032928	1
GO:0043313	2
GO:0090237	1
GO:1990858	2
GO:0099504	6
GO:0032411	2
GO:0052744	1
GO:2000474	2
GO:0006903	6
GO:0051205	8
GO:0061588	3
GO:0061891	21
GO:0071911	1
GO:0098746	1
GO:1903305	2
GO:0048174	1
GO:0061782	1
GO:0061792	2
GO:0150035	2
GO:0150044	1
GO:1905414	2
GO:1905415	2
GO:1905433	1
GO:0007509	3
GO:0031835	2
GO:0031836	2
GO:0031837	3
GO:1904058	5
GO:0098545	1
GO:0004995	3
GO:0016496	1
GO:0070472	4
GO:0016497	1
GO:0000120	4
GO:0005668	5
GO:0070860	1
GO:0001181	5
GO:0046695	2
GO:0060217	1
GO:0060375	1
GO:1905269	1
GO:0004801	1
GO:0019682	2
GO:1903003	3
GO:2000158	1
GO:0015433	2
GO:0015833	10
GO:0046967	2
GO:0046980	2
GO:1904680	2
GO:0002591	1
GO:0015440	2
GO:0042287	3
GO:0046968	1
GO:0002398	1
GO:0050823	1
GO:0030422	8
GO:0046782	1
GO:0050689	3
GO:0070920	2
GO:0070921	1
GO:0098795	3
GO:1903798	1
GO:0022858	4
GO:0098739	4
GO:0071206	1
GO:0097090	1
GO:0000995	10
GO:0005672	5
GO:0010092	1
GO:1990173	2
GO:0000963	6
GO:0044528	7
GO:0090615	1
GO:0021644	2
GO:2000027	2
GO:2001037	2
GO:0043474	2
GO:0072105	3
GO:1901208	1
GO:1901211	1
GO:0021761	2
GO:0048332	2
GO:2000137	1
GO:1903781	1
GO:0004960	1
GO:0004796	2
GO:0036134	3
GO:0048769	3
GO:1990733	2
GO:0031467	4
GO:1990444	3
GO:0071233	13
GO:0072752	5
GO:1903799	5
GO:0097210	2
GO:0001826	6
GO:0035565	1
GO:0039020	1
GO:0060677	1
GO:0061296	1
GO:0072176	1
GO:0072181	5
GO:0048319	2
GO:0048641	3
GO:0071664	1
GO:0010464	1
GO:0003409	1
GO:0010172	10
GO:0021506	2
GO:0070172	2
GO:0140001	3
GO:0001165	1
GO:1902490	2
GO:0019060	1
GO:0000700	1
GO:0004844	3
GO:0043739	1
GO:0141016	1
GO:0003912	1
GO:0140552	3
GO:0000346	22
GO:0034337	2
GO:0140691	2
GO:2000351	2
GO:0004790	1
GO:0030748	1
GO:0098615	1
GO:0003726	6
GO:0006382	5
GO:0008251	7
GO:0003720	7
GO:0006278	3
GO:0000333	2
GO:0000783	7
GO:0031627	6
GO:0070187	8
GO:1904792	1
GO:1904850	1
GO:1904911	1
GO:1905839	2
GO:0000782	1
GO:0032208	1
GO:0099088	1
GO:1904430	3
GO:0001172	2
GO:0003964	1
GO:0022616	1
GO:0031379	1
GO:0042635	2
GO:0098680	1
GO:0140745	1
GO:1903620	1
GO:1990572	1
GO:0070966	6
GO:0034515	2
GO:0106300	8
GO:0051177	8
GO:0030686	9
GO:0034455	3
GO:0001018	3
GO:0033108	6
GO:0031723	1
GO:0002460	1
GO:0002859	4
GO:0014008	1
GO:0032667	1
GO:0032829	2
GO:0032943	1
GO:0034714	4
GO:0060751	1
GO:1905005	2
GO:1905330	1
GO:1990402	2
GO:0051794	1
GO:1902256	1
GO:1904426	1
GO:1905006	1
GO:0070021	3
GO:1905223	2
GO:0002651	1
GO:0002663	1
GO:0005026	2
GO:0060434	2
GO:1905315	1
GO:1905316	1
GO:1905317	1
GO:1990428	3
GO:0007181	3
GO:0032354	3
GO:0060939	1
GO:0070123	1
GO:1902338	1
GO:0018149	3
GO:0018277	1
GO:0050568	1
GO:0120294	1
GO:0120295	1
GO:0120296	1
GO:0120297	1
GO:0120298	1
GO:0120299	1
GO:2000425	1
GO:0002081	10
GO:0007290	6
GO:0097541	2
GO:0004511	1
GO:0006585	1
GO:0002581	1
GO:0010754	6
GO:0002153	3
GO:0008050	3
GO:0033032	1
GO:0097474	2
GO:0140517	5
GO:0099147	11
GO:1904268	1
GO:1904338	2
GO:0045026	3
GO:0140118	1
GO:0031298	2
GO:0043111	2
GO:1904976	2
GO:0005744	8
GO:0010951	2
GO:0031128	1
GO:0004797	2
GO:0009157	2
GO:0046104	2
GO:0004802	3
GO:1901159	1
GO:0032493	3
GO:0035354	2
GO:0035663	3
GO:0042495	2
GO:0042497	2
GO:0002730	4
GO:0002758	1
GO:0003422	2
GO:0035666	7
GO:0070430	3
GO:1903974	2
GO:0035355	2
GO:0042496	2
GO:0042498	2
GO:0009590	2
GO:0032475	2
GO:0090049	2
GO:0004798	2
GO:0006227	3
GO:0006233	2
GO:0006235	5
GO:0051694	7
GO:0036143	1
GO:0090733	3
GO:0005861	8
GO:0031013	4
GO:0031014	4
GO:0032972	2
GO:1990584	3
GO:0002037	2
GO:0002439	4
GO:0031349	3
GO:0032724	1
GO:0043507	4
GO:0061048	1
GO:0120190	1
GO:0150129	1
GO:0051601	5
GO:0002632	1
GO:0034148	1
GO:0035871	11
GO:0061578	16
GO:0070429	1
GO:0070536	26
GO:0071947	6
GO:0072666	1
GO:2000349	2
GO:0036463	1
GO:0045569	3
GO:0071812	2
GO:0072674	5
GO:0050779	6
GO:0150098	1
GO:1902216	3
GO:0090717	3
GO:0032759	1
GO:0044691	6
GO:0051466	4
GO:1901837	4
GO:0008745	4
GO:0009253	6
GO:0016019	4
GO:0032827	4
GO:0051701	4
GO:0005174	2
GO:0010521	8
GO:1904908	2
GO:0001980	1
GO:0030172	3
GO:0045932	1
GO:0032780	3
GO:0048692	2
GO:0070853	2
GO:1904978	1
GO:0003916	7
GO:0003917	4
GO:0003918	4
GO:0009330	1
GO:0045870	2
GO:0140225	2
GO:0140226	1
GO:0032468	2
GO:0032472	2
GO:0035751	6
GO:0004510	2
GO:0006587	3
GO:1900046	1
GO:0004807	1
GO:0008929	1
GO:0003065	1
GO:0005862	2
GO:0008119	1
GO:0004447	1
GO:0080144	4
GO:0008476	2
GO:0006478	1
GO:0031247	2
GO:0071287	8
GO:0002700	1
GO:0002947	2
GO:1905669	2
GO:1905670	1
GO:1990604	4
GO:0032648	4
GO:2000373	2
GO:0002251	3
GO:0002253	2
GO:0002383	1
GO:0004529	2
GO:0032197	2
GO:0032558	1
GO:0071357	1
GO:0097281	1
GO:0030120	3
GO:0004998	2
GO:0045830	13
GO:0008437	1
GO:0004997	2
GO:0060212	3
GO:0016032	1
GO:1902253	2
GO:1902749	8
GO:1903451	1
GO:1904024	3
GO:1905856	2
GO:2000269	3
GO:0007499	1
GO:0010481	1
GO:0010482	3
GO:0060197	2
GO:1904674	2
GO:0002121	3
GO:0002124	2
GO:0019236	237
GO:0048047	1
GO:1902436	2
GO:0005227	15
GO:0106129	1
GO:2000384	2
GO:1905640	1
GO:0033596	3
GO:0044861	3
GO:0000813	12
GO:0006858	3
GO:1903774	3
GO:2000397	2
GO:0001534	13
GO:0001535	6
GO:0120336	4
GO:0120338	4
GO:0004996	1
GO:0038194	1
GO:1905229	1
GO:0016070	11
GO:1902555	4
GO:0060721	2
GO:0004792	4
GO:0016783	6
GO:0016784	2
GO:0035928	3
GO:0051029	1
GO:1901194	1
GO:0009226	1
GO:0042351	3
GO:0047918	1
GO:0050577	1
GO:0150051	6
GO:0033316	1
GO:1903096	1
GO:0043056	1
GO:0060419	2
GO:0097493	2
GO:0097500	5
GO:0120160	3
GO:0061548	2
GO:2000780	3
GO:2000793	1
GO:2000802	1
GO:0002699	2
GO:0035709	2
GO:0035712	1
GO:0035713	1
GO:0035714	1
GO:1900281	1
GO:2000568	2
GO:2000572	1
GO:0006221	8
GO:0033862	3
GO:0120136	2
GO:0004799	1
GO:0016741	1
GO:0004503	2
GO:0002222	1
GO:0002274	1
GO:1902685	4
GO:0030669	1
GO:0043438	1
GO:0089701	7
GO:0008187	3
GO:0019788	3
GO:0061654	3
GO:0032020	5
GO:0042296	3
GO:0019787	6
GO:0044388	5
GO:0061656	1
GO:0007113	2
GO:0008641	11
GO:0019781	2
GO:0004839	4
GO:0033503	4
GO:0070193	3
GO:1901874	5
GO:1904153	9
GO:0035037	1
GO:1905528	1
GO:0090204	3
GO:0002176	4
GO:0062030	2
GO:1990116	9
GO:0140251	4
GO:0032555	1
GO:1903495	1
GO:0015131	2
GO:0015140	2
GO:0015740	1
GO:0071423	3
GO:0140787	2
GO:1902356	2
GO:0036435	10
GO:0036501	2
GO:0005459	3
GO:0015165	6
GO:0072334	3
GO:0090481	6
GO:0006679	2
GO:0008120	2
GO:0003979	1
GO:0006065	2
GO:0008194	27
GO:0003851	1
GO:0006682	6
GO:0008489	3
GO:0021933	2
GO:0051386	4
GO:0160038	2
GO:1903349	2
GO:0009414	3
GO:0046720	1
GO:0072665	1
GO:0097744	3
GO:0004849	3
GO:0044206	6
GO:0044211	2
GO:0004588	1
GO:0004590	1
GO:0006207	6
GO:0006222	2
GO:0006225	5
GO:0019856	3
GO:0044205	3
GO:2001287	2
GO:0001566	2
GO:0061789	4
GO:0061790	2
GO:0099011	2
GO:0005043	1
GO:0031685	1
GO:0090182	2
GO:0090186	2
GO:0090188	5
GO:0090340	1
GO:0004846	1
GO:0006145	2
GO:0009114	4
GO:0009115	4
GO:0019628	3
GO:1904731	1
GO:0120001	4
GO:0004850	2
GO:0006218	2
GO:0006248	7
GO:0006249	8
GO:0009032	2
GO:0009166	5
GO:0046050	7
GO:0046074	7
GO:0046079	7
GO:0046108	1
GO:0047847	2
GO:0021539	1
GO:0021548	1
GO:0034551	13
GO:0004853	1
GO:0006787	1
GO:0046502	1
GO:0006780	1
GO:0000430	1
GO:0019086	3
GO:0002141	4
GO:0002142	6
GO:0048496	5
GO:1990696	4
GO:0021698	2
GO:0180017	1
GO:0097160	1
GO:0007527	1
GO:0016706	24
GO:0044666	12
GO:0071558	5
GO:0141052	2
GO:0051864	11
GO:0005351	3
GO:0005356	2
GO:0008506	4
GO:0008645	7
GO:0015770	4
GO:0016503	232
GO:0035579	1
GO:0098594	2
GO:1902278	1
GO:0002161	13
GO:0004832	2
GO:0006438	2
GO:0106074	13
GO:0060945	1
GO:0071065	1
GO:0061826	2
GO:0090636	1
GO:0090637	1
GO:1904702	1
GO:0022832	7
GO:0032272	1
GO:1902098	1
GO:1902121	2
GO:0002575	1
GO:0038033	1
GO:0043183	3
GO:1901492	3
GO:1990150	1
GO:0003711	7
GO:0030891	7
GO:0042069	1
GO:0048069	3
GO:0001762	2
GO:0140799	1
GO:0140800	1
GO:0032532	7
GO:0051125	2
GO:1902896	3
GO:1900147	1
GO:0015939	2
GO:0017159	2
GO:0030576	4
GO:0120187	3
GO:0141003	1
GO:0045735	1
GO:0004830	2
GO:0006436	2
GO:0002625	1
GO:2001032	9
GO:0034057	2
GO:0097010	2
GO:0090535	2
GO:0140801	1
GO:1905213	2
GO:0042247	1
GO:0070984	1
GO:0021588	1
GO:0022004	1
GO:0061184	3
GO:0014835	5
GO:0051885	2
GO:0003339	1
GO:0035150	1
GO:0072003	1
GO:0072078	1
GO:0072174	2
GO:0048697	2
GO:0060064	1
GO:0010387	5
GO:0048337	1
GO:0090676	1
GO:0030237	1
GO:0061369	1
GO:0072273	1
GO:2000019	2
GO:2000066	1
GO:2000180	1
GO:2000225	3
GO:0005115	1
GO:0036517	1
GO:0060606	1
GO:0150045	2
GO:1902379	2
GO:1904934	1
GO:0014719	3
GO:0045167	1
GO:0016332	3
GO:0032536	1
GO:0036516	1
GO:0060482	1
GO:0072060	1
GO:0072061	2
GO:0070337	1
GO:0098530	1
GO:0005869	8
GO:0072166	2
GO:0072302	1
GO:2000195	3
GO:2001076	1
GO:0060096	1
GO:0060691	1
GO:1900102	2
GO:0004854	1
GO:0004855	1
GO:0030151	7
GO:0070674	1
GO:0070675	1
GO:0099115	2
GO:0000715	1
GO:1901255	2
GO:0000111	1
GO:0032356	1
GO:0160002	3
GO:0140931	1
GO:1990297	1
GO:0005298	6
GO:0015193	8
GO:0015838	3
GO:1904271	3
GO:1905647	2
GO:1903703	1
GO:0050658	5
GO:0051031	1
GO:0001681	1
GO:0106330	1
GO:0034766	3
GO:0090168	5
GO:0006403	3
GO:2000359	1
GO:1990047	1
GO:0042023	1
GO:1990261	1
GO:0000178	16
GO:1901835	1
GO:1904246	1
GO:0044726	5
GO:0043376	1
GO:0051141	1
GO:2000640	3
GO:0060377	1
GO:0009048	12
GO:0035283	2
GO:0035469	5
GO:0071907	6
GO:0045619	4
GO:0045660	2
GO:0099129	1
GO:0010312	3
GO:0062111	5
GO:0071584	1
GO:0140826	4
GO:0140882	4
GO:0099180	2
GO:0032190	4
GO:0035804	3
GO:0001809	1
GO:0035803	1
GO:2000368	2
GO:0043160	3
GO:0051083	2
GO:2000393	3
GO:0097750	3
GO:0140285	3
GO:1903896	2
GO:0043951	1
GO:0060182	1
GO:0060183	3
GO:0140897	1
GO:1903596	1
GO:0050486	1
GO:1904288	4
GO:2000638	2
GO:0007084	5
GO:0010836	1
GO:0015074	4
GO:0075713	1
GO:0008441	2
GO:0060973	2
GO:0044301	2
GO:0098876	4
GO:0038101	1
GO:0004826	4
GO:0006432	4
GO:0009328	2
GO:0098867	1
GO:1901558	3
GO:1901750	1
GO:0090291	2
GO:0060300	1
GO:0004394	1
GO:0003938	2
GO:0033512	3
GO:0047315	2
GO:0047536	1
GO:0047958	1
GO:0050094	1
GO:0070189	4
GO:0008352	4
GO:0008568	7
GO:0051013	11
GO:0099601	4
GO:0070377	1
GO:0061817	6
GO:0046464	6
GO:0060717	4
GO:0090043	2
GO:0097014	2
GO:0002953	3
GO:0008253	12
GO:0046086	1
GO:0001730	12
GO:0071659	9
GO:0006359	3
GO:0033138	5
GO:1903385	3
GO:0034763	4
GO:0048389	1
GO:0072143	1
GO:0072168	1
GO:0072169	1
GO:0072183	1
GO:0072184	1
GO:0072234	1
GO:0072259	1
GO:0090094	1
GO:0043487	2
GO:0106333	4
GO:0140089	5
GO:0140094	5
GO:0140095	5
GO:0000103	4
GO:0004020	2
GO:0004781	2
GO:0009336	1
GO:0050428	2
GO:0060409	1
GO:1905923	1
GO:0004118	3
GO:0015111	5
GO:0000413	3
GO:0016859	2
GO:0008427	3
GO:0002803	3
GO:0097209	4
GO:0008594	8
GO:0022400	2
GO:0060698	2
GO:0071569	9
GO:0140708	3
GO:0004484	1
GO:0004651	2
GO:0006370	7
GO:0008192	1
GO:0050355	1
GO:0140818	1
GO:0009644	2
GO:0040040	2
GO:1990770	1
GO:2000549	1
GO:0140247	1
GO:0045751	3
GO:0005456	1
GO:0015782	1
GO:0072423	2
GO:1902747	6
GO:0006616	9
GO:0072595	2
GO:2001040	1
GO:0001097	3
GO:0045344	1
GO:0106140	4
GO:0036285	1
GO:0036159	20
GO:0071797	4
GO:0032446	3
GO:0019785	1
GO:0010841	4
GO:0046005	3
GO:0160133	2
GO:0032021	4
GO:0004534	4
GO:0071028	9
GO:0001147	3
GO:0061373	1
GO:1905603	1
GO:0003248	1
GO:0008356	5
GO:0015225	3
GO:0015419	1
GO:0015878	3
GO:0032217	6
GO:0032218	6
GO:0033013	2
GO:0034275	2
GO:0160244	1
GO:1904479	4
GO:0051249	2
GO:0006768	4
GO:0047708	1
GO:0043318	2
GO:1903387	3
GO:0070348	1
GO:0097361	5
GO:0008670	2
GO:0019166	2
GO:0035515	6
GO:0035516	5
GO:0042245	3
GO:0044065	3
GO:0070350	1
GO:1990931	2
GO:1990984	3
GO:0004342	2
GO:0006041	3
GO:0006043	2
GO:0006046	4
GO:0140972	3
GO:0034111	3
GO:0048313	1
GO:0090170	4
GO:0008545	2
GO:0034390	1
GO:0036481	3
GO:0007252	1
GO:0008349	6
GO:0032527	9
GO:0015966	3
GO:0019858	2
GO:0061514	3
GO:0004705	3
GO:0061833	4
GO:1904809	1
GO:0031948	1
GO:0061113	3
GO:0141064	1
GO:2001051	2
GO:0140663	3
GO:0004649	2
GO:0009225	2
GO:0046947	2
GO:0033823	1
GO:0050211	4
GO:0180062	1
GO:0009691	1
GO:0001579	2
GO:0015245	5
GO:0031957	9
GO:0071714	2
GO:0071715	1
GO:1905135	2
GO:0047747	2
GO:0000305	1
GO:0005827	5
GO:0031461	15
GO:1901992	3
GO:0030160	3
GO:0051977	3
GO:0062234	2
GO:0062003	1
GO:0015327	1
GO:0033029	1
GO:0048021	3
GO:0140206	5
GO:0140924	1
GO:0140926	1
GO:1901494	1
GO:1903786	1
GO:1904717	5
GO:0019784	4
GO:0140492	9
GO:1903894	2
GO:0044317	3
GO:0046164	1
GO:1901661	1
GO:0008499	8
GO:0047273	1
GO:0001517	6
GO:0002470	4
GO:0036037	5
GO:0039654	5
GO:0002280	1
GO:1902915	2
GO:0002769	2
GO:1990856	1
GO:0035312	4
GO:0051908	1
GO:0006567	3
GO:0008890	1
GO:0019518	2
GO:0001740	4
GO:0034184	5
GO:0072570	2
GO:1902688	1
GO:1902750	2
GO:1902882	2
GO:1902883	6
GO:1902884	2
GO:1904815	1
GO:0048132	1
GO:0090619	2
GO:0032014	2
GO:0004174	3
GO:0019101	1
GO:0043028	1
GO:0060014	1
GO:0051341	1
GO:0003096	4
GO:0031799	1
GO:0050780	2
GO:0097291	2
GO:1903402	1
GO:0070286	17
GO:0120010	2
GO:0005828	17
GO:0070939	3
GO:1990423	3
GO:1990452	3
GO:0036148	2
GO:0000706	1
GO:0010009	1
GO:0032458	2
GO:0016250	1
GO:0030201	4
GO:0033677	3
GO:0050406	1
GO:0110050	1
GO:0032358	1
GO:0044390	7
GO:0045738	5
GO:0061481	1
GO:1905053	2
GO:0008653	1
GO:0009104	1
GO:0050528	1
GO:0004066	2
GO:0006529	2
GO:0070981	1
GO:0045900	2
GO:0007039	1
GO:0010272	1
GO:0051452	5
GO:0097188	1
GO:1904154	3
GO:0098674	2
GO:1990504	2
GO:0036038	14
GO:0006901	10
GO:0030008	15
GO:0099022	15
GO:1990071	11
GO:1990072	11
GO:0019081	1
GO:0071264	1
GO:0072175	1
GO:0031431	1
GO:0002277	3
GO:0003070	1
GO:0032812	1
GO:0040013	2
GO:0043435	1
GO:0050968	4
GO:0070253	2
GO:1901081	2
GO:0110027	2
GO:0140005	6
GO:0140941	5
GO:0070449	5
GO:0034441	1
GO:0046469	2
GO:0120034	1
GO:0004817	2
GO:0006423	2
GO:0070761	7
GO:0002729	6
GO:0006931	3
GO:0070292	7
GO:0090737	2
GO:0008466	1
GO:0160249	1
GO:0030091	4
GO:0033743	4
GO:0033745	3
GO:0003941	3
GO:0008721	1
GO:0018114	1
GO:0030378	1
GO:0070179	1
GO:1901986	1
GO:0004596	9
GO:0031415	7
GO:0046122	1
GO:0106385	1
GO:0008469	3
GO:0018216	1
GO:0035243	4
GO:0070612	2
GO:0090161	11
GO:1904992	1
GO:0005310	2
GO:0015117	1
GO:0015709	1
GO:0015729	2
GO:0015743	1
GO:0004176	8
GO:0010636	7
GO:0034982	7
GO:0036131	9
GO:0045703	9
GO:0047086	10
GO:0047115	10
GO:0047743	9
GO:0047787	10
GO:0140169	9
GO:0003882	1
GO:0033549	7
GO:0000828	8
GO:0000832	5
GO:0032958	10
GO:0062175	1
GO:0004742	2
GO:1901076	2
GO:0010874	8
GO:0010949	2
GO:0043190	2
GO:0045796	2
GO:0032464	1
GO:0070925	4
GO:0097232	1
GO:0097233	3
GO:0150172	2
GO:0015126	1
GO:0015144	2
GO:0015432	3
GO:0120189	1
GO:0015216	2
GO:0015865	1
GO:0022884	1
GO:0035351	2
GO:0070730	2
GO:0070731	1
GO:1901505	1
GO:0098895	2
GO:0099164	1
GO:0004561	1
GO:0034285	1
GO:1904389	2
GO:0003944	1
GO:0043482	2
GO:0003365	3
GO:0071818	3
GO:0000814	3
GO:0005688	746
GO:0120115	7
GO:1990726	5
GO:0016409	25
GO:0018230	17
GO:0070461	6
GO:0017187	2
GO:0042371	2
GO:0047057	2
GO:0047058	1
GO:0030684	4
GO:0034457	3
GO:0000176	15
GO:0006401	29
GO:0034475	8
GO:0045006	4
GO:0071051	8
GO:0101019	10
GO:0071006	16
GO:0051685	1
GO:0036408	10
GO:0043995	11
GO:0043996	11
GO:0046972	8
GO:0140889	3
GO:0070125	4
GO:0017070	48
GO:0036093	1
GO:0120259	4
GO:1904871	3
GO:1990438	2
GO:0004307	2
GO:0098734	6
GO:0006388	10
GO:0016886	1
GO:0072669	8
GO:0170057	1
GO:0062064	2
GO:0010370	2
GO:0032202	4
GO:1904356	1
GO:0001510	17
GO:0033313	1
GO:0062152	2
GO:0003841	12
GO:0042171	11
GO:0030943	6
GO:0018455	1
GO:0047631	6
GO:0072571	1
GO:0006789	2
GO:0035672	2
GO:0035673	4
GO:1905431	1
GO:0004788	1
GO:0006772	3
GO:0009229	5
GO:0030975	1
GO:0141200	1
GO:1903215	6
GO:0090361	1
GO:0010609	3
GO:0070889	3
GO:0004615	2
GO:0009298	5
GO:0010651	1
GO:0044280	1
GO:1903479	3
GO:0043052	2
GO:0050960	3
GO:0034777	1
GO:0000101	1
GO:0021592	2
GO:0021993	1
GO:0140680	4
GO:0031704	2
GO:0090318	2
GO:0030906	3
GO:0097422	5
GO:0006996	3
GO:1904293	7
GO:0000447	8
GO:0000472	3
GO:0000480	6
GO:0043829	1
GO:0060987	1
GO:1903946	1
GO:0003880	2
GO:0018423	1
GO:0043855	2
GO:0051494	4
GO:0005175	1
GO:0004753	1
GO:0006554	2
GO:0019477	1
GO:0019878	2
GO:0047130	1
GO:0047131	1
GO:0033149	3
GO:0015184	3
GO:0180009	1
GO:1990822	2
GO:0102158	4
GO:0050664	1
GO:0033797	1
GO:0050137	1
GO:0045523	2
GO:0008431	3
GO:0019842	4
GO:0090212	2
GO:0003349	2
GO:0031779	1
GO:0120197	14
GO:0120249	2
GO:1990716	5
GO:0098670	3
GO:0002812	1
GO:0003247	1
GO:0006476	6
GO:0017136	5
GO:0032129	2
GO:0034979	7
GO:0042181	1
GO:0046969	2
GO:0051697	5
GO:0097372	2
GO:0140765	1
GO:0140773	2
GO:0140774	2
GO:0140804	5
GO:0044378	2
GO:0072429	4
GO:0140298	1
GO:1903319	1
GO:0003011	1
GO:0015247	5
GO:0097035	6
GO:0008252	1
GO:0009223	2
GO:0009264	4
GO:0017095	3
GO:0005656	2
GO:0060903	5
GO:1900107	2
GO:0006045	2
GO:0008761	1
GO:0009384	2
GO:0046380	3
GO:0000514	2
GO:0000515	2
GO:0051228	3
GO:0010994	8
GO:0051582	1
GO:0099074	3
GO:1904049	2
GO:1905366	1
GO:0007065	1
GO:0034089	1
GO:0009000	1
GO:0016261	1
GO:0070279	1
GO:0044773	3
GO:2000002	2
GO:0045175	1
GO:0000467	7
GO:0034473	3
GO:0034476	3
GO:0071035	7
GO:0071038	7
GO:0071034	4
GO:0071036	2
GO:0071037	2
GO:0071039	2
GO:0071040	1
GO:1904872	4
GO:1904145	1
GO:0002692	3
GO:2000408	1
GO:0035524	8
GO:0019948	2
GO:0031510	2
GO:0097268	3
GO:0010070	2
GO:0051232	1
GO:0051306	5
GO:1903538	2
GO:0003883	2
GO:0044210	2
GO:0160260	1
GO:0160264	1
GO:1902340	2
GO:0051750	1
GO:0006921	1
GO:1904708	2
GO:0060050	4
GO:1990406	2
GO:1990407	1
GO:0017130	1
GO:0098577	1
GO:0099122	7
GO:1902889	1
GO:1990280	1
GO:0045023	3
GO:1990508	4
GO:0140445	1
GO:0061966	8
GO:0075509	3
GO:0006489	2
GO:0045547	2
GO:1904423	2
GO:0031393	2
GO:0034464	8
GO:0035721	16
GO:1904290	1
GO:0008425	1
GO:0015019	1
GO:0036149	4
GO:1990131	4
GO:0001680	4
GO:0140101	1
GO:0031849	5
GO:0032386	3
GO:0010952	1
GO:0099629	3
GO:1905161	2
GO:0070579	3
GO:0140211	1
GO:0008420	7
GO:0090616	1
GO:0160272	1
GO:0160273	1
GO:0031511	1
GO:0034508	3
GO:1990275	8
GO:0000454	5
GO:0031118	4
GO:0031120	3
GO:0031429	5
GO:0034513	5
GO:0090661	4
GO:0180026	3
GO:0003985	7
GO:0003986	4
GO:0072380	2
GO:0140803	6
GO:0051255	2
GO:0000964	2
GO:0052905	3
GO:0090646	1
GO:0160106	1
GO:0047881	1
GO:0006528	2
GO:0050152	1
GO:0106008	1
GO:0044232	11
GO:0140268	12
GO:0032473	6
GO:0044804	5
GO:0048203	2
GO:0004492	1
GO:0032877	2
GO:0002414	2
GO:0016427	1
GO:0052735	3
GO:0018021	1
GO:0018064	2
GO:0030047	2
GO:0180019	2
GO:1905325	1
GO:0006771	4
GO:0062124	1
GO:0072388	4
GO:0004458	1
GO:0008720	1
GO:0140170	1
GO:0140174	1
GO:1903457	1
GO:2001019	3
GO:0070129	7
GO:1902775	7
GO:0032366	5
GO:0003881	1
GO:0046341	1
GO:0033557	2
GO:0048476	5
GO:0010835	2
GO:0030862	1
GO:0042272	6
GO:0098829	1
GO:1904492	1
GO:1904493	1
GO:0005918	2
GO:0097106	3
GO:1905809	1
GO:0016189	5
GO:0042996	1
GO:0098954	2
GO:0060304	5
GO:0005742	8
GO:0048219	2
GO:0035965	5
GO:0046338	4
GO:0008459	2
GO:0050698	1
GO:0005895	1
GO:0045737	4
GO:0070682	3
GO:1902336	1
GO:0050196	3
GO:1901607	1
GO:0003050	2
GO:0035813	1
GO:0006613	3
GO:0039019	1
GO:0045048	9
GO:0031687	3
GO:0071654	1
GO:0090210	2
GO:0008424	1
GO:0036071	3
GO:0043112	1
GO:0046368	1
GO:0046921	1
GO:0008532	4
GO:0030311	9
GO:0035270	1
GO:0045234	1
GO:0061355	2
GO:1990698	1
GO:0045575	2
GO:0032185	4
GO:0031260	1
GO:0031268	1
GO:0098837	7
GO:1902954	3
GO:1904779	3
GO:0106288	1
GO:0005367	1
GO:0015798	4
GO:0005691	27
GO:0030624	1
GO:0071001	3
GO:0009191	5
GO:0019144	1
GO:0019303	2
GO:0019693	2
GO:0044715	3
GO:0009368	2
GO:0042941	1
GO:0060094	1
GO:0001733	5
GO:0006681	1
GO:0050694	5
GO:0060345	1
GO:1903988	1
GO:0034127	1
GO:1905833	1
GO:0061729	2
GO:0061689	4
GO:1904274	2
GO:0002517	1
GO:0070776	7
GO:1990877	10
GO:1903441	5
GO:0008074	4
GO:0047805	2
GO:1904247	1
GO:0034499	6
GO:0051224	6
GO:0070676	2
GO:2000642	2
GO:0051922	2
GO:0051311	1
GO:1903371	2
GO:0002385	8
GO:0002857	1
GO:0032397	1
GO:1900280	1
GO:1905675	2
GO:0047915	1
GO:0030656	1
GO:0032182	6
GO:2000436	6
GO:0004343	1
GO:0002098	15
GO:0033588	6
GO:0005655	7
GO:0030681	10
GO:0033204	10
GO:0044609	2
GO:0010138	1
GO:0042978	2
GO:1902269	3
GO:0106018	3
GO:0008531	1
GO:0009231	1
GO:0009398	1
GO:0004965	3
GO:0038039	3
GO:1902712	2
GO:0044395	1
GO:0160076	2
GO:1903518	1
GO:0008510	6
GO:1903143	3
GO:1990409	2
GO:0070070	3
GO:0016344	3
GO:0051758	1
GO:0070649	3
GO:1905586	1
GO:0090310	2
GO:0034154	5
GO:0070884	6
GO:1904270	2
GO:0150038	1
GO:1990927	3
GO:0071329	1
GO:0070317	4
GO:0051792	6
GO:1904021	2
GO:0004119	1
GO:0060700	1
GO:0160041	2
GO:0001888	2
GO:0002128	2
GO:0002130	2
GO:0106050	2
GO:0106340	1
GO:0098998	1
GO:0099152	2
GO:0099158	1
GO:1903828	4
GO:1903910	1
GO:1903729	1
GO:1903749	3
GO:1903778	1
GO:0001016	1
GO:0072541	1
GO:2001057	1
GO:0002355	1
GO:0008037	3
GO:2001185	1
GO:0000390	2
GO:0009826	3
GO:0120154	2
GO:0006850	2
GO:0015373	2
GO:0015382	2
GO:0015195	1
GO:0015826	1
GO:0034589	1
GO:0034590	1
GO:0098718	1
GO:1903812	3
GO:0030990	1
GO:1902636	3
GO:0006021	3
GO:0008877	2
GO:0008934	2
GO:0031403	2
GO:0047954	2
GO:0052832	2
GO:0052833	3
GO:0052834	3
GO:0103026	2
GO:0000026	3
GO:0006505	3
GO:0031724	1
GO:0035768	1
GO:0035769	1
GO:2000545	1
GO:0005713	1
GO:0061099	1
GO:0015284	1
GO:0048211	1
GO:0050571	1
GO:0031755	2
GO:0051665	1
GO:0006203	2
GO:0008832	1
GO:0016793	1
GO:0032567	1
GO:0106375	1
GO:0098792	5
GO:0008387	1
GO:0030573	3
GO:0160021	7
GO:0032476	2
GO:0032478	2
GO:0052923	2
GO:0097269	2
GO:0060187	2
GO:1901340	1
GO:0005858	13
GO:0036156	12
GO:0080129	1
GO:0086103	1
GO:0008650	2
GO:0016435	3
GO:0062105	2
GO:0090214	1
GO:0051783	1
GO:0045127	1
GO:0160047	1
GO:0099243	2
GO:0031839	1
GO:0031840	1
GO:0042922	1
GO:0120061	1
GO:0120069	1
GO:0018924	1
GO:0010734	1
GO:0032892	1
GO:0034764	1
GO:1903797	1
GO:0016645	1
GO:0060305	1
GO:0070560	1
GO:0036317	1
GO:0070259	1
GO:0070260	1
GO:0050683	1
GO:0015421	2
GO:0090374	1
GO:0170037	1
GO:0002735	6
GO:0034271	4
GO:0034272	4
GO:0035032	6
GO:0045324	10
GO:0071275	1
GO:1905672	4
GO:0008889	6
GO:0047395	1
GO:0070291	6
GO:0017125	1
GO:1904050	1
GO:1905302	1
GO:0035750	1
GO:0051043	3
GO:0030034	1
GO:0098862	2
GO:0010935	2
GO:0006756	1
GO:0046041	1
GO:0046051	1
GO:0036250	1
GO:1990429	3
GO:0060215	4
GO:1902151	1
GO:0001691	3
GO:0062026	2
GO:0008999	2
GO:1990189	4
GO:1990190	3
GO:2000719	1
GO:1903445	3
GO:0016320	5
GO:0098826	5
GO:1905553	1
GO:0004239	5
GO:0008235	5
GO:0062099	3
GO:0008488	1
GO:0042131	1
GO:0140661	1
GO:1904113	1
GO:0034260	10
GO:1903333	3
GO:0001734	6
GO:0036396	9
GO:0009923	2
GO:0141040	1
GO:0050220	3
GO:0008470	1
GO:0001522	16
GO:0009451	16
GO:0009982	13
GO:0031119	5
GO:0106029	6
GO:0160147	1
GO:1990481	10
GO:0045720	1
GO:0140571	4
GO:0019509	5
GO:0046570	1
GO:0001572	2
GO:0018146	4
GO:0061850	1
GO:0015369	2
GO:0042407	17
GO:0099093	3
GO:0140141	4
GO:1900069	4
GO:0022406	1
GO:0031953	2
GO:0032417	2
GO:0180022	3
GO:0000298	4
GO:0008486	4
GO:0034431	4
GO:0034432	5
GO:0052840	1
GO:0052842	1
GO:0052845	2
GO:0052848	2
GO:0071543	4
GO:0071544	1
GO:0110154	2
GO:0140932	2
GO:1901907	4
GO:1901909	4
GO:1901911	4
GO:0061668	6
GO:0002566	1
GO:0003692	2
GO:0016553	2
GO:1900369	1
GO:0034367	1
GO:1990427	1
GO:0030289	6
GO:1990533	2
GO:0031371	4
GO:0090035	1
GO:1904694	4
GO:0010635	1
GO:0045040	3
GO:1902499	3
GO:0030905	2
GO:0098999	1
GO:0017190	2
GO:0018002	2
GO:0036195	3
GO:0098958	3
GO:0004349	1
GO:0004350	1
GO:0006592	1
GO:0060260	1
GO:0010587	8
GO:0031332	8
GO:0007175	6
GO:0097699	1
GO:1904988	1
GO:0002538	1
GO:0016213	2
GO:0071386	2
GO:0003044	1
GO:1990539	1
GO:0160204	3
GO:0032173	1
GO:0005787	7
GO:0046006	1
GO:0070235	1
GO:0097528	3
GO:2000452	1
GO:0141014	4
GO:0071196	2
GO:0099625	1
GO:0038022	6
GO:0008113	2
GO:1990113	1
GO:1990114	2
GO:1990115	1
GO:0071449	1
GO:0001879	3
GO:0006669	1
GO:0033008	1
GO:2001169	2
GO:0045886	1
GO:0051153	2
GO:0071109	1
GO:0106027	1
GO:0150101	1
GO:1903566	6
GO:1903940	4
GO:0015333	3
GO:0042937	2
GO:0042939	1
GO:0051956	3
GO:0071916	4
GO:0001874	1
GO:0016046	1
GO:0032491	1
GO:0006085	7
GO:0050080	1
GO:2001294	5
GO:0071986	6
GO:0006408	4
GO:0043489	6
GO:0140262	4
GO:0031931	6
GO:0031932	9
GO:1905857	4
GO:0001002	3
GO:0001003	3
GO:0001006	6
GO:0001156	2
GO:0014736	2
GO:0043610	1
GO:0055006	1
GO:0062027	1
GO:1903691	4
GO:1904197	2
GO:1904206	2
GO:1904213	1
GO:0019442	2
GO:1904842	1
GO:0098559	4
GO:0098560	3
GO:1904690	1
GO:0019310	1
GO:0050113	1
GO:0160127	3
GO:0000033	1
GO:0004378	1
GO:0102704	1
GO:0061798	1
GO:0061799	1
GO:0004151	2
GO:0004152	1
GO:0009220	1
GO:0072528	3
GO:0106430	1
GO:0047105	1
GO:0045130	2
GO:0001761	1
GO:0015374	1
GO:0015657	2
GO:0015803	3
GO:0070654	1
GO:1904140	1
GO:0106359	1
GO:0106376	1
GO:0051008	1
GO:1903332	1
GO:0042984	3
GO:0021768	1
GO:0015169	1
GO:0015794	1
GO:0032361	1
GO:0047874	1
GO:0003175	1
GO:0036306	1
GO:0008527	27
GO:0033038	35
GO:0050912	37
GO:0034211	2
GO:0140008	4
GO:0140119	3
GO:0010714	1
GO:0005476	1
GO:0015227	2
GO:0004671	1
GO:0046499	1
GO:0009438	2
GO:0019826	3
GO:0033864	1
GO:0036470	1
GO:0036471	1
GO:0036478	1
GO:0036524	1
GO:0046295	1
GO:0061691	1
GO:0061727	1
GO:0070994	1
GO:0106044	1
GO:0106045	1
GO:0106046	1
GO:0140041	1
GO:1902958	3
GO:1903073	2
GO:1903094	2
GO:1903122	1
GO:1903189	1
GO:1903190	1
GO:1903197	1
GO:1905516	6
GO:1990422	1
GO:2000277	1
GO:0048239	2
GO:0018872	2
GO:0030791	2
GO:0071624	2
GO:0016095	1
GO:0047751	3
GO:0102389	1
GO:0160198	1
GO:0004573	1
GO:0051957	2
GO:1905737	2
GO:0002178	3
GO:1905524	1
GO:0030174	7
GO:0071163	2
GO:2000104	2
GO:1905025	1
GO:0008859	3
GO:0015334	1
GO:0015835	3
GO:0042938	1
GO:0070424	2
GO:0140207	1
GO:0030691	1
GO:0140966	3
GO:1990923	3
GO:0070060	1
GO:0140990	1
GO:0021686	1
GO:0060668	1
GO:0141106	2
GO:0051666	1
GO:0010795	2
GO:0051005	2
GO:0000350	2
GO:0000389	2
GO:0071014	8
GO:0071020	1
GO:0160228	1
GO:0045517	1
GO:0045518	1
GO:0035710	4
GO:0097505	1
GO:0035248	1
GO:0047237	3
GO:0031129	1
GO:0072309	1
GO:2000659	2
GO:0043368	3
GO:0071678	1
GO:0042478	1
GO:0097117	1
GO:0005462	4
GO:0005464	1
GO:0015790	1
GO:1990569	5
GO:0001537	5
GO:0033037	1
GO:0047756	3
GO:0050659	2
GO:1902607	1
GO:0015095	17
GO:1903830	16
GO:0043331	3
GO:0035538	1
GO:0042840	1
GO:0047941	1
GO:1904831	2
GO:0001631	2
GO:0008743	1
GO:0004555	1
GO:0005991	1
GO:0005993	1
GO:0008442	1
GO:2000191	1
GO:0120147	1
GO:0031768	1
GO:0032097	1
GO:0042322	1
GO:0120058	2
GO:1903012	3
GO:1905333	3
GO:0002353	2
GO:0002542	1
GO:0015774	1
GO:0061751	1
GO:0071461	2
GO:1900125	1
GO:0008623	4
GO:1990811	1
GO:0034657	5
GO:0060887	2
GO:0000224	1
GO:0043370	1
GO:0070221	2
GO:0070224	1
GO:0106436	1
GO:0043417	1
GO:0031080	10
GO:1903108	8
GO:0140852	3
GO:0009435	13
GO:0019363	11
GO:0034355	9
GO:0047280	1
GO:0000479	4
GO:1902140	4
GO:0050651	7
GO:0140892	3
GO:0003420	1
GO:0035642	2
GO:0070611	2
GO:0140903	1
GO:2000095	5
GO:0034643	2
GO:0099044	2
GO:0140284	4
GO:0046403	2
GO:0046404	4
GO:0051734	2
GO:0016263	2
GO:0036344	3
GO:0106370	1
GO:0055024	1
GO:0042983	1
GO:0000959	2
GO:0030894	1
GO:0002099	2
GO:0008479	2
GO:0120507	2
GO:0003987	4
GO:0019413	2
GO:0019542	2
GO:1903556	1
GO:1905404	1
GO:0098925	1
GO:0046958	1
GO:0072703	1
GO:0110059	1
GO:0030389	2
GO:0036525	1
GO:0102193	2
GO:0102194	1
GO:0001112	1
GO:0010436	2
GO:0016121	2
GO:1901810	1
GO:0005034	1
GO:0015275	3
GO:0042538	1
GO:0097497	1
GO:1905042	1
GO:0008626	1
GO:0015389	5
GO:1904082	2
GO:0071846	2
GO:0005307	1
GO:0005345	3
GO:0005350	2
GO:0006863	1
GO:0015855	3
GO:0071722	1
GO:0034993	11
GO:0061886	1
GO:0090292	3
GO:0140044	2
GO:0014052	1
GO:0008260	3
GO:0008410	3
GO:0046952	4
GO:0060178	3
GO:1904292	2
GO:0021767	1
GO:0061374	1
GO:0061377	1
GO:0061379	2
GO:0061381	1
GO:0034983	3
GO:0046970	2
GO:0051987	4
GO:0061433	1
GO:0070446	1
GO:0097456	1
GO:0032041	2
GO:0141208	2
GO:0141218	3
GO:1903109	3
GO:0036101	4
GO:0052871	2
GO:0001179	1
GO:0043813	3
GO:0106019	1
GO:0005362	1
GO:0005402	3
GO:0072705	1
GO:0047961	4
GO:0019742	1
GO:1903146	1
GO:1905090	2
GO:0002058	2
GO:0002059	1
GO:0006210	3
GO:0006212	2
GO:0019482	3
GO:0019860	2
GO:0003013	1
GO:0003017	2
GO:0008898	1
GO:0033477	1
GO:0061627	1
GO:0002761	1
GO:0032463	2
GO:0061357	4
GO:1902823	1
GO:0015647	2
GO:0042988	1
GO:2000515	2
GO:2001199	4
GO:0070303	1
GO:0170011	4
GO:1904291	1
GO:0042366	1
GO:1902743	2
GO:0016667	2
GO:0016671	4
GO:0062101	2
GO:1901879	1
GO:0060648	1
GO:0033615	8
GO:0006399	5
GO:0051499	2
GO:0051500	2
GO:0106026	2
GO:0043291	3
GO:0006121	5
GO:0045273	4
GO:1905799	2
GO:0006004	7
GO:0042355	1
GO:0047834	1
GO:0000339	6
GO:0050313	1
GO:0070813	1
GO:0018293	1
GO:0034553	4
GO:0061617	9
GO:0000213	2
GO:0000214	4
GO:0000379	3
GO:2001311	2
GO:0018026	6
GO:0008940	3
GO:0042126	3
GO:1903958	3
GO:0060229	2
GO:1905706	3
GO:0047198	8
GO:0070476	2
GO:2000234	10
GO:0170027	3
GO:1902957	1
GO:0061657	1
GO:0071568	2
GO:1990592	5
GO:0019207	3
GO:0019908	3
GO:0017057	2
GO:0008768	2
GO:1902730	2
GO:0120519	1
GO:0071602	1
GO:0000408	9
GO:0070525	6
GO:0061956	1
GO:0097598	4
GO:0004735	4
GO:0034642	1
GO:0032511	10
GO:0003998	2
GO:0070876	4
GO:0001100	1
GO:0001099	1
GO:0000347	6
GO:0000445	7
GO:1990112	3
GO:0002949	5
GO:0061711	2
GO:0004581	1
GO:0048205	4
GO:0052909	1
GO:0032979	5
GO:0141164	5
GO:2000757	2
GO:0070652	8
GO:0070139	5
GO:0055087	3
GO:0070478	3
GO:0010950	2
GO:0030915	8
GO:0003920	2
GO:1902560	2
GO:0008663	1
GO:0047734	1
GO:1903843	3
GO:1900101	1
GO:0061852	2
GO:0003963	1
GO:1905592	1
GO:0002943	4
GO:0017150	4
GO:0102264	1
GO:0000815	10
GO:0051469	11
GO:0061763	12
GO:1904930	11
GO:0034247	2
GO:0140132	1
GO:1904439	1
GO:0036114	5
GO:0044580	4
GO:1901289	4
GO:1902859	3
GO:0072158	2
GO:0035513	3
GO:0004081	3
GO:0008796	1
GO:1901894	2
GO:0097752	4
GO:0008967	2
GO:0033699	1
GO:0120108	1
GO:1990165	1
GO:0140112	2
GO:0042797	5
GO:0006253	1
GO:0032556	2
GO:0047840	1
GO:0003980	2
GO:0097359	2
GO:2000192	2
GO:0055080	5
GO:0097690	2
GO:1904039	2
GO:0031262	4
GO:0006692	1
GO:0000309	3
GO:0004515	3
GO:0140768	4
GO:0008962	1
GO:0032049	5
GO:0102091	1
GO:0006294	1
GO:0140499	2
GO:0047017	1
GO:0000461	1
GO:1904257	3
GO:0060620	1
GO:0004067	2
GO:0008798	1
GO:0033345	1
GO:1990393	5
GO:2000825	1
GO:0016920	2
GO:0006627	5
GO:0042720	2
GO:1902073	1
GO:0062063	2
GO:0098654	3
GO:0140462	4
GO:0043337	1
GO:1905711	1
GO:0033867	1
GO:0006240	1
GO:0046705	2
GO:0031372	3
GO:0042275	2
GO:0043039	13
GO:0010876	1
GO:1990046	2
GO:0090153	2
GO:0016237	3
GO:0019786	5
GO:0031173	1
GO:0018012	1
GO:0018013	1
GO:0018016	1
GO:0035572	1
GO:0035573	1
GO:0071885	2
GO:0008193	1
GO:0099116	1
GO:0090164	2
GO:0140312	4
GO:0140450	3
GO:0017178	1
GO:0017183	7
GO:0032406	2
GO:0032408	2
GO:0036298	2
GO:0048232	4
GO:0097362	2
GO:0004750	1
GO:0000126	3
GO:0070897	4
GO:0062156	1
GO:0062157	2
GO:0005047	6
GO:0071566	1
GO:0004614	3
GO:0008973	1
GO:1990070	1
GO:0070171	2
GO:0030478	3
GO:0033206	2
GO:0061825	3
GO:0090486	2
GO:0097231	1
GO:0035564	2
GO:0099400	1
GO:1902803	2
GO:1904644	1
GO:1904713	2
GO:1904887	1
GO:0042406	1
GO:0033011	5
GO:0002100	1
GO:0052717	1
GO:0150147	1
GO:0160087	2
GO:0003352	4
GO:0120152	1
GO:0140659	1
GO:0019777	2
GO:0061651	1
GO:1905962	1
GO:2000609	2
GO:0004633	1
GO:0015937	12
GO:0071513	1
GO:1902726	2
GO:1990246	6
GO:0008566	1
GO:0002588	2
GO:0017024	1
GO:0032090	2
GO:0140738	2
GO:0140208	2
GO:1900210	2
GO:0062078	2
GO:0017133	3
GO:0004560	2
GO:0015928	2
GO:0010891	3
GO:0016411	2
GO:0051264	2
GO:0051265	2
GO:0061945	1
GO:0036325	1
GO:0035442	1
GO:0141204	1
GO:0160178	1
GO:0005846	3
GO:1990786	2
GO:0001735	2
GO:0016670	2
GO:0030327	3
GO:0030328	2
GO:0102149	1
GO:0160276	1
GO:0003853	2
GO:0017061	2
GO:0004658	2
GO:1904491	8
GO:0016077	3
GO:1990174	4
GO:0005046	3
GO:0046923	4
GO:2000299	2
GO:0008177	3
GO:0050433	1
GO:0031515	2
GO:0031125	3
GO:0000444	4
GO:0097196	2
GO:0002143	4
GO:0032447	4
GO:0034227	4
GO:0052381	1
GO:0070900	3
GO:0097466	2
GO:1904380	3
GO:0060192	1
GO:0060193	1
GO:0000079	2
GO:0035596	2
GO:0035597	1
GO:0035600	2
GO:0045903	1
GO:0140987	3
GO:0140988	2
GO:0140439	7
GO:0097712	1
GO:0006386	1
GO:0016076	1
GO:1903850	1
GO:0036139	3
GO:0062213	1
GO:0042182	1
GO:2000208	1
GO:0070072	6
GO:0160154	1
GO:0140483	1
GO:0004638	1
GO:0004639	1
GO:0045992	1
GO:0004430	4
GO:0000121	1
GO:0043136	1
GO:0002528	3
GO:0010265	2
GO:0006600	2
GO:0014889	3
GO:0015067	1
GO:0015068	1
GO:1905395	2
GO:0033787	1
GO:0006479	5
GO:0032440	1
GO:0035798	1
GO:0036102	2
GO:0036185	1
GO:0043449	1
GO:0047522	3
GO:0097257	1
GO:2001302	2
GO:0047412	1
GO:0061673	5
GO:0002412	1
GO:0032876	1
GO:0051444	1
GO:1904667	2
GO:0031533	3
GO:0106005	3
GO:0160130	3
GO:0009259	1
GO:0032299	3
GO:0160063	7
GO:0160064	7
GO:0009249	5
GO:0033819	1
GO:0002505	1
GO:0002747	1
GO:0046754	1
GO:0090117	2
GO:0072708	2
GO:0042175	3
GO:0071595	2
GO:0002182	2
GO:0018112	1
GO:0050346	1
GO:0030626	2
GO:0051723	2
GO:0061685	1
GO:0071021	1
GO:0000803	2
GO:0008592	3
GO:0021822	1
GO:0050291	7
GO:0001754	2
GO:0035609	4
GO:0035610	6
GO:0098957	2
GO:0030233	1
GO:0030302	1
GO:0030974	2
GO:0042723	2
GO:0090422	2
GO:1990172	2
GO:0050124	1
GO:0010739	4
GO:0071209	3
GO:0110031	3
GO:0005848	2
GO:1990738	1
GO:0016603	2
GO:0017186	2
GO:0000127	6
GO:0004514	1
GO:0034213	1
GO:0046874	3
GO:0140017	1
GO:0140019	1
GO:0140038	1
GO:0030735	1
GO:0035498	1
GO:2001145	1
GO:0000451	2
GO:0070039	2
GO:0071855	2
GO:0098799	1
GO:0004818	2
GO:0006424	2
GO:0050561	1
GO:0070127	1
GO:1903939	1
GO:0010025	3
GO:0080019	2
GO:0102965	2
GO:0016094	1
GO:0008700	1
GO:0019470	1
GO:0033609	1
GO:0106009	1
GO:0000349	2
GO:0000965	3
GO:0097222	4
GO:0051786	1
GO:0099017	1
GO:0090149	2
GO:0061511	4
GO:1903723	2
GO:0034656	2
GO:0046036	2
GO:0046712	2
GO:1902605	1
GO:0140968	2
GO:0034338	1
GO:0061938	1
GO:0098541	1
GO:0061666	1
GO:0140501	3
GO:0030629	2
GO:0120048	1
GO:0120049	2
GO:0141185	3
GO:0010638	1
GO:1902858	2
GO:0018200	1
GO:0070739	2
GO:0070740	10
GO:0106437	5
GO:0061757	1
GO:0071578	10
GO:0097080	1
GO:0098711	2
GO:0140410	7
GO:0140412	1
GO:1990540	1
GO:0000030	15
GO:0004376	2
GO:0051751	1
GO:0180041	1
GO:1990529	2
GO:1902525	1
GO:0008454	3
GO:0004577	2
GO:0010607	2
GO:0099041	5
GO:0000095	1
GO:0015805	1
GO:0180003	1
GO:1990543	1
GO:0036399	1
GO:0036506	4
GO:0008897	1
GO:0009258	3
GO:0002950	3
GO:0033188	3
GO:0047493	3
GO:1905373	2
GO:1901856	2
GO:0001096	2
GO:1903059	1
GO:0061525	2
GO:0016300	2
GO:0106335	2
GO:0033291	1
GO:0034463	1
GO:0140958	5
GO:0018364	2
GO:0043528	2
GO:0018477	1
GO:0016078	3
GO:0000210	3
GO:0010943	2
GO:0035529	4
GO:0055086	5
GO:0097111	2
GO:0120281	5
GO:0090560	2
GO:0120513	2
GO:0014874	1
GO:0097037	3
GO:0140357	1
GO:0005295	5
GO:0015655	3
GO:0015800	1
GO:0043090	2
GO:1903294	1
GO:1903841	2
GO:0009007	2
GO:0035657	1
GO:0036009	2
GO:0140984	1
GO:0061842	1
GO:0061920	2
GO:0005873	1
GO:0032798	2
GO:0004814	3
GO:0006420	3
GO:0106217	2
GO:1904298	1
GO:0036502	2
GO:0141046	1
GO:0035650	5
GO:0035651	3
GO:0036461	2
GO:1901097	5
GO:0090083	2
GO:0015367	1
GO:0043874	1
GO:0046523	1
GO:0017192	1
GO:0031416	2
GO:0120518	4
GO:0042732	3
GO:0033320	1
GO:0048040	1
GO:0033043	2
GO:0047408	2
GO:0004482	1
GO:0004741	5
GO:1902068	1
GO:1902615	1
GO:0015450	1
GO:0016031	2
GO:1905242	1
GO:0005700	1
GO:0140944	6
GO:1990034	6
GO:0140567	4
GO:0140570	1
GO:0060629	3
GO:0034655	1
GO:0110153	1
GO:0110155	3
GO:0110156	3
GO:0140098	1
GO:1904231	1
GO:0009386	1
GO:0035621	3
GO:0120012	1
GO:1904960	1
GO:0047658	1
GO:0042586	1
GO:0031710	1
GO:0051351	1
GO:0018022	4
GO:0061928	2
GO:0070552	7
GO:0010908	1
GO:0072753	3
GO:0160007	2
GO:0170036	2
GO:0018023	6
GO:1905273	1
GO:0039535	1
GO:1903006	2
GO:0008579	1
GO:0004140	2
GO:0008334	3
GO:0031442	5
GO:0034518	2
GO:0031475	1
GO:0050163	2
GO:0004047	2
GO:0005960	3
GO:0006546	3
GO:0019464	3
GO:0021830	1
GO:0005673	2
GO:0008903	1
GO:0033897	2
GO:0005849	6
GO:0110104	5
GO:2000975	1
GO:0047826	1
GO:0031591	5
GO:0102522	1
GO:0072522	1
GO:0005280	5
GO:1904997	1
GO:0047223	2
GO:0072345	5
GO:0003972	1
GO:0070899	2
GO:0160236	2
GO:0000938	5
GO:1990745	5
GO:0035251	3
GO:0035252	6
GO:0140561	3
GO:0140562	3
GO:0180059	6
GO:0052751	1
GO:0000455	4
GO:0106388	1
GO:0044795	1
GO:0010566	1
GO:0036046	1
GO:0036047	1
GO:0036048	1
GO:0036049	1
GO:0036054	1
GO:0036055	2
GO:0061697	2
GO:0061698	2
GO:1901028	2
GO:0033735	1
GO:0018003	2
GO:1905667	1
GO:0000293	1
GO:0008823	3
GO:0052851	3
GO:0098706	3
GO:0042268	1
GO:0090319	1
GO:0090321	1
GO:0061871	1
GO:0140060	1
GO:0010257	1
GO:1990390	2
GO:0034474	1
GO:0010789	2
GO:2000711	1
GO:0006392	1
GO:0008655	1
GO:0034654	2
GO:0004045	5
GO:0016150	1
GO:0070126	3
GO:0035964	1
GO:0048199	2
GO:0106272	1
GO:0106273	1
GO:0120078	1
GO:1905580	1
GO:1905943	1
GO:2001213	1
GO:0090177	2
GO:0008265	1
GO:0043545	1
GO:0004631	1
GO:0042781	2
GO:0050104	1
GO:0018773	1
GO:0034545	1
GO:0047621	1
GO:0003951	2
GO:0019867	1
GO:1903949	1
GO:1904199	1
GO:0004306	1
GO:0051401	1
GO:0034228	4
GO:0034229	4
GO:0008893	1
GO:0021691	2
GO:0005674	2
GO:0016591	1
GO:0043163	1
GO:0102262	1
GO:0102263	1
GO:0051638	1
GO:1902745	2
GO:2000813	3
GO:0102524	1
GO:0019427	1
GO:0036379	1
GO:0036458	1
GO:0090077	2
GO:0016432	2
GO:0141217	1
GO:0097036	1
GO:0000994	1
GO:0007225	1
GO:0035598	1
GO:1903852	3
GO:1903297	1
GO:1990879	3
GO:0140240	3
GO:0004605	3
GO:0071166	1
GO:0035544	3
GO:1905513	1
GO:0019082	2
GO:0019705	6
GO:0044873	1
GO:0052373	1
GO:0062062	2
GO:0120510	3
GO:0140613	2
GO:0022883	2
GO:0005996	1
GO:0036373	1
GO:0002264	1
GO:0032377	1
GO:0009890	2
GO:0045934	2
GO:0045936	1
GO:0120508	2
GO:0140299	3
GO:0098842	4
GO:1901253	2
GO:0051747	2
GO:1990930	1
GO:0071629	3
GO:0140455	3
GO:0141191	2
GO:0002172	1
GO:0070685	1
GO:0034967	2
GO:0070210	2
GO:0008216	2
GO:0032919	1
GO:0032920	1
GO:0046204	1
GO:1905048	1
GO:0016403	1
GO:0046496	3
GO:0047453	1
GO:0110051	2
GO:0007525	2
GO:0000811	5
GO:1902983	1
GO:0060476	3
GO:0098635	3
GO:0002757	8
GO:0097649	2
GO:1904557	2
GO:0042292	1
GO:0061604	1
GO:0061605	1
GO:0070566	2
GO:1904158	6
GO:0006999	8
GO:0102559	1
GO:0002737	1
GO:0034317	2
GO:0046495	4
GO:0050262	3
GO:0061769	3
GO:0030119	3
GO:0044599	4
GO:0005745	3
GO:0021814	1
GO:1990032	2
GO:1990597	2
GO:0071788	1
GO:1903373	3
GO:0004479	1
GO:0071951	1
GO:0004474	1
GO:0047777	1
GO:0106064	1
GO:0106121	1
GO:0002834	1
GO:1904094	1
GO:1990722	1
GO:0008127	1
GO:0002196	2
GO:0004813	3
GO:0006419	3
GO:0009159	2
GO:0000823	1
GO:0000824	1
GO:0000825	2
GO:0008440	4
GO:0047326	1
GO:0051765	1
GO:0097243	2
GO:0004070	1
GO:0004087	2
GO:0004088	2
GO:0032484	4
GO:0140939	3
GO:0120114	1
GO:0004835	1
GO:0004164	1
GO:0141133	1
GO:0045686	2
GO:0060223	1
GO:0060226	1
GO:0045620	1
GO:0097409	1
GO:0097414	1
GO:0097462	1
GO:1990038	1
GO:0009445	4
GO:0050232	4
GO:0052597	4
GO:0052598	4
GO:0003858	2
GO:0016617	1
GO:0019290	1
GO:0036228	4
GO:0007014	1
GO:1902173	2
GO:1903883	1
GO:1903886	1
GO:0035526	2
GO:0072156	2
GO:1905709	2
GO:0006862	4
GO:1904947	1
GO:1990548	1
GO:0001193	1
GO:0031967	1
GO:0001727	4
GO:0001729	2
GO:0047620	1
GO:0002939	3
GO:0070004	4
GO:0006448	2
GO:0090069	1
GO:0033858	1
GO:0004564	1
GO:0004574	1
GO:0005987	1
GO:0160110	4
GO:0032243	1
GO:1903180	1
GO:0036116	2
GO:1900535	1
GO:0140484	1
GO:0140485	1
GO:0034477	2
GO:0050265	3
GO:0004810	1
GO:0106354	1
GO:0160016	1
GO:0006667	1
GO:0102772	1
GO:1900044	1
GO:1902498	1
GO:1905458	1
GO:0070453	1
GO:0004831	2
GO:0006437	2
GO:0070184	1
GO:0035675	1
GO:0061526	1
GO:0018708	4
GO:0180035	4
GO:0043174	3
GO:0140625	2
GO:1905668	4
GO:2000409	2
GO:0004816	2
GO:0006421	2
GO:0003431	2
GO:0140858	1
GO:0071567	2
GO:0010922	1
GO:0047316	1
GO:0047804	2
GO:0097053	4
GO:0070861	1
GO:0071955	2
GO:0090301	1
GO:2000314	2
GO:0090199	1
GO:0000035	1
GO:0000036	1
GO:0140978	3
GO:0032216	1
GO:0140616	1
GO:0008428	4
GO:0005118	1
GO:0008495	1
GO:0070069	3
GO:0140007	4
GO:1903698	5
GO:0033002	1
GO:0021528	1
GO:0007309	1
GO:0005460	3
GO:0005461	2
GO:0005463	2
GO:0015780	2
GO:0015786	4
GO:0015787	2
GO:0015789	2
GO:0008445	1
GO:0047821	1
GO:0036020	7
GO:0004169	7
GO:1905584	2
GO:0006864	2
GO:0015218	2
GO:0031930	1
GO:1990519	2
GO:0070183	1
GO:0051684	3
GO:1903119	5
GO:0035485	1
GO:0031417	3
GO:0031499	5
GO:0180034	1
GO:1905634	3
GO:0044611	3
GO:0006666	1
GO:0047560	1
GO:0033979	2
GO:0062065	1
GO:0030429	1
GO:0043420	3
GO:0072521	1
GO:0120122	1
GO:0001178	1
GO:0120325	3
GO:0098939	2
GO:0150063	1
GO:1904139	1
GO:0070197	6
GO:0106438	7
GO:1990972	2
GO:0047933	1
GO:0043998	3
GO:0060378	3
GO:0016013	2
GO:0140870	1
GO:1902117	3
GO:0070287	2
GO:0051790	1
GO:0032116	2
GO:0034087	2
GO:0061775	2
GO:0090694	2
GO:0106211	1
GO:0045186	2
GO:0120015	4
GO:0002756	3
GO:0035660	1
GO:0004747	1
GO:0061589	5
GO:0061590	6
GO:0061591	5
GO:0060152	2
GO:0043416	1
GO:0046611	1
GO:0003345	1
GO:0065001	1
GO:0140261	1
GO:0140670	2
GO:0004061	1
GO:0070716	1
GO:0047394	1
GO:0039530	2
GO:0001155	1
GO:0061163	1
GO:0061573	1
GO:0005171	2
GO:1902204	1
GO:0045016	2
GO:0061768	2
GO:0000958	3
GO:0000962	3
GO:0004654	1
GO:0035927	1
GO:0045025	2
GO:0071042	1
GO:2000627	4
GO:1904568	9
GO:0034486	1
GO:0009233	1
GO:0009234	1
GO:0008821	7
GO:0016889	1
GO:0048257	1
GO:0071140	4
GO:0110078	3
GO:0140777	2
GO:0017065	1
GO:0038032	1
GO:0033263	7
GO:0099023	5
GO:0004595	1
GO:0106137	2
GO:0042843	1
GO:0047837	1
GO:0050459	1
GO:1905372	1
GO:0050480	1
GO:0098592	2
GO:0070980	2
GO:0002495	2
GO:0004512	1
GO:1900089	1
GO:0004829	3
GO:0006435	3
GO:0001025	1
GO:0009789	1
GO:0007112	1
GO:2001252	2
GO:0008412	1
GO:0008843	2
GO:1990175	2
GO:0002208	4
GO:0042772	1
GO:0004132	2
GO:0042335	2
GO:0070268	3
GO:0102266	1
GO:0102267	1
GO:0015444	1
GO:0160176	1
GO:0009825	1
GO:0036018	1
GO:0140457	3
GO:0039552	3
GO:0061700	11
GO:1900053	1
GO:0042078	1
GO:0031313	1
GO:0070158	1
GO:0070902	1
GO:1990400	1
GO:0090262	1
GO:0061708	1
GO:0106219	1
GO:0140486	2
GO:0004485	2
GO:1905202	2
GO:0090675	2
GO:0036090	1
GO:0008449	3
GO:0014846	2
GO:0097258	1
GO:0097259	1
GO:0140692	1
GO:2001304	1
GO:0061097	2
GO:0010606	6
GO:1904106	2
GO:0047225	1
GO:0098725	1
GO:1904777	1
GO:0032029	2
GO:0009124	1
GO:0009133	1
GO:0046027	1
GO:1903302	1
GO:0034421	2
GO:0005818	2
GO:0035859	2
GO:0160148	3
GO:2000633	2
GO:0050655	3
GO:0043843	1
GO:0090669	4
GO:0160230	1
GO:0000493	2
GO:0051235	1
GO:0062054	1
GO:1903424	1
GO:1905165	2
GO:0009383	3
GO:1900864	1
GO:0099575	1
GO:0010968	2
GO:0005225	7
GO:0072527	2
GO:0002420	1
GO:0035281	1
GO:0141084	1
GO:0140936	4
GO:0005304	1
GO:0015188	2
GO:1903785	1
GO:1905533	2
GO:0000961	2
GO:1905638	2
GO:0002787	1
GO:0002809	1
GO:0005302	1
GO:0015192	2
GO:0015801	1
GO:0021501	1
GO:0021547	1
GO:0061632	1
GO:1905349	3
GO:0035438	1
GO:1990231	1
GO:0031646	1
GO:0034597	2
GO:0019075	2
GO:0016229	7
GO:0050129	1
GO:0031251	2
GO:0035523	4
GO:0044313	3
GO:0030719	6
GO:0016149	4
GO:0071031	2
GO:0016191	2
GO:1905443	2
GO:0015018	3
GO:1901571	2
GO:0070762	1
GO:0035658	4
GO:0060383	2
GO:1905840	2
GO:0061463	4
GO:0140291	3
GO:0140293	3
GO:0051418	1
GO:0019085	2
GO:0008068	2
GO:0140788	3
GO:0006213	1
GO:0016154	1
GO:1905303	2
GO:1905449	2
GO:1905450	1
GO:0046922	4
GO:0017087	1
GO:0044024	1
GO:1990559	1
GO:0016846	1
GO:0050613	2
GO:2001136	3
GO:0071528	1
GO:0090092	1
GO:0019799	1
GO:0071929	1
GO:0043189	1
GO:0018027	4
GO:0140945	8
GO:0008029	1
GO:0008983	1
GO:0051998	1
GO:0097023	1
GO:1990755	1
GO:0000768	5
GO:0035695	1
GO:0018025	1
GO:0030991	8
GO:0060631	2
GO:0060722	1
GO:0160102	1
GO:0019918	1
GO:0004493	1
GO:0046491	1
GO:0120219	3
GO:0004068	2
GO:0004782	2
GO:0044303	1
GO:0046963	2
GO:0046964	2
GO:1902558	2
GO:1902559	2
GO:0010933	1
GO:0043244	1
GO:1903093	1
GO:0098827	1
GO:0051433	1
GO:1900063	3
GO:0033889	1
GO:0033227	2
GO:0031283	1
GO:0060027	1
GO:0071908	1
GO:0071909	1
GO:0051731	2
GO:0051736	2
GO:0150092	1
GO:0008747	1
GO:0015439	1
GO:0000495	2
GO:1990431	2
GO:1990432	2
GO:0045901	3
GO:0090070	1
GO:0140950	6
GO:0061828	2
GO:0061832	3
GO:1904171	1
GO:1905835	2
GO:1905837	1
GO:0061140	2
GO:1901249	2
GO:1901250	2
GO:0042426	2
GO:0047865	1
GO:0070407	1
GO:0180020	1
GO:1990627	1
GO:0016509	2
GO:0019782	1
GO:1904565	1
GO:0004483	2
GO:0021899	1
GO:0047389	2
GO:0003844	1
GO:0060590	1
GO:0002926	3
GO:0008607	3
GO:0106261	1
GO:0106289	1
GO:0051047	2
GO:0120515	1
GO:0016598	1
GO:0006393	3
GO:0047238	8
GO:0050510	4
GO:0019778	1
GO:0019779	1
GO:0003974	1
GO:0003978	1
GO:0061815	1
GO:1990108	4
GO:2000493	1
GO:0007291	2
GO:0033065	2
GO:0004013	3
GO:0033353	4
GO:0060818	2
GO:0106423	3
GO:0036032	1
GO:0120228	3
GO:0018342	1
GO:0033383	1
GO:0045339	1
GO:0106405	3
GO:1902247	1
GO:0160082	4
GO:0004594	4
GO:0008444	1
GO:0002946	1
GO:0033566	3
GO:0008297	1
GO:0003336	2
GO:0032379	1
GO:0097234	1
GO:0050277	1
GO:0019200	1
GO:0035038	2
GO:0035039	1
GO:0044774	1
GO:2001251	1
GO:0002336	1
GO:1902623	1
GO:2000509	1
GO:0089715	1
GO:0000246	1
GO:0050614	1
GO:0017196	1
GO:0031399	2
GO:0060262	1
GO:0015203	4
GO:0015417	1
GO:0015662	5
GO:0140358	5
GO:1902047	4
GO:1903710	1
GO:0032545	2
GO:0034456	2
GO:0002014	1
GO:0036500	1
GO:1990168	9
GO:1905199	2
GO:0019783	4
GO:0062069	1
GO:2000632	3
GO:0035517	4
GO:1902412	2
GO:0000820	1
GO:0061690	1
GO:0106419	1
GO:0106420	1
GO:1903217	1
GO:0030692	2
GO:1904571	1
GO:2000003	2
GO:0101006	1
GO:0072529	1
GO:0017168	1
GO:0042350	1
GO:0042354	1
GO:0047341	1
GO:0140034	3
GO:0032807	3
GO:1901625	1
GO:0019150	1
GO:0019321	2
GO:0010428	1
GO:0070130	1
GO:2000864	1
GO:2001178	1
GO:0019185	3
GO:0055107	2
GO:0071561	1
GO:0035299	1
GO:0035863	1
GO:0097383	1
GO:0110152	2
GO:0120184	1
GO:0046316	1
GO:1904240	1
GO:1901031	3
GO:0043250	1
GO:0043251	1
GO:0061863	1
GO:0061736	1
GO:0010705	2
GO:0032875	1
GO:0047349	1
GO:0070567	1
GO:0120274	1
GO:0062154	1
GO:0031087	4
GO:0008783	1
GO:0033389	1
GO:0047971	1
GO:0047972	1
GO:0140117	3
GO:0010616	1
GO:0102571	1
GO:2000481	2
GO:0018969	1
GO:0036393	1
GO:0097575	2
GO:0090730	1
GO:0099153	1
GO:0019552	1
GO:0047988	1
GO:0006660	4
GO:0120560	1
GO:0008465	1
GO:0016618	1
GO:0030267	1
GO:0120509	1
GO:1990269	5
GO:0006867	4
GO:0015182	4
GO:0015817	2
GO:0140830	2
GO:0140831	1
GO:0140832	1
GO:1903811	1
GO:2000487	1
GO:0048560	1
GO:1903251	6
GO:0045485	1
GO:0062076	1
GO:0004021	2
GO:0008460	1
GO:0052906	1
GO:0060930	1
GO:0070124	2
GO:0008273	5
GO:0036368	2
GO:0015164	1
GO:0032596	2
GO:0034126	1
GO:0060049	2
GO:1905326	1
GO:0005880	1
GO:0099187	1
GO:1903754	2
GO:1905396	1
GO:0016884	3
GO:0030956	3
GO:0050567	3
GO:0070681	3
GO:0051978	1
GO:0140329	1
GO:0140348	1
GO:0150175	1
GO:0150178	1
GO:0032542	2
GO:0035594	1
GO:0031592	1
GO:0061834	1
GO:0061835	1
GO:0070773	1
GO:0090296	1
GO:0106347	1
GO:0098875	1
GO:0051415	1
GO:0140684	5
GO:0010948	2
GO:0030264	1
GO:0038054	1
GO:2000724	1
GO:2000254	2
GO:1905045	1
GO:0071424	1
GO:0050146	1
GO:0042339	1
GO:0033971	1
GO:1903721	1
GO:1905526	2
GO:0106157	1
GO:0031780	2
GO:0031783	2
GO:0120095	1
GO:0015024	1
GO:0021817	3
GO:0140444	4
GO:0120181	2
GO:2000645	1
GO:0002112	1
GO:0010186	1
GO:0120042	1
GO:1902213	1
GO:0071027	2
GO:0110064	2
GO:0140744	2
GO:0033764	2
GO:1902491	1
GO:0055017	2
GO:1900383	1
GO:0004134	1
GO:0004135	1
GO:0032034	1
GO:0140776	1
GO:1990697	1
GO:1990699	1
GO:0019319	1
GO:0050290	1
GO:0140942	2
GO:0008817	1
GO:0141054	1
GO:1904677	1
GO:2000103	1
GO:0010256	6
GO:0110070	1
GO:1902410	2
GO:0072376	1
GO:0007402	1
GO:0008052	1
GO:1903259	1
GO:1905762	4
GO:0000323	1
GO:0007284	6
GO:1903442	2
GO:0051307	2
GO:0160150	1
GO:2000380	1
GO:0001536	2
GO:0030662	1
GO:0160246	1
GO:0140454	2
GO:0141101	1
GO:0030729	1
GO:0031955	1
GO:0051640	1
GO:0003952	1
GO:0008795	1
GO:0004149	1
GO:0003865	2
GO:1904825	2
GO:0035608	2
GO:0070054	1
GO:1990626	1
GO:0140343	2
GO:0031078	1
GO:0006653	1
GO:0016416	1
GO:0047173	1
GO:0045875	2
GO:0009107	1
GO:0016992	1
GO:0090364	1
GO:1904855	2
GO:0071901	1
GO:0060330	1
GO:0140802	1
GO:1903900	3
GO:0031923	3
GO:0042144	2
GO:0035872	1
GO:2000374	1
GO:0036179	1
GO:0045728	3
GO:2000321	5
GO:1900245	4
GO:0070553	1
GO:0070349	1
GO:1903766	3
GO:0001962	2
GO:0004380	1
GO:0004381	1
GO:0001604	2
GO:0016402	1
GO:0048687	1
GO:0062104	1
GO:1900020	1
GO:0061944	2
GO:0006668	1
GO:0070780	2
GO:0043999	1
GO:0106226	2
GO:0140064	2
GO:0140065	2
GO:1902350	1
GO:1905300	1
GO:0034693	1
GO:0060101	2
GO:1900143	2
GO:0150116	1
GO:0051429	2
GO:0046635	1
GO:1902107	1
GO:0032499	1
GO:0034151	1
GO:0045960	1
GO:0050866	2
GO:0070392	1
GO:0071640	1
GO:0110089	1
GO:1903082	1
GO:1905805	1
GO:1905808	1
GO:2000350	1
GO:0043812	4
GO:0060964	7
GO:1901724	1
GO:0006311	3
GO:0043063	2
GO:0047006	3
GO:0000292	1
GO:0008419	1
GO:0001582	2
GO:0033041	2
GO:1903767	2
GO:1903783	2
GO:1905342	2
GO:0090138	1
GO:0002561	1
GO:0035838	1
GO:0002728	1
GO:0002276	2
GO:0003877	1
GO:0004824	1
GO:0006430	1
GO:0032663	3
GO:0047464	1
GO:0050379	1
GO:0006254	1
GO:0046052	1
GO:0062125	1
GO:0015038	1
GO:0060989	1
GO:1903568	1
GO:0033791	1
GO:0043956	1
GO:0061300	1
GO:0032071	1
GO:0042595	2
GO:0051658	1
GO:0106230	2
GO:0106231	2
GO:0140937	1
GO:0141050	1
GO:0160011	1
GO:0160012	1
GO:1902424	1
GO:1904639	1
GO:2000614	1
GO:2000655	1
GO:0003205	1
GO:0003408	1
GO:0090537	4
GO:0016590	2
GO:0031010	2
GO:0031213	2
GO:0090536	2
GO:0140751	2
GO:0035787	1
GO:0097381	3
GO:0072721	1
GO:0000256	1
GO:0004037	1
GO:0032089	1
GO:0001766	1
GO:0046633	1
GO:0097682	3
GO:0047444	1
GO:0009608	2
GO:0097476	1
GO:0043506	1
GO:0061646	2
GO:0015137	3
GO:0015746	3
GO:0018880	2
GO:0019585	1
GO:0046559	1
GO:0045957	2
GO:0120045	4
GO:0010348	1
GO:0010351	1
GO:0016507	3
GO:0000353	786
GO:0004819	2
GO:0006425	2
GO:0004502	1
GO:0097052	1
GO:0051990	1
GO:1901275	1
GO:0002410	1
GO:0016232	1
GO:0044827	1
GO:0021989	1
GO:0002940	2
GO:0160248	1
GO:1903061	2
GO:1905143	1
GO:0002101	2
GO:0051391	1
GO:0051392	1
GO:0106162	1
GO:1904812	1
GO:1990883	1
GO:0031380	1
GO:0047166	1
GO:0047192	3
GO:0031502	2
GO:0120168	1
GO:0006214	1
GO:0017113	1
GO:0019483	2
GO:0090178	1
GO:0004142	2
GO:0047359	1
GO:1905280	1
GO:0140682	2
GO:0160217	3
GO:0032799	1
GO:0032802	1
GO:0032803	2
GO:0060232	1
GO:0060234	1
GO:0047934	1
GO:0047935	1
GO:0047936	1
GO:2000064	2
GO:0140290	1
GO:0140292	1
GO:0120211	2
GO:0090729	1
GO:0033023	1
GO:0089708	1
GO:0006564	4
GO:0036424	1
GO:0003989	2
GO:0032378	1
GO:0090459	1
GO:2001295	3
GO:0140235	1
GO:0102521	1
GO:1904027	2
GO:1990971	2
GO:0018094	3
GO:0070735	3
GO:0070736	2
GO:0097363	3
GO:0010496	1
GO:0071718	1
GO:0140420	1
GO:0070586	1
GO:0034596	1
GO:0047016	1
GO:0043228	1
GO:0070255	1
GO:0140739	1
GO:0120161	3
GO:0055028	1
GO:0055048	1
GO:1902365	1
GO:1902846	1
GO:1905720	1
GO:1990838	1
GO:0102209	2
GO:0008612	1
GO:0019135	1
GO:0009895	1
GO:0150106	1
GO:0009301	3
GO:0004823	2
GO:0006429	2
GO:0032483	7
GO:0004856	1
GO:0060121	1
GO:0090416	2
GO:2001142	2
GO:0052918	1
GO:0052926	1
GO:0071888	1
GO:1990502	2
GO:1902855	2
GO:0005309	1
GO:0098699	1
GO:0180000	1
GO:1990889	1
GO:0003837	1
GO:0033396	1
GO:0046135	1
GO:0034593	2
GO:0002334	1
GO:0002447	1
GO:0110012	3
GO:0000973	3
GO:1902075	1
GO:0004733	1
GO:0008615	1
GO:0016638	1
GO:0042818	2
GO:0042823	1
GO:0140490	2
GO:0061829	1
GO:0098844	2
GO:0141089	2
GO:1902659	1
GO:1904980	1
GO:1905355	1
GO:0031073	1
GO:0047748	1
GO:0003878	1
GO:0071616	1
GO:0019626	2
GO:0030339	1
GO:0004375	1
GO:0036255	1
GO:0070280	2
GO:0070005	2
GO:0046293	1
GO:0000348	49
GO:0005693	4
GO:0045131	49
GO:0002574	1
GO:0043363	1
GO:2000827	2
GO:0005368	1
GO:0015849	1
GO:0071920	2
GO:0004491	1
GO:0018478	1
GO:0019484	1
GO:0019859	1
GO:0009066	1
GO:1903621	1
GO:0017005	1
GO:0015876	1
GO:0010308	1
GO:0010309	1
GO:0060589	1
GO:0070481	1
GO:0070651	1
GO:0004822	2
GO:0006428	2
GO:0031651	1
GO:1903317	1
GO:0006709	1
GO:0002347	2
GO:0002364	2
GO:0051099	1
GO:0042357	1
GO:0050333	1
GO:0010849	1
GO:1902686	2
GO:0097045	1
GO:0047322	2
GO:0062028	2
GO:0140823	2
GO:0031254	1
GO:0061159	2
GO:0061865	1
GO:1905070	1
GO:2000691	1
GO:0015098	1
GO:0015689	1
GO:2000142	1
GO:0002127	1
GO:0140035	1
GO:0102758	2
GO:0004632	1
GO:0036186	3
GO:0043175	2
GO:2000805	2
GO:0047407	1
GO:0004471	1
GO:0047962	2
GO:1901787	2
GO:0036321	2
GO:0035499	1
GO:0047730	1
GO:0102102	1
GO:0004648	1
GO:0000215	1
GO:0002263	1
GO:1903420	1
GO:0004827	2
GO:0006433	2
GO:0140212	1
GO:0004687	4
GO:0014820	1
GO:0017096	1
GO:0003977	2
GO:0052630	1
GO:0070569	5
GO:0141090	1
GO:0016155	2
GO:0009593	1
GO:0000334	1
GO:0018395	1
GO:0033746	1
GO:0033749	1
GO:0070815	1
GO:0140955	5
GO:0004123	1
GO:0018272	1
GO:0044524	1
GO:0044540	1
GO:0047982	1
GO:0080146	1
GO:0098606	1
GO:0030272	2
GO:0030144	2
GO:0044784	1
GO:1990949	1
GO:1902866	1
GO:0001641	2
GO:0099546	1
GO:0061845	1
GO:0061846	1
GO:0047256	1
GO:0070975	1
GO:0003937	1
GO:0004643	1
GO:0017122	1
GO:0004329	2
GO:0009257	2
GO:0048270	1
GO:0072590	2
GO:0072591	1
GO:0045655	1
GO:0098582	3
GO:1900424	2
GO:1901256	1
GO:0062237	1
GO:0042851	1
GO:0036098	1
GO:0048264	1
GO:0034506	1
GO:0072356	1
GO:0033301	1
GO:0010965	1
GO:0031990	1
GO:0043578	1
GO:1901003	1
GO:0098953	1
GO:0140850	1
GO:0015149	2
GO:0015761	1
GO:0140929	1
GO:0140930	1
GO:0071497	1
GO:0032903	1
GO:0048572	1
GO:1904407	2
GO:0052652	1
GO:0036309	1
GO:0036371	1
GO:0086066	1
GO:0086070	1
GO:0031691	2
GO:0031692	2
GO:0031896	1
GO:0019607	1
GO:0004074	2
GO:0106276	1
GO:0106277	1
GO:0004610	1
GO:0004462	1
GO:0080164	2
GO:0070009	1
GO:0004056	1
GO:0051648	2
GO:0004170	1
GO:0006226	2
GO:0009177	1
GO:0009221	1
GO:0046081	1
GO:0004476	1
GO:0061611	1
GO:0061619	1
GO:0036166	1
GO:0140759	1
GO:0002300	1
GO:0004567	1
GO:0003839	1
GO:0019119	1
GO:0004616	1
GO:0019521	1
GO:0036483	1
GO:0120043	3
GO:0033744	1
GO:0036456	1
GO:0022852	2
GO:0097688	1
GO:0045107	1
GO:0030354	1
GO:0031777	1
GO:1903697	1
GO:1904442	1
GO:0003108	1
GO:0010661	1
GO:0031850	1
GO:0008057	1
GO:0004155	1
GO:0016453	1
GO:0072229	1
GO:1902860	1
GO:0021618	1
GO:0050685	1
GO:1990272	1
GO:1904327	1
GO:0004043	1
GO:0008802	1
GO:0019285	2
GO:1905750	1
GO:0007194	2
GO:0034388	5
GO:0045251	2
GO:0100001	1
GO:0099608	1
GO:0106056	1
GO:1905060	2
GO:0015368	1
GO:0120111	1
GO:0004077	1
GO:0051308	1
GO:0001594	21
GO:0008227	15
GO:0034353	1
GO:0090304	1
GO:0031543	3
GO:0031545	3
GO:1905290	1
GO:0018401	1
GO:0018126	3
GO:0008775	2
GO:0010124	3
GO:0097213	1
GO:0021757	1
GO:0021758	1
GO:0001918	1
GO:0015390	1
GO:0015864	1
GO:0008507	1
GO:1904200	2
GO:1904401	2
GO:0090601	1
GO:0016891	5
GO:0005343	3
GO:0006835	1
GO:0015362	1
GO:0015744	2
GO:0046942	3
GO:0072349	1
GO:0000707	1
GO:0042816	1
GO:0060470	1
GO:0047888	1
GO:0141118	1
GO:0001571	1
GO:0072319	1
GO:0071254	1
GO:0036153	1
GO:0036261	1
GO:0071164	1
GO:0018858	2
GO:0102391	3
GO:0032658	1
GO:0032738	1
GO:0035665	1
GO:0047220	1
GO:1903775	1
GO:0002853	1
GO:0001695	1
GO:0046539	1
GO:0010610	1
GO:0022013	1
GO:0031207	1
GO:0031449	2
GO:0030380	1
GO:0140004	1
GO:0140109	1
GO:1990030	3
GO:0034346	1
GO:0032683	1
GO:1902729	1
GO:0008336	1
GO:0010879	1
GO:0072001	1
GO:0043480	1
GO:0160177	2
GO:0010437	1
GO:0016116	1
GO:0016119	1
GO:0016122	1
GO:0016124	1
GO:0062172	1
GO:0102076	1
GO:1901176	1
GO:1901826	1
GO:0086038	1
GO:1901623	1
GO:0140569	1
GO:0030251	1
GO:0097323	3
GO:0047609	1
GO:0062139	1
GO:0004778	2
GO:0043649	2
GO:0047603	1
GO:0047994	1
GO:0010446	1
GO:0050961	1
GO:0160126	1
GO:0032788	3
GO:0032789	3
GO:0002519	1
GO:0002652	1
GO:0002838	1
GO:0032712	1
GO:0071656	1
GO:0015383	2
GO:0015499	1
GO:0015724	1
GO:0015797	1
GO:0019417	3
GO:0120501	3
GO:1990026	2
GO:0017117	1
GO:0010660	1
GO:0061980	1
GO:0047369	1
GO:0004163	1
GO:0008480	1
GO:1901053	1
GO:0048789	1
GO:0090125	1
GO:0097115	1
GO:1905520	1
GO:1904570	3
GO:0032231	1
GO:1905000	1
GO:1905031	1
GO:0120234	1
GO:1903709	1
GO:0031085	2
GO:0042827	1
GO:0050353	1
GO:0140895	1
GO:0097603	1
GO:1901594	1
GO:0000386	1
GO:1903904	1
GO:1905872	1
GO:2001107	1
GO:0031249	2
GO:0035755	1
GO:0045905	3
GO:0106156	1
GO:0051245	1
GO:1901148	3
GO:0160054	1
GO:1990718	2
GO:0010752	1
GO:0038018	2
GO:0030273	1
GO:0042669	1
GO:0004377	1
GO:0001117	1
GO:0033678	1
GO:0001616	1
GO:0043134	1
GO:0004578	1
GO:0031151	1
GO:0140956	1
GO:0052925	1
GO:1903394	1
GO:1904983	1
GO:1905537	1
GO:0047568	1
GO:0043177	1
GO:1990074	3
GO:0160069	2
GO:0043849	1
GO:0035429	1
GO:1900248	2
GO:0032254	1
GO:0036313	2
GO:0005731	1
GO:1901836	1
GO:0042313	1
GO:0141000	1
GO:0007624	2
GO:1990080	1
GO:1905793	1
GO:0160166	1
GO:0032329	1
GO:0032973	2
GO:0089709	3
GO:0140893	1
GO:1903713	1
GO:0004803	1
GO:0032196	1
GO:0098038	1
GO:0141125	1
GO:0016723	1
GO:0030586	1
GO:0043634	2
GO:0070568	2
GO:0071579	1
GO:0071720	1
GO:0019511	1
GO:0002932	1
GO:0036077	1
GO:0043383	1
GO:0016682	1
GO:1900542	1
GO:0047159	2
GO:0047191	1
GO:2001246	1
GO:0001717	1
GO:0098621	1
GO:0141131	1
GO:1990983	1
GO:0005775	1
GO:0160121	1
GO:0038129	1
GO:0008482	1
GO:0047800	1
GO:0055106	5
GO:0150023	1
GO:1905381	1
GO:0046203	2
GO:0046592	2
GO:0052903	1
GO:1901307	1
GO:0160104	1
GO:0009585	1
GO:0060342	1
GO:0003842	1
GO:0004825	2
GO:0006431	2
GO:0141100	1
GO:0120221	1
GO:0120337	1
GO:0047757	2
GO:0043604	1
GO:0047402	1
GO:0005217	1
GO:0099095	2
GO:0102390	1
GO:0015296	1
GO:0055071	2
GO:0002765	2
GO:0042015	3
GO:0160165	1
GO:0002590	1
GO:0019172	1
GO:0010844	1
GO:0061982	1
GO:0045125	3
GO:0044716	1
GO:0044717	1
GO:0046057	1
GO:0046067	1
GO:0047186	1
GO:0002552	2
GO:0051589	1
GO:0099123	1
GO:0031960	1
GO:0141167	1
GO:0090624	2
GO:0006195	2
GO:0009217	1
GO:0001560	3
GO:0070514	1
GO:1900239	1
GO:1904752	1
GO:0070622	1
GO:0045967	1
GO:0009013	1
GO:0009448	3
GO:0009450	2
GO:0043915	1
GO:0090389	1
GO:0048855	1
GO:0051032	1
GO:0051033	3
GO:0033500	2
GO:0061501	1
GO:0051985	1
GO:0070002	1
GO:0015191	1
GO:0070041	1
GO:0044198	1
GO:0005297	2
GO:0015411	1
GO:0070646	1
GO:1901264	1
GO:1990081	1
GO:0002727	1
GO:0015292	2
GO:0044284	2
GO:1904120	1
GO:0021687	1
GO:0110026	1
GO:0008478	1
GO:0008614	1
GO:0009443	1
GO:0042817	1
GO:0003984	1
GO:0005948	1
GO:0009097	1
GO:0034245	1
GO:0120330	1
GO:0071348	1
GO:1905451	1
GO:0006846	1
GO:0015552	1
GO:0015727	1
GO:0015730	1
GO:0015913	1
GO:0140161	3
GO:0051631	1
GO:0097711	1
GO:0120205	1
GO:1990477	1
GO:0120053	1
GO:0140032	1
GO:0003983	1
GO:0015980	1
GO:0019255	1
GO:0032557	1
GO:0051748	1
GO:0016476	2
GO:0034718	1
GO:0061931	1
GO:1902838	1
GO:0009595	2
GO:1901723	1
GO:0000140	1
GO:0032203	1
GO:0090671	1
GO:1904867	1
GO:0007630	1
GO:0072578	3
GO:1904034	1
GO:0031826	1
GO:0031859	1
GO:2000475	1
GO:2000476	1
GO:0046624	2
GO:0048073	1
GO:0032013	1
GO:0030158	2
GO:1904372	1
GO:1904386	1
GO:1990780	1
GO:0036409	2
GO:0043994	1
GO:0044016	1
GO:0072710	1
GO:0072716	1
GO:0072720	1
GO:0072739	1
GO:0042749	1
GO:2000489	1
GO:0032096	1
GO:0004042	1
GO:0071819	2
GO:0034125	2
GO:1902567	1
GO:2000417	1
GO:0033925	1
GO:0031445	1
GO:1990550	1
GO:0008455	1
GO:0047545	1
GO:0097629	2
GO:0106364	1
GO:0120538	1
GO:0070176	1
GO:1905810	1
GO:1902369	1
GO:0047820	1
GO:0060755	1
GO:0047325	1
GO:0052725	1
GO:0052726	1
GO:0052835	1
GO:1902501	2
GO:0008446	1
GO:1990875	1
GO:0046525	1
GO:0090032	1
GO:0097355	2
GO:0008812	1
GO:0035562	1
GO:0140083	1
GO:0051254	1
GO:0030954	1
GO:1905324	1
GO:2000807	1
GO:0042219	1
GO:0061929	1
GO:2000859	1
GO:0004516	1
GO:1905041	1
GO:0170064	1
GO:0031022	2
GO:0140063	1
GO:0000009	2
GO:0052917	1
GO:0070733	2
GO:0140563	2
GO:1990795	1
GO:0043007	2
GO:0070202	1
GO:0140754	1
GO:0015594	1
GO:0141112	2
GO:0071863	1
GO:1901187	1
GO:0160044	1
GO:0042748	1
GO:0048611	1
GO:0061857	2
GO:0046130	1
GO:0070143	1
GO:0141207	2
GO:0140135	4
GO:0141053	1
GO:0034181	1
GO:0102265	1
GO:0106414	1
GO:0014717	1
GO:0031883	1
GO:0002184	1
GO:0008079	1
GO:0045323	1
GO:1901184	1
GO:0003308	1
GO:0062050	1
GO:0030397	1
GO:1904177	1
GO:0071796	2
GO:0004371	1
GO:0034012	1
GO:0050354	1
GO:0140827	1
GO:2000287	1
GO:0003330	1
GO:0034066	2
GO:0120547	1
GO:0060682	1
GO:0000016	1
GO:0005990	1
GO:0140749	1
GO:1901733	1
GO:2000892	1
GO:0004815	2
GO:0006422	2
GO:0031144	2
GO:2000257	1
GO:0050560	1
GO:0070145	1
GO:0019964	1
GO:1903893	1
GO:0050337	1
GO:0140048	1
GO:0140983	1
GO:0140253	1
GO:0170003	1
GO:0047190	1
GO:0071618	1
GO:0018009	1
GO:0003860	1
GO:0070409	1
GO:0038182	2
GO:0038184	2
GO:2000193	1
GO:0000827	2
GO:0000829	2
GO:0033857	2
GO:0052723	2
GO:0071622	1
GO:0005228	2
GO:0070089	2
GO:0001575	1
GO:0047277	1
GO:0120539	1
GO:0070042	2
GO:0004168	1
GO:0031854	1
GO:1990876	1
GO:0032274	1
GO:0097426	1
GO:1903903	1
GO:1903906	1
GO:1903909	1
GO:0016438	1
GO:0008174	1
GO:0008609	1
GO:0062208	1
GO:1902277	1
GO:1904544	1
GO:0005457	1
GO:0036085	1
GO:0070463	1
GO:0071660	1
GO:0052901	1
GO:0046520	1
GO:0032971	1
GO:0030730	1
GO:0036115	1
GO:0016422	1
GO:0001409	2
GO:0072530	1
GO:0141013	1
GO:0160042	1
GO:1903790	2
GO:0047884	2
GO:0048698	1
GO:0060280	1
GO:0003921	1
GO:0003922	1
GO:1901367	1
GO:0015658	1
GO:1900243	1
GO:1905154	1
GO:1905444	1
GO:0004309	1
GO:0070285	1
GO:0038035	2
GO:0099606	1
GO:0099607	1
GO:0034345	1
GO:0001174	1
GO:0019083	1
GO:0010420	1
GO:0061542	1
GO:0120537	1
GO:0021647	1
GO:1990549	1
GO:0061609	1
GO:0060147	1
GO:1903569	1
GO:0140681	1
GO:1901668	1
GO:0070302	1
GO:1903463	1
GO:2000730	1
GO:0009128	1
GO:0061710	1
GO:0016499	2
GO:0031501	1
GO:0140914	1
GO:0140915	1
GO:0140917	1
GO:0042018	2
GO:0140865	2
GO:0010816	1
GO:0034959	1
GO:1903815	1
GO:0071765	1
GO:0030473	1
GO:0030860	1
GO:0016596	1
GO:0032093	3
GO:0051961	1
GO:0061314	1
GO:0070862	1
GO:0035611	1
GO:0033132	1
GO:0099162	1
GO:0071692	1
GO:0043041	1
GO:0004044	1
GO:0019780	1
GO:0044779	1
GO:0018117	1
GO:0044602	1
GO:0044603	1
GO:0004794	2
GO:0016073	1
GO:0040031	1
GO:1990276	1
GO:0018992	1
GO:0160234	1
GO:0051997	1
GO:0017089	1
GO:0004795	1
GO:0009071	1
GO:0046360	1
GO:0140943	1
GO:1900249	1
GO:0160129	1
GO:1904595	1
GO:0160078	1
GO:1904889	1
GO:0004139	1
GO:0046121	1
GO:0046386	1
GO:0051128	1
GO:0000025	1
GO:1901027	1
GO:0098985	2
GO:0106040	1
GO:0160131	1
GO:0016262	1
GO:0042602	1
GO:0052873	1
GO:0052874	1
GO:0002879	2
GO:0002144	1
GO:0031409	1
GO:1902349	1
GO:0031443	1
GO:0045029	1
GO:0005365	2
GO:0042791	1
GO:0000511	1
GO:0035801	1
GO:0048086	1
GO:1905457	1
GO:0003242	1
GO:0061170	1
GO:0140946	1
GO:0140952	1
GO:0016412	1
GO:0018190	1
GO:0018191	1
GO:0043543	1
GO:0051366	1
GO:0021858	1
GO:1904931	1
GO:0140082	1
GO:0032011	1
GO:0008955	1
GO:0046398	1
GO:0052856	2
GO:0044357	1
GO:0046637	1
GO:1905456	1
GO:0016316	2
GO:0017161	2
GO:0052828	2
GO:1902444	1
GO:0140901	1
GO:0140902	1
GO:0047619	1
GO:0061339	1
GO:0004838	1
GO:0009074	1
GO:0120550	1
GO:0070772	1
GO:0050201	1
GO:0140018	1
GO:0031270	1
GO:0032160	1
GO:0150050	1
GO:0061881	1
GO:0000248	1
GO:0050046	1
GO:0070704	1
GO:0061987	1
GO:0019202	1
GO:0047992	1
GO:0099069	1
GO:1904950	1
GO:0150115	1
GO:0071795	1
GO:0015136	1
GO:0015739	1
GO:0042874	1
GO:0042880	1
GO:0090249	1
GO:0098629	2
GO:0008887	1
GO:0045829	1
GO:0070310	2
GO:0032936	1
GO:0160196	1
GO:0160197	1
GO:0004617	1
GO:0006566	1
GO:0150013	1
GO:2000204	1
GO:0061900	1
GO:1901546	1
GO:0042017	1
GO:0047102	1
GO:0060116	1
GO:0071501	1
GO:0120135	1
GO:0004642	1
GO:0006842	1
GO:0035674	1
GO:1903825	3
GO:0099500	1
GO:0034128	1
GO:0050135	1
GO:0036345	1
GO:0052731	1
GO:0003353	1
GO:0031983	1
GO:0034359	1
GO:0021509	1
GO:1904064	1
GO:0036394	1
GO:0070073	1
GO:0021630	2
GO:0008705	1
GO:0097742	1
GO:0060007	1
GO:0015665	1
GO:1902203	1
GO:1902548	2
GO:2001113	1
GO:0070551	1
GO:0090625	1
GO:1900370	1
GO:0001576	1
GO:0050512	1
GO:0005366	1
GO:0002824	1
GO:0070428	1
GO:0120277	1
GO:0007146	1
GO:0042140	1
GO:0035741	1
GO:2000508	1
GO:0006480	1
GO:1901621	1
GO:1904054	1
GO:0050185	1
GO:0160215	1
GO:0019866	1
GO:0160079	1
GO:0055111	1
GO:0051886	2
GO:0140128	1
GO:0141065	1
GO:0060386	2
GO:0008254	1
GO:0097657	1
GO:0035788	1
GO:0004569	1
GO:0046657	2
GO:0071713	1
GO:0050585	1
GO:1990005	1
GO:0032002	3
GO:0034342	3
GO:0043143	1
GO:0015517	1
GO:0035853	1
GO:0070290	1
GO:0005342	1
GO:0047385	1
GO:1901629	1
GO:0016153	1
GO:0097545	2
GO:0021793	1
GO:0050923	1
GO:0019519	1
GO:0036058	1
GO:0098723	1
GO:0072195	1
GO:0031877	1
GO:0050894	1
GO:1990595	1
GO:0010164	1
GO:1902271	1
GO:0002365	1
GO:0060623	2
GO:0031870	1
GO:0001581	2
GO:0033040	2
GO:0098928	1
GO:1905174	1
GO:0018103	1
GO:1902633	1
GO:0047196	2
GO:0032561	1
GO:0008448	1
GO:0106279	1
GO:0070881	1
GO:1900925	1
GO:0071976	1
GO:0120117	1
GO:0140375	1
GO:0019449	1
GO:0140231	1
GO:0035395	1
GO:1903487	1
GO:0045625	1
GO:0043461	1
GO:0042636	1
GO:0070203	2
GO:0090132	1
GO:0032761	1
GO:0006963	1
GO:0006965	1
GO:0032498	1
GO:0032500	1
GO:0016405	1
GO:0090409	1
GO:0090410	1
GO:0008881	1
GO:0001760	1
GO:0019748	1
GO:1904985	1
GO:0019740	1
GO:0030562	1
GO:0003905	1
GO:0046630	1
GO:1903452	1
GO:2000176	1
GO:0061598	1
GO:0061599	1
GO:0072579	1
GO:0036024	1
GO:0036025	1
GO:0036026	1
GO:0036027	1
GO:0036028	1
GO:0036029	1
GO:0036030	1
GO:0070684	2
GO:0097181	1
GO:0097182	1
GO:0097183	1
GO:1904649	1
GO:0060243	1
GO:0046680	1
GO:0032935	1
GO:0003885	1
GO:0016899	1
GO:0050105	1
GO:0016223	1
GO:0019481	1
GO:0047305	1
GO:2001299	1
GO:0032144	1
GO:0032145	1
GO:0034386	1
GO:0047298	1
GO:0140560	1
GO:0035592	2
GO:0038045	1
GO:0006798	1
GO:0060566	1
GO:0005415	2
GO:0035445	1
GO:0046713	1
GO:0046715	1
GO:0019510	1
GO:0030554	1
GO:0033528	1
GO:0000732	1
GO:0090657	1
GO:1904506	1
GO:1904535	1
GO:0072389	1
GO:1990730	2
GO:0021503	1
GO:0036213	1
GO:0017188	1
GO:1905702	1
GO:0046226	3
GO:0047856	1
GO:0042494	1
GO:0055113	1
GO:0080048	1
GO:0034398	1
GO:0004361	1
GO:0046949	1
GO:0031984	1
GO:0031544	1
GO:0009841	1
GO:0015942	1
GO:0046394	1
GO:0035677	1
GO:0061910	1
GO:0000831	1
GO:0071890	1
GO:0106135	1
GO:0047224	1
GO:0060097	1
GO:1903793	1
GO:2000651	1
GO:0034178	1
GO:0031773	1
GO:0071693	1
GO:0060404	1
GO:0070462	1
GO:0015055	1
GO:0140894	1
GO:1990439	1
GO:0035814	1
GO:0004452	3
GO:0009240	2
GO:0050992	3
GO:0036140	1
GO:1900116	1
GO:0004034	1
GO:0050479	1
GO:0007371	1
GO:0032879	1
GO:0072285	1
GO:2000826	1
GO:1902153	1
GO:1903301	1
GO:0003919	1
GO:0006747	1
GO:0047378	1
GO:0031549	1
GO:0046154	1
GO:1904736	1
GO:0034085	1
GO:0035563	1
GO:1990700	1
GO:1903564	1
GO:0097410	1
GO:0044549	1
GO:0060308	1
GO:0042281	1
GO:0046490	2
GO:0000388	1
GO:0070694	2
GO:1905056	1
GO:1904775	1
GO:0003226	1
GO:0047390	1
GO:0090104	1
GO:0035212	1
GO:1990244	1
GO:2000458	1
GO:0033567	1
GO:0000225	1
GO:0031259	1
GO:0038123	1
GO:0106105	1
GO:2000654	1
GO:0061953	1
GO:0160107	1
GO:0034203	1
GO:0061995	1
GO:0006475	1
GO:0032460	1
GO:0036268	1
GO:0061921	1
GO:0120301	1
GO:0140066	1
GO:0140067	1
GO:0140068	1
GO:0140069	1
GO:0140908	1
GO:0160263	1
GO:2000629	1
GO:0035272	1
GO:0009415	1
GO:1905899	1
GO:0070247	1
GO:0097722	1
GO:0070737	1
GO:0008523	1
GO:0015233	1
GO:0015498	1
GO:0015887	1
GO:0033842	2
GO:0032003	2
GO:0070336	1
GO:0016524	1
GO:0034038	1
GO:0106439	1
GO:0086041	1
GO:0004475	1
GO:1903580	1
GO:1905188	1
GO:0035945	1
GO:0035946	1
GO:0034482	1
GO:0102142	1
GO:0005458	1
GO:1990570	1
GO:0051641	1
GO:0016888	1
GO:0080132	1
GO:0120520	1
GO:0120521	1
GO:1904002	1
GO:1904697	1
GO:1901845	1
GO:1903780	1
GO:0004820	1
GO:0006426	1
GO:0070150	1
GO:0141192	1
GO:0007604	1
GO:0005692	5
GO:0002044	1
GO:0150017	1
GO:0031718	1
GO:0048137	2
GO:0003271	1
GO:1904811	1
GO:1905281	1
GO:0071744	1
GO:0090716	1
GO:0090720	1
GO:1990221	1
GO:0106073	1
GO:0098544	2
GO:0022401	1
GO:0098736	1
GO:1900082	1
GO:1903249	1
GO:0021685	1
GO:1903429	1
GO:0045623	1
GO:1900151	1
GO:0014906	1
GO:0097468	1
GO:0060658	1
GO:0000772	1
GO:0045911	1
GO:0160265	1
GO:0002579	1
GO:0160192	1
GO:0016519	1
GO:0120022	1
GO:0042283	1
GO:0150019	1
GO:0061172	1
GO:0009200	1
GO:0141107	1
GO:0034397	1
GO:0090220	1
GO:1905716	1
GO:1903231	3
GO:0071234	24
GO:0046660	15
GO:0022410	1
GO:0051552	1
GO:0061343	1
GO:0070856	1
GO:0050207	1
GO:0016256	1
GO:1990448	1
GO:0106341	1
GO:0106342	1
GO:0106155	1
GO:2000209	1
GO:1901207	1
GO:1905026	1
GO:0060118	1
GO:0051267	1
GO:0140500	1
GO:0045117	1
GO:0180015	1
GO:1901474	1
GO:0086069	1
GO:0097279	1
GO:0120238	1
GO:0036331	1
GO:0070898	1
GO:1905413	1
GO:0070378	2
GO:1904791	1
GO:0031861	1
GO:0017118	1
GO:0110030	1
GO:0010780	1
GO:1903343	1
GO:0051728	1
GO:0021956	1
GO:1901346	1
GO:0009256	1
GO:0061914	1
GO:0061978	1
GO:0034439	1
GO:1902811	1
GO:0120323	1
GO:0014844	1
GO:0036494	1
GO:1903912	1
GO:1902225	1
GO:0090133	1
GO:0060640	1
GO:0140541	1
GO:0061013	1
GO:0072382	1
GO:0060249	1
GO:0140888	1
GO:0097540	1
GO:0032826	1
GO:0002469	1
GO:0002491	1
GO:0097632	1
GO:0002078	1
GO:0000901	1
GO:0141180	1
GO:0160193	1
